date,code,action,price
2006-02-06,000933,BUY,1.66
2006-02-06,600428,BUY,2.49
2006-05-08,001696,BUY,0.62
2006-05-08,002022,BUY,2.71
2006-05-08,000937,BUY,0.93
2006-05-08,000550,BUY,3.19
2006-05-08,002025,BUY,9.25
2006-05-08,000155,BUY,3.93
2006-05-08,600096,BUY,6.86
2006-05-08,000912,BUY,6.14
2006-06-01,000933,SELL_REBAL,
2006-06-01,600428,SELL_REBAL,2.55
2006-06-01,000155,SELL_REBAL,4.82
2006-06-01,600096,SELL_REBAL,7.63
2006-06-01,000912,SELL_REBAL,7.07
2006-06-01,002050,BUY,0.69
2006-06-01,600880,BUY,2.48
2006-06-01,600436,BUY,3.92
2006-06-01,600227,BUY,2.31
2006-06-01,600997,BUY,2.54
2006-07-03,000937,SELL_REBAL,0.99
2006-07-03,000550,SELL_REBAL,4.38
2006-07-03,002025,SELL_REBAL,8.65
2006-07-03,600997,SELL_REBAL,2.35
2006-07-03,002028,BUY,2.92
2006-07-03,002010,BUY,2.33
2006-07-03,600348,BUY,1.04
2006-07-03,002041,BUY,3.59
2006-08-01,600227,SELL_REBAL,2.19
2006-08-01,600276,BUY,0.92
2006-09-01,002050,SELL_REBAL,0.65
2006-09-01,002010,SELL_REBAL,2.03
2006-09-01,002028,SELL_REBAL,2.94
2006-09-01,001696,SELL_REBAL,1.06
2006-09-01,002041,SELL_REBAL,2.1
2006-09-01,002022,SELL_REBAL,2.75
2006-09-01,600436,SELL_REBAL,3.52
2006-09-01,600348,SELL_REBAL,0.85
2006-09-01,600880,SELL_REBAL,2.52
2006-09-01,600276,SELL_REBAL,0.92
2006-09-01,600497,BUY,2.01
2006-09-01,600809,BUY,4.18
2006-09-01,600362,BUY,7.63
2006-11-01,000088,BUY,3.42
2007-02-01,600809,SELL_REBAL,10.25
2007-02-01,600362,SELL_REBAL,10.15
2007-03-01,600809,BUY,8.91
2007-04-02,002109,BUY,4.58
2007-05-08,600497,SELL_REBAL,7.98
2007-05-08,600809,SELL_REBAL,8.87
2007-05-08,000088,SELL_REBAL,6.79
2007-05-08,002108,BUY,1.06
2007-05-08,002003,BUY,1.44
2007-05-08,002100,BUY,2.35
2007-05-08,002096,BUY,4.73
2007-05-08,002101,BUY,5.01
2007-05-08,002091,BUY,2.17
2007-05-08,002090,BUY,6.21
2007-05-08,600527,BUY,2.14
2007-05-08,600547,BUY,3.23
2007-06-01,002109,SELL_REBAL,4.76
2007-06-01,600527,SELL_REBAL,2.05
2007-06-01,600547,SELL_REBAL,2.98
2007-06-01,002065,BUY,1.15
2007-06-01,002115,BUY,3.19
2007-06-01,002099,BUY,3.02
2007-07-02,002100,SELL_REBAL,
2007-07-02,002096,SELL_REBAL,
2007-07-02,002107,BUY,2.94
2007-07-02,002117,BUY,2.48
2007-08-01,002065,SELL_REBAL,
2007-08-01,002090,SELL_REBAL,4.81
2007-08-01,002063,BUY,1.31
2007-08-01,002096,BUY,5.42
2007-09-03,600012,BUY_SKIP_LIMIT_UP,4.85
2007-09-03,002108,SELL_REBAL,1.13
2007-09-03,002107,SELL_REBAL,3.02
2007-09-03,002117,SELL_REBAL,2.89
2007-09-03,002101,SELL_REBAL,5.36
2007-09-03,002003,SELL_REBAL,2.03
2007-09-03,002115,SELL_REBAL,4.04
2007-09-03,002091,SELL_REBAL,2.2
2007-09-03,002099,SELL_REBAL,3.14
2007-09-03,002063,SELL_REBAL,1.2
2007-09-03,002096,SELL_REBAL,5.97
2007-09-03,600517,BUY,7.64
2007-09-03,600497,BUY,9.63
2007-09-03,600031,BUY,5.67
2007-09-03,600028,BUY,5.06
2007-10-08,002138,BUY,4.01
2007-10-08,600012,BUY,4.39
2007-11-01,600497,SELL_REBAL,10.99
2007-11-01,600028,SELL_REBAL,8.74
2007-11-01,600809,BUY,8.74
2007-11-01,001696,BUY,5.87
2007-12-03,002064,BUY,4.39
2007-12-03,600497,BUY,7.8
2007-12-03,600028,BUY,6.62
2008-01-02,001696,SELL_REBAL,7.15
2008-01-02,002064,SELL_REBAL,5.73
2008-02-01,600497,SELL_REBAL,
2008-02-01,001696,BUY,5.62
2008-04-01,002153,BUY,3.02
2008-04-01,002064,BUY,3.56
2008-04-01,002019,BUY,6.34
2008-05-05,002177,BUY_SKIP_LIMIT_UP,4.74
2008-05-05,600809,SELL_REBAL,5.29
2008-05-05,001696,SELL_REBAL,4.46
2008-05-05,600517,SELL_REBAL,7.82
2008-05-05,600012,SELL_REBAL,3.26
2008-05-05,600031,SELL_REBAL,4.38
2008-05-05,600028,SELL_REBAL,4.15
2008-05-05,002064,SELL_REBAL,3.31
2008-05-05,002019,SELL_REBAL,7.75
2008-05-05,002063,BUY,0.95
2008-05-05,002214,BUY,3.26
2008-05-05,600845,BUY,2.23
2008-05-05,002154,BUY,2.38
2008-05-05,002165,BUY,4.04
2008-05-05,600993,BUY,5.09
2008-05-05,002161,BUY,6.19
2008-06-02,002153,SELL_REBAL,3.92
2008-06-02,002214,SELL_REBAL,3.01
2008-06-02,002154,SELL_REBAL,2.39
2008-06-02,002165,SELL_REBAL,3.78
2008-06-02,600993,SELL_REBAL,5.1
2008-06-02,002161,SELL_REBAL,5.82
2008-06-02,002195,BUY,0.67
2008-06-02,002176,BUY,1.41
2008-06-02,002130,BUY,1.62
2008-06-02,002206,BUY,1.47
2008-06-02,002148,BUY,3.27
2008-06-02,002175,BUY,2.82
2008-06-02,002192,BUY,4.63
2008-07-01,600845,SELL_REBAL,1.6
2008-07-01,002223,BUY,1.97
2008-08-01,002192,SELL_REBAL,3.77
2008-08-01,002178,BUY,1.66
2008-09-01,002195,SELL_REBAL,0.49
2008-09-01,002176,SELL_REBAL,1.4
2008-09-01,002130,SELL_REBAL,0.78
2008-09-01,002206,SELL_REBAL,0.85
2008-09-01,002063,SELL_REBAL,0.68
2008-09-01,002148,SELL_REBAL,1.57
2008-09-01,002138,SELL_REBAL,1.5
2008-09-01,002175,SELL_REBAL,
2008-09-01,002178,SELL_REBAL,1.27
2008-09-01,002124,BUY,1.19
2008-09-01,002001,BUY,2.36
2008-09-01,600547,BUY,4.11
2008-09-01,600188,BUY,3.35
2008-09-01,600596,BUY,8.19
2008-09-01,000612,BUY,5.79
2008-09-01,600428,BUY,8.14
2008-09-01,000983,BUY,5.53
2008-09-01,600309,BUY,6.19
2008-10-06,600428,SELL_REBAL,6.48
2008-10-06,000983,SELL_REBAL,4.19
2008-10-06,000718,BUY,1.96
2008-10-06,600026,BUY,8.62
2008-11-03,002223,SELL_REBAL,1.25
2008-11-03,002124,SELL_REBAL,0.87
2008-11-03,002001,SELL_REBAL,1.79
2008-11-03,600547,SELL_REBAL,3.84
2008-11-03,600188,SELL_REBAL,2.0
2008-11-03,000612,SELL_REBAL,2.86
2008-11-03,600596,SELL_REBAL,6.1
2008-11-03,600309,SELL_REBAL,3.49
2008-11-03,000718,SELL_REBAL,1.7
2008-11-03,600026,SELL_REBAL,5.78
2009-09-01,002215,BUY,3.7
2009-09-01,002001,BUY,3.3
2009-09-01,600366,BUY,3.32
2009-09-01,600588,BUY,3.17
2009-09-01,600276,BUY,3.8
2009-09-01,600809,BUY,7.39
2009-11-02,002215,SELL_REBAL,4.4
2009-11-02,002001,SELL_REBAL,4.4
2009-11-02,600366,SELL_REBAL,4.15
2009-11-02,600588,SELL_REBAL,3.63
2009-11-02,600276,SELL_REBAL,4.27
2009-11-02,600809,SELL_REBAL,9.35
2010-05-04,300012,BUY,2.16
2010-05-04,300015,BUY,1.12
2010-05-04,300008,BUY,4.09
2010-05-04,300005,BUY,3.43
2010-05-04,300013,BUY,5.51
2010-05-04,300025,BUY,7.19
2010-05-04,300024,BUY,4.44
2010-05-04,300001,BUY,4.81
2010-05-04,300046,BUY,9.04
2010-05-04,300031,BUY,7.15
2010-06-01,300008,SELL_REBAL,3.87
2010-06-01,300005,SELL_REBAL,3.67
2010-06-01,300013,SELL_REBAL,4.81
2010-06-01,300025,SELL_REBAL,6.96
2010-06-01,300024,SELL_REBAL,4.27
2010-06-01,300001,SELL_REBAL,4.66
2010-06-01,300046,SELL_REBAL,8.18
2010-06-01,300031,SELL_REBAL,5.98
2010-06-01,300043,BUY,1.86
2010-06-01,300017,BUY,1.04
2010-06-01,300026,BUY,1.76
2010-06-01,300058,BUY,1.51
2010-06-01,300054,BUY,3.75
2010-06-01,300009,BUY,1.74
2010-06-01,300035,BUY,3.33
2010-06-01,300014,BUY,2.42
2010-07-01,300015,SELL_REBAL,1.18
2010-07-01,300035,SELL_REBAL,3.16
2010-07-01,300014,SELL_REBAL,2.12
2010-07-01,300071,BUY,2.6
2010-07-01,300045,BUY,4.0
2010-07-01,300006,BUY,3.0
2010-08-02,300045,SELL_REBAL,4.37
2010-08-02,300006,SELL_REBAL,3.36
2010-08-02,300059,BUY,0.69
2010-08-02,300066,BUY,2.32
2010-09-01,300043,SELL_REBAL,2.13
2010-09-01,300071,SELL_REBAL,2.99
2010-09-01,300026,SELL_REBAL,1.58
2010-09-01,300017,SELL_REBAL,1.25
2010-09-01,300058,SELL_REBAL,
2010-09-01,300012,SELL_REBAL,1.83
2010-09-01,300054,SELL_REBAL,4.52
2010-09-01,300009,SELL_REBAL,2.04
2010-09-01,300059,SELL_REBAL,0.61
2010-09-01,300066,SELL_REBAL,2.12
2010-09-01,002415,BUY,2.98
2010-09-01,002063,BUY,3.56
2010-09-01,000848,BUY,5.14
2010-10-08,300101,BUY,8.85
2010-11-01,000848,SELL_REBAL,5.68
2010-11-01,300101,SELL_REBAL,10.92
2010-11-01,002236,BUY,3.4
2010-11-01,002252,BUY,2.69
2010-11-01,002385,BUY,4.43
2010-11-01,002285,BUY,4.0
2010-11-01,002273,BUY,4.64
2010-11-01,002310,BUY,7.49
2010-11-01,002153,BUY,3.85
2010-11-01,002003,BUY,3.47
2010-12-01,002063,SELL_REBAL,4.23
2010-12-01,601101,BUY,9.46
2011-01-04,601101,SELL_REBAL,10.1
2011-01-04,002063,BUY,4.17
2011-04-01,002003,SELL_REBAL,2.99
2011-04-01,002063,SELL_REBAL,3.12
2011-04-01,300099,BUY,6.26
2011-04-01,300101,BUY,9.94
2011-05-03,002236,SELL_REBAL,3.47
2011-05-03,002252,SELL_REBAL,1.96
2011-05-03,002415,SELL_REBAL,3.05
2011-05-03,002385,SELL_REBAL,3.23
2011-05-03,002285,SELL_REBAL,3.27
2011-05-03,002273,SELL_REBAL,4.26
2011-05-03,002310,SELL_REBAL,5.8
2011-05-03,002153,SELL_REBAL,4.26
2011-05-03,300099,SELL_REBAL,5.63
2011-05-03,300101,SELL_REBAL,8.49
2011-08-01,002591,BUY,7.21
2011-08-01,002581,BUY,7.93
2011-08-01,601208,BUY,9.16
2011-09-01,002591,SELL_REBAL,6.5
2011-09-01,002581,SELL_REBAL,7.75
2011-09-01,600160,BUY,9.22
2011-11-01,601208,SELL_REBAL,7.88
2011-11-01,600160,SELL_REBAL,7.41
2011-11-01,300235,BUY,4.87
2011-11-01,002458,BUY,3.57
2011-11-01,002533,BUY,3.81
2011-11-01,002293,BUY,8.41
2011-11-01,002493,BUY,3.0
2011-11-01,002252,BUY,1.81
2011-11-01,002236,BUY,3.52
2011-11-01,002153,BUY,3.79
2011-11-01,002378,BUY,9.35
2011-11-01,002408,BUY,4.48
2012-01-04,002293,SELL_REBAL,
2012-01-04,000685,BUY,4.08
2012-02-01,000685,SELL_REBAL,4.29
2012-02-01,002293,BUY,6.87
2012-04-05,002408,SELL_REBAL,4.09
2012-04-05,002378,SELL_REBAL,10.8
2012-04-05,002653,BUY,5.51
2012-04-05,002614,BUY,4.82
2012-05-02,300235,SELL_REBAL,4.04
2012-05-02,002458,SELL_REBAL,3.86
2012-05-02,002493,SELL_REBAL,2.39
2012-05-02,002293,SELL_REBAL,6.73
2012-05-02,002533,SELL_REBAL,2.89
2012-05-02,002252,SELL_REBAL,1.83
2012-05-02,002153,SELL_REBAL,3.69
2012-05-02,002236,SELL_REBAL,4.11
2012-05-02,002653,SELL_REBAL,5.6
2012-05-02,002614,SELL_REBAL,4.25
2012-08-01,601388,BUY,2.58
2012-08-01,603366,BUY,6.28
2012-09-03,601388,SELL_REBAL,2.24
2012-09-03,603366,SELL_REBAL,6.4
2012-09-03,601515,BUY,2.82
2012-10-08,300326,BUY,3.77
2012-10-08,300333,BUY,7.01
2012-11-01,300326,SELL_REBAL,4.08
2012-11-01,300333,SELL_REBAL,5.8
2012-11-01,300346,BUY,4.26
2012-11-01,300298,BUY,8.5
2012-11-01,300026,BUY,3.08
2012-11-01,002653,BUY,9.13
2012-11-01,300058,BUY,4.12
2012-11-01,600403,BUY,7.0
2012-11-01,002252,BUY,1.88
2012-11-01,601633,BUY,4.9
2012-11-01,000848,BUY,3.69
2012-12-03,601633,SELL_REBAL,4.64
2012-12-03,000848,SELL_REBAL,2.98
2012-12-03,300288,BUY,8.81
2012-12-03,300295,BUY,9.54
2013-01-04,300288,SELL_REBAL,10.48
2013-01-04,300295,SELL_REBAL,15.5
2013-01-04,000848,BUY,3.52
2013-01-04,601633,BUY,5.7
2013-02-01,002653,SELL_REBAL,11.06
2013-02-01,002236,BUY,7.93
2013-04-01,300298,SELL_REBAL,10.54
2013-04-01,002252,SELL_REBAL,
2013-04-01,300058,SELL_REBAL,
2013-04-01,002236,SELL_REBAL,11.27
2013-04-01,300343,BUY,3.93
2013-04-01,002242,BUY,3.87
2013-04-01,600366,BUY,6.68
2013-04-01,002415,BUY,6.63
2013-05-02,300346,SELL_REBAL,4.47
2013-05-02,601515,SELL_REBAL,3.11
2013-05-02,300026,SELL_REBAL,4.27
2013-05-02,600403,SELL_REBAL,8.0
2013-05-02,601633,SELL_REBAL,8.84
2013-05-02,300343,SELL_REBAL,4.07
2013-05-02,002242,SELL_REBAL,4.12
2013-05-02,600366,SELL_REBAL,6.6
2013-05-02,002415,SELL_REBAL,6.21
2013-05-02,300293,BUY,8.83
2013-06-03,300293,SELL_REBAL,10.04
2013-06-03,300352,BUY,2.39
2013-06-03,300355,BUY,4.56
2013-06-03,002016,BUY,6.99
2013-07-01,300293,BUY,9.07
2013-08-01,300355,SELL_REBAL,
2013-08-01,300293,SELL_REBAL,14.85
2013-08-01,300353,BUY,5.2
2013-09-02,300352,SELL_REBAL,2.8
2013-09-02,300353,SELL_REBAL,6.06
2013-09-02,600816,BUY,2.36
2013-09-02,600067,BUY,6.63
2013-11-01,600067,SELL_REBAL,5.99
2013-11-01,601515,BUY,5.84
2013-11-01,300026,BUY,4.91
2013-11-01,600201,BUY,5.56
2013-11-01,300005,BUY,7.39
2013-11-01,002410,BUY,8.37
2013-11-01,300039,BUY,5.8
2013-11-01,600658,BUY,5.62
2013-12-02,300005,SELL_REBAL,6.76
2013-12-02,600252,BUY,3.72
2014-01-02,300026,SELL_REBAL,5.3
2014-01-02,002410,SELL_REBAL,10.0
2014-01-02,000690,BUY,3.61
2014-01-02,600067,BUY,5.36
2014-02-07,600816,SELL_REBAL,
2014-02-07,600067,SELL_REBAL,5.32
2014-02-07,601633,BUY,9.21
2014-02-07,002275,BUY,9.5
2014-03-03,000690,SELL_REBAL,3.6
2014-03-03,600816,BUY,1.92
2014-04-01,002016,SELL_REBAL,
2014-04-01,002275,SELL_REBAL,10.85
2014-04-01,300026,BUY,4.91
2014-04-01,000690,BUY,3.37
2014-05-05,601515,SELL_REBAL,5.93
2014-05-05,600201,SELL_REBAL,7.12
2014-05-05,601633,SELL_REBAL,8.56
2014-05-05,300039,SELL_REBAL,6.46
2014-05-05,600658,SELL_REBAL,5.69
2014-05-05,600252,SELL_REBAL,3.64
2014-05-05,300026,SELL_REBAL,5.55
2014-05-05,000690,SELL_REBAL,3.06
2014-07-01,600816,SELL_REBAL,1.94
2014-08-01,600816,BUY,2.43
2014-09-01,603288,BUY,8.66
2014-09-01,300017,BUY,7.51
2014-09-01,600201,BUY,7.69
2014-10-08,600201,SELL_REBAL,
2014-11-03,000848,SELL_REBAL,6.77
2014-11-03,300360,BUY,9.96
2014-11-03,000672,BUY,4.24
2014-11-03,002271,BUY,4.14
2014-11-03,002701,BUY,4.63
2014-11-03,002595,BUY,8.37
2014-11-03,002158,BUY,8.56
2014-11-03,600201,BUY,8.88
2014-12-01,300360,SELL_REBAL,10.26
2014-12-01,002508,BUY,8.55
2015-01-05,600201,SELL_REBAL,8.51
2015-01-05,002508,SELL_REBAL,9.13
2015-01-05,300357,BUY,9.71
2015-01-05,300360,BUY,9.16
2015-02-02,603288,SELL_REBAL,10.01
2015-02-02,300357,SELL_REBAL,11.14
2015-02-02,002508,BUY,9.82
2015-02-02,300039,BUY,6.81
2015-03-02,300360,SELL_REBAL,10.55
2015-03-02,300017,SELL_REBAL,11.5
2015-03-02,002508,SELL_REBAL,10.76
2015-03-02,000848,BUY,6.7
2015-03-02,600197,BUY,9.83
2015-03-02,600398,BUY,7.53
2015-04-01,000672,SELL_REBAL,5.72
2015-04-01,002595,SELL_REBAL,12.41
2015-04-01,600197,SELL_REBAL,11.44
2015-04-01,600658,BUY,9.8
2015-04-01,600252,BUY,5.73
2015-05-04,002271,SELL_REBAL,6.45
2015-05-04,600816,SELL_REBAL,4.92
2015-05-04,002701,SELL_REBAL,8.2
2015-05-04,002158,SELL_REBAL,11.13
2015-05-04,300039,SELL_REBAL,9.08
2015-05-04,600398,SELL_REBAL,8.7
2015-05-04,600658,SELL_REBAL,9.62
2015-05-04,600252,SELL_REBAL,
2015-06-01,000848,SELL_REBAL,10.17
2015-06-01,600452,BUY,3.46
2015-07-01,000848,BUY,8.52
2015-09-01,600816,BUY,5.16
2015-11-02,002749,BUY,7.8
2015-11-02,300432,BUY,7.24
2015-11-02,603369,BUY,9.91
2015-11-02,300015,BUY,3.52
2015-11-02,002701,BUY,9.13
2015-11-02,601515,BUY,6.99
2015-11-02,600398,BUY,8.72
2015-12-01,002749,SELL_REBAL,11.13
2015-12-01,603369,SELL_REBAL,12.0
2015-12-01,600352,BUY,9.6
2015-12-01,600674,BUY,7.69
2016-01-04,600452,SELL_REBAL,
2016-01-04,002749,BUY,9.39
2016-02-01,600352,SELL_REBAL,5.75
2016-02-01,600674,SELL_REBAL,5.61
2016-02-01,603369,BUY,8.42
2016-02-01,002595,BUY,9.98
2016-03-01,300432,SELL_REBAL,
2016-03-01,002595,SELL_REBAL,10.28
2016-03-01,300357,BUY,9.14
2016-03-01,000895,BUY,9.72
2016-04-01,603369,SELL_REBAL,11.34
2016-04-01,300357,SELL_REBAL,10.46
2016-04-01,000895,SELL_REBAL,11.48
2016-04-01,600452,BUY,3.54
2016-04-01,600352,BUY,7.89
2016-04-01,600674,BUY,6.17
2016-05-03,002749,SELL_REBAL,7.75
2016-05-03,300015,SELL_REBAL,3.58
2016-05-03,000848,SELL_REBAL,6.58
2016-05-03,002701,SELL_REBAL,7.8
2016-05-03,600816,SELL_REBAL,5.86
2016-05-03,601515,SELL_REBAL,5.94
2016-05-03,600398,SELL_REBAL,6.01
2016-05-03,600452,SELL_REBAL,4.09
2016-05-03,600352,SELL_REBAL,7.09
2016-05-03,600674,SELL_REBAL,6.15
2016-06-01,300432,BUY_SKIP_LIMIT_UP,5.52
2016-09-01,002124,BUY,5.09
2016-09-01,002714,BUY,5.3
2016-09-01,002027,BUY,6.37
2016-09-01,000848,BUY,7.08
2016-09-01,600816,BUY,7.08
2016-11-01,300432,BUY,7.26
2016-11-01,300015,BUY,3.79
2016-11-01,002372,BUY,5.67
2016-11-01,600398,BUY,6.39
2016-11-01,600688,BUY,4.65
2016-12-01,600688,SELL_REBAL,4.89
2016-12-01,002709,BUY,8.6
2017-01-03,002027,SELL_REBAL,5.91
2017-01-03,600816,SELL_REBAL,8.47
2017-01-03,002108,BUY,7.73
2017-01-03,600366,BUY,9.94
2017-02-03,000848,SELL_REBAL,7.17
2017-02-03,600398,SELL_REBAL,6.04
2017-02-03,603866,BUY,9.99
2017-02-03,300357,BUY,9.94
2017-03-01,603866,SELL_REBAL,10.05
2017-03-01,300357,SELL_REBAL,10.17
2017-03-01,000848,BUY,7.27
2017-03-01,600398,BUY,5.98
2017-04-05,300432,SELL_REBAL,7.26
2017-04-05,002108,SELL_REBAL,9.81
2017-04-05,002027,BUY,5.05
2017-04-05,600816,BUY,9.17
2017-05-02,002709,SELL_REBAL,6.97
2017-05-02,002124,SELL_REBAL,4.22
2017-05-02,300015,SELL_REBAL,3.61
2017-05-02,002714,SELL_REBAL,5.63
2017-05-02,002372,SELL_REBAL,7.45
2017-05-02,600366,SELL_REBAL,8.44
2017-05-02,000848,SELL_REBAL,6.66
2017-05-02,600398,SELL_REBAL,6.03
2017-05-02,002027,SELL_REBAL,5.47
2017-05-02,600816,SELL_REBAL,9.04
2017-08-01,000036,BUY,7.01
2017-09-01,002027,BUY,5.72
2017-11-01,002027,SELL_REBAL,7.16
2017-11-01,002749,BUY,7.9
2017-11-01,300595,BUY,8.16
2017-11-01,603866,BUY,9.98
2017-11-01,002867,BUY,9.43
2017-11-01,603568,BUY,7.18
2017-11-01,002648,BUY,4.72
2017-11-01,300015,BUY,4.67
2017-11-01,002714,BUY,9.64
2017-11-01,600507,BUY,4.8
2017-12-01,600507,SELL_REBAL,6.21
2017-12-01,300640,BUY,9.34
2018-01-02,002714,SELL_REBAL,10.93
2018-01-02,000848,BUY,6.22
2018-02-01,000036,SELL_REBAL,6.12
2018-02-01,600161,BUY,9.81
2018-03-01,300640,SELL_REBAL,
2018-03-01,300015,SELL_REBAL,6.26
2018-03-01,000036,BUY,5.18
2018-03-01,002108,BUY,6.49
2018-04-02,603866,SELL_REBAL,11.53
2018-04-02,002867,SELL_REBAL,10.68
2018-04-02,600161,SELL_REBAL,10.4
2018-04-02,300640,BUY,8.12
2018-04-02,002714,BUY,9.75
2018-04-02,600641,BUY,9.94
2018-05-02,002749,SELL_REBAL,7.31
2018-05-02,300595,SELL_REBAL,9.62
2018-05-02,603568,SELL_REBAL,7.95
2018-05-02,002648,SELL_REBAL,3.88
2018-05-02,000036,SELL_REBAL,4.14
2018-05-02,000848,SELL_REBAL,6.7
2018-05-02,002108,SELL_REBAL,4.74
2018-05-02,300640,SELL_REBAL,8.13
2018-05-02,002714,SELL_REBAL,9.83
2018-05-02,600641,SELL_REBAL,
2018-05-02,002709,BUY,6.98
2018-06-01,300251,BUY,9.71
2018-07-02,002709,SELL_REBAL,6.57
2018-08-01,002709,BUY,5.25
2018-09-03,002749,BUY,7.52
2018-09-03,300121,BUY,8.93
2018-09-03,002110,BUY,8.9
2018-09-03,600507,BUY,4.62
2018-10-08,600516,BUY,9.41
2018-11-01,300121,SELL_REBAL,7.99
2018-11-01,002110,SELL_REBAL,7.87
2018-11-01,600507,SELL_REBAL,4.72
2018-11-01,300251,SELL_REBAL,6.71
2018-11-01,600516,SELL_REBAL,8.72
2018-11-01,603871,BUY,2.75
2018-11-01,603701,BUY,6.23
2018-11-01,002833,BUY,8.87
2018-11-01,603027,BUY,3.73
2018-11-01,603638,BUY,7.75
2018-11-01,300595,BUY,9.85
2018-11-01,603357,BUY,8.58
2018-11-01,300272,BUY,4.37
2018-12-03,603357,SELL_REBAL,9.8
2018-12-03,002867,BUY,9.5
2019-02-01,300272,SELL_REBAL,5.03
2019-02-01,603357,BUY,8.43
2019-03-01,002833,SELL_REBAL,10.0
2019-03-01,300595,SELL_REBAL,11.92
2019-03-01,002677,BUY,9.16
2019-03-01,600738,BUY,6.97
2019-04-01,002110,BUY_SKIP_LIMIT_UP,8.53
2019-04-01,002867,SELL_REBAL,11.23
2019-04-01,002677,SELL_REBAL,10.98
2019-04-01,300121,BUY,8.47
2019-05-06,603871,SELL_REBAL,3.49
2019-05-06,603701,SELL_REBAL,5.97
2019-05-06,603638,SELL_REBAL,9.17
2019-05-06,002749,SELL_REBAL,6.36
2019-05-06,002709,SELL_REBAL,4.62
2019-05-06,603357,SELL_REBAL,8.56
2019-05-06,603027,SELL_REBAL,5.38
2019-05-06,600738,SELL_REBAL,6.98
2019-05-06,300121,SELL_REBAL,7.08
2019-06-03,002458,BUY,8.75
2019-08-01,002458,SELL_REBAL,10.81
2019-09-02,002746,BUY,9.34
2019-09-02,000672,BUY,7.75
2019-10-08,002458,BUY,9.58
2019-11-01,002746,SELL_REBAL,9.83
2019-11-01,000672,SELL_REBAL,9.22
2019-11-01,002458,SELL_REBAL,14.01
2019-11-01,603871,BUY,3.58
2019-11-01,300638,BUY,9.88
2019-11-01,002833,BUY,8.18
2019-11-01,603505,BUY,5.04
2019-11-01,603360,BUY,7.55
2019-11-01,002884,BUY,6.21
2019-11-01,002749,BUY,6.48
2019-11-01,603519,BUY,8.79
2019-11-01,300107,BUY,6.06
2019-11-01,002867,BUY,8.51
2019-12-02,300638,SELL_REBAL,10.05
2019-12-02,002677,BUY,9.68
2020-01-02,002833,SELL_REBAL,10.26
2020-01-02,002677,SELL_REBAL,10.05
2020-01-02,002746,BUY,8.73
2020-01-02,600995,BUY,7.28
2020-02-03,600995,SELL_REBAL,6.37
2020-02-03,002677,BUY,8.6
2020-04-01,002746,SELL_REBAL,8.39
2020-04-01,002677,SELL_REBAL,8.59
2020-04-01,002833,BUY,9.01
2020-04-01,002832,BUY,9.66
2020-05-06,603871,SELL_REBAL,3.21
2020-05-06,603505,SELL_REBAL,5.9
2020-05-06,002884,SELL_REBAL,7.74
2020-05-06,603360,SELL_REBAL,6.2
2020-05-06,603519,SELL_REBAL,6.34
2020-05-06,002749,SELL_REBAL,6.86
2020-05-06,300107,SELL_REBAL,5.41
2020-05-06,002867,SELL_REBAL,8.78
2020-05-06,002833,SELL_REBAL,9.78
2020-05-06,002832,SELL_REBAL,10.71
2020-11-02,603327,BUY,8.8
2020-11-02,603360,BUY,5.79
2020-11-02,002749,BUY,8.4
2020-11-02,002443,BUY,5.95
2020-11-02,002567,BUY,7.47
2020-11-02,601225,BUY,6.04
2021-02-01,300394,BUY,9.12
2021-02-01,000789,BUY,9.37
2021-02-01,002100,BUY,9.72
2021-03-01,000789,SELL_REBAL,10.74
2021-03-01,002100,SELL_REBAL,11.36
2021-04-01,002100,BUY,9.53
2021-05-06,603327,SELL_REBAL,5.43
2021-05-06,603360,SELL_REBAL,4.34
2021-05-06,300394,SELL_REBAL,8.23
2021-05-06,002749,SELL_REBAL,6.62
2021-05-06,002443,SELL_REBAL,5.59
2021-05-06,002567,SELL_REBAL,6.97
2021-05-06,601225,SELL_REBAL,7.77
2021-05-06,002100,SELL_REBAL,8.9
2021-09-01,600571,BUY_SKIP_LIMIT_UP,7.51
2021-09-01,002027,BUY,5.58
2021-10-08,600571,BUY_SKIP_LIMIT_UP,9.92
2021-11-01,002027,SELL_REBAL,5.66
2021-11-01,603565,BUY,9.5
2021-11-01,002107,BUY,5.44
2021-11-01,002105,BUY,8.79
2021-11-01,600571,BUY,8.24
2021-11-01,002003,BUY,6.38
2021-11-01,002043,BUY,6.89
2021-11-01,600452,BUY,7.93
2021-11-01,000789,BUY,9.73
2021-11-01,000848,BUY,8.79
2021-11-01,600507,BUY,5.85
2021-12-01,600507,SELL_REBAL,5.86
2021-12-01,600295,BUY,9.6
2022-01-04,002105,SELL_REBAL,10.4
2022-01-04,600571,SELL_REBAL,11.56
2022-01-04,000789,SELL_REBAL,10.44
2022-01-04,000848,SELL_REBAL,10.12
2022-01-04,600507,BUY,6.37
2022-01-04,600867,BUY,9.44
2022-01-04,002408,BUY,9.94
2022-01-04,000825,BUY,7.02
2022-02-07,600867,SELL_REBAL,8.56
2022-02-07,002408,SELL_REBAL,8.93
2022-02-07,000825,SELL_REBAL,6.89
2022-02-07,002105,BUY,8.78
2022-02-07,600571,BUY,9.65
2022-02-07,000848,BUY,7.8
2022-03-01,600571,SELL_REBAL,13.62
2022-03-01,600867,BUY,8.77
2022-05-05,603565,SELL_REBAL,8.98
2022-05-05,002105,SELL_REBAL,6.79
2022-05-05,002107,SELL_REBAL,5.04
2022-05-05,002003,SELL_REBAL,8.76
2022-05-05,600452,SELL_REBAL,5.86
2022-05-05,002043,SELL_REBAL,7.36
2022-05-05,600295,SELL_REBAL,9.91
2022-05-05,000848,SELL_REBAL,7.27
2022-05-05,600507,SELL_REBAL,6.81
2022-05-05,600867,SELL_REBAL,8.7
2022-09-01,002825,BUY,9.7
2022-09-01,603519,BUY,9.45
2022-09-01,603002,BUY,5.55
2022-09-01,600867,BUY,7.83
2022-09-01,600873,BUY,8.66
2022-09-01,601919,BUY,7.98
2022-11-01,600867,SELL_REBAL,7.93
2022-11-01,600873,SELL_REBAL,7.77
2022-11-01,601919,SELL_REBAL,6.67
2022-11-01,002871,BUY,9.26
2022-11-01,300453,BUY,6.2
2022-11-01,002105,BUY,6.73
2022-11-01,603600,BUY,8.83
2022-11-01,603998,BUY,7.17
2022-11-01,603565,BUY,7.19
2022-11-01,000529,BUY,6.36
2022-12-01,002871,SELL_REBAL,10.19
2022-12-01,603327,BUY,7.21
2023-01-03,000529,SELL_REBAL,7.85
2023-01-03,603327,SELL_REBAL,8.02
2023-01-03,002871,BUY,9.16
2023-01-03,002677,BUY,9.34
2023-02-01,002871,SELL_REBAL,10.1
2023-02-01,603327,BUY,8.41
2023-03-01,002677,SELL_REBAL,11.5
2023-03-01,600618,BUY,9.55
2023-04-03,603998,SELL_REBAL,11.2
2023-04-03,000529,BUY,7.5
2023-05-04,002825,SELL_REBAL,8.55
2023-05-04,300453,SELL_REBAL,6.92
2023-05-04,002105,SELL_REBAL,5.77
2023-05-04,603519,SELL_REBAL,10.2
2023-05-04,603600,SELL_REBAL,7.76
2023-05-04,603002,SELL_REBAL,4.83
2023-05-04,603565,SELL_REBAL,8.64
2023-05-04,603327,SELL_REBAL,7.32
2023-05-04,600618,SELL_REBAL,8.49
2023-05-04,000529,SELL_REBAL,6.67
2023-11-01,603360,BUY,4.88
2023-11-01,002677,BUY,9.34
2023-11-01,603676,BUY,9.94
2023-11-01,603227,BUY,7.14
2023-11-01,603871,BUY,8.19
2023-11-01,600251,BUY,8.49
2023-11-01,301039,BUY,9.03
2023-11-01,002003,BUY,9.09
2023-11-01,300009,BUY,9.74
2023-11-01,601958,BUY,9.19
2023-12-01,603676,SELL_REBAL,10.06
2023-12-01,002027,BUY,5.38
2024-01-02,002027,SELL_REBAL,5.24
2024-01-02,603676,BUY,9.54
2024-02-01,601958,SELL_REBAL,8.23
2024-02-01,603519,BUY,9.52
2024-03-01,603871,SELL_REBAL,10.89
2024-03-01,603519,SELL_REBAL,10.3
2024-03-01,601958,BUY,9.32
2024-03-01,002027,BUY,5.39
2024-04-01,601958,SELL_REBAL,10.6
2024-05-06,603360,SELL_REBAL,7.2
2024-05-06,603676,SELL_REBAL,8.44
2024-05-06,002677,SELL_REBAL,8.84
2024-05-06,600251,SELL_REBAL,8.13
2024-05-06,301039,SELL_REBAL,9.17
2024-05-06,603227,SELL_REBAL,6.55
2024-05-06,002003,SELL_REBAL,10.66
2024-05-06,300009,SELL_REBAL,9.61
2024-05-06,002027,SELL_REBAL,5.65
2024-11-01,603676,BUY,9.47
2024-11-01,300441,BUY,8.62
2024-11-01,300009,BUY,8.53
2024-11-01,002027,BUY,6.63
2024-12-02,603676,SELL_REBAL,10.2
2025-01-02,603676,BUY,9.32
2025-05-06,603676,SELL_REBAL,9.9
2025-05-06,300441,SELL_REBAL,7.98
2025-05-06,300009,SELL_REBAL,7.88
2025-05-06,002027,SELL_REBAL,6.83
2025-11-03,600867,BUY,8.93
2025-11-03,002027,BUY,7.43
2025-12-01,600873,BUY,9.68
2026-02-02,600873,SELL_REBAL,10.02
2026-05-06,600867,SELL_REBAL,8.97
2026-05-06,002027,SELL_REBAL,6.1
2026-07-01,002582,BUY,8.77
2026-08-03,002582,SELL_REBAL,10.02
