date,num_target,num_held,target,held,buy_skipped_limit_up,sold_out,sell_skipped_limit_down
2006-01-04,0,0,,,,,
2006-02-06,6,6,002033|002040|002044|000933|600428|600886,000933|002033|002040|002044|600428|600886,,,
2006-03-01,8,8,002033|002040|000933|000550|600428|002044|600886|600010,000550|000933|002033|002040|002044|600010|600428|600886,,,
2006-04-03,8,8,002033|002040|600428|000933|000550|002044|600886|600010,000550|000933|002033|002040|002044|600010|600428|600886,,,
2006-05-08,10,10,002025|002022|000550|001696|000937|600428|000933|000155|600096|000912,000155|000550|000912|000933|000937|001696|002022|002025|600096|600428,,002033|002040|002044|600886|600010,
2006-06-01,20,20,002025|600227|600428|002022|600436|000550|600583|000937|600420|600525|001696|600880|002050|600997|000155|000983|600761|600096|600500|000912,000155|000550|000912|000937|000983|001696|002022|002025|002050|600096|600227|600420|600428|600436|600500|600525|600583|600761|600880|600997,,000933,
2006-07-03,20,20,002025|600227|600428|002022|600436|000550|600123|600348|000066|600583|002010|600026|000937|000933|002028|600420|600525|001696|600880|002050,000066|000550|000933|000937|001696|002010|002022|002025|002028|002050|600026|600123|600227|600348|600420|600428|600436|600525|600583|600880,,000155|600096|000912|600997|000983|600761|600500,
2006-08-01,20,20,002025|600227|600276|600428|002022|000088|600436|000550|600123|000066|600348|600583|000731|600026|000538|000937|600596|000933|002010|002028,000066|000088|000538|000550|000731|000933|000937|002010|002022|002025|002028|600026|600123|600227|600276|600348|600428|600436|600583|600596,,600420|600525|001696|600880|002050,
2006-09-01,20,20,002025|600271|002033|600276|000550|002022|600436|600123|000088|600497|000731|000006|600809|600596|002010|000538|001696|600348|600583|002028,000006|000088|000538|000550|000731|001696|002010|002022|002025|002028|002033|600123|600271|600276|600348|600436|600497|600583|600596|600809,,600227|600428|000066|600026|000937|000933,
2006-10-09,20,20,002025|600271|002033|600276|000550|002022|600436|600123|000088|600497|000731|000006|600809|000538|600596|002010|600583|001696|600348|002028,000006|000088|000538|000550|000731|001696|002010|002022|002025|002028|002033|600123|600271|600276|600348|600436|600497|600583|600596|600809,,,
2006-11-01,20,20,600150|002025|600271|600497|002033|000987|600276|000088|002022|000550|600436|600809|600227|600596|600123|600362|002046|002010|600880|000060,000060|000088|000550|000987|002010|002022|002025|002033|002046|600123|600150|600227|600271|600276|600362|600436|600497|600596|600809|600880,,000731|000006|000538|600583|001696|600348|002028,
2006-12-01,20,20,002025|600271|600497|000088|002033|000987|600276|002022|000550|600362|600436|600809|600227|600596|600123|002046|002010|000060|000538|600880,000060|000088|000538|000550|000987|002010|002022|002025|002033|002046|600123|600227|600271|600276|600362|600436|600497|600596|600809|600880,,600150,
2007-01-04,20,20,002025|600271|000088|600497|002033|000987|600276|002022|600362|000550|600436|600809|600227|600596|600123|002046|000060|002010|000538|600880,000060|000088|000538|000550|000987|002010|002022|002025|002033|002046|600123|600227|600271|600276|600362|600436|600497|600596|600809|600880,,,
2007-02-01,20,20,002025|600271|600497|002033|000088|000987|600276|002022|000550|600436|600227|600123|600596|002046|000060|002010|600348|600880|600183|600583,000060|000088|000550|000987|002010|002022|002025|002033|002046|600123|600183|600227|600271|600276|600348|600436|600497|600583|600596|600880,,600362|600809|000538,
2007-03-01,20,20,002025|600271|600497|002033|000088|000987|600276|002022|000550|600436|600809|600227|600123|600596|002046|002010|000538|000060|600348|600880,000060|000088|000538|000550|000987|002010|002022|002025|002033|002046|600123|600227|600271|600276|600348|600436|600497|600596|600809|600880,,600183|600583,
2007-04-02,20,20,002025|600271|600497|002033|000088|000987|600276|002022|000550|002090|600436|600809|600227|600596|600123|002046|002109|002010|000538|000060,000060|000088|000538|000550|000987|002010|002022|002025|002033|002046|002090|002109|600123|600227|600271|600276|600436|600497|600596|600809,,600348|600880,
2007-05-08,20,20,000987|600271|600276|600497|000088|002022|002033|002096|600809|000550|002038|600596|600971|002090|600123|600993|002109|600227|600439|002028,000088|000550|000987|002022|002028|002033|002038|002090|002096|002109|600123|600227|600271|600276|600439|600497|600596|600809|600971|600993,,002025|600436|002046|002010|000538|000060,
2007-06-01,20,20,002106|000987|600276|600271|600497|002022|000088|002033|002096|000060|002038|002076|601699|002090|600971|002036|600993|600123|600596|002109,000060|000088|000987|002022|002033|002036|002038|002076|002090|002096|002106|002109|600123|600271|600276|600497|600596|600971|600993|601699,,600809|000550|600227|600439|002028,
2007-07-02,20,20,000987|600271|600276|600497|000088|002022|002033|000060|600809|002116|002038|002076|002104|601699|600971|600596|002090|002036|600123|600993,000060|000088|000987|002022|002033|002036|002038|002076|002090|002104|002116|600123|600271|600276|600497|600596|600809|600971|600993|601699,,002096|002109|002106,
2007-08-01,20,20,002063|000987|600271|600276|600497|000088|002022|002033|000550|002116|600809|000060|002096|600971|002038|601699|002036|600596|002107|600123,000060|000088|000550|000987|002022|002033|002036|002038|002063|002096|002107|002116|600123|600271|600276|600497|600596|600809|600971|601699,,002076|002090|600993|002104,
2007-09-03,20,20,002063|000987|600497|600276|002038|000541|600271|600993|000021|000060|000088|600588|000027|002096|600570|000895|600031|600517|601699|000919,000021|000027|000060|000088|000541|000895|000919|000987|002038|002063|002096|600031|600271|600276|600497|600517|600570|600588|600993|601699,,002022|002033|002116|600809|600971|002036|600596|600123|000550|002107,
2007-10-08,20,20,002063|000987|600497|600276|002038|000541|600271|600993|000021|002033|002138|000088|600588|000027|002096|600570|600031|002076|600517|000919,000021|000027|000088|000541|000919|000987|002033|002038|002063|002076|002096|002138|600031|600271|600276|600497|600517|600570|600588|600993,,000060|601699|000895,
2007-11-01,20,20,002063|002038|000987|002106|600276|600993|600271|000541|000027|600570|600588|600517|002138|000088|000919|002033|600809|600479|000021|600439,000021|000027|000088|000541|000919|000987|002033|002038|002063|002106|002138|600271|600276|600439|600479|600517|600570|600588|600809|600993,,600497|002096|600031|002076,
2007-12-03,20,20,002063|000637|002038|000987|002106|600276|600497|002022|600993|000027|002064|600271|000541|600570|600588|000088|600517|000550|000919|002138,000027|000088|000541|000550|000637|000919|000987|002022|002038|002063|002064|002106|002138|600271|600276|600497|600517|600570|600588|600993,,002033|000021|600809|600479|600439,
2008-01-02,20,20,002063|002038|000987|600276|600497|600993|000027|000541|600271|600570|600588|000088|600517|002138|000021|600809|002033|000060|600439|000895,000021|000027|000060|000088|000541|000895|000987|002033|002038|002063|002138|600271|600276|600439|600497|600517|600570|600588|600809|600993,,002106|000919|000637|002022|002064|000550,
2008-02-01,20,20,002063|002038|000987|600276|600993|000027|000541|600271|600570|600588|000088|600517|002138|000550|000919|600809|002033|000021|600479|002104,000021|000027|000088|000541|000550|000919|000987|002033|002038|002063|002104|002138|600271|600276|600479|600517|600570|600588|600809|600993,,600497|000060|600439|000895,
2008-03-03,20,20,002063|000637|002038|000987|600276|600993|000027|000541|600271|600570|600588|000088|600517|002138|600809|002033|000021|600479|000060|000895,000021|000027|000060|000088|000541|000637|000895|000987|002033|002038|002063|002138|600271|600276|600479|600517|600570|600588|600809|600993,,000550|000919|002104,
2008-04-01,20,20,002063|000637|000987|600276|002106|002153|600993|002064|000027|000541|600271|600570|600588|000088|600517|002138|000550|600809|002033|000919,000027|000088|000541|000550|000637|000919|000987|002033|002063|002064|002106|002138|002153|600271|600276|600517|600570|600588|600809|600993,,002038|000021|600479|000060|000895,
2008-05-05,20,19,002153|000987|002063|002019|600276|002106|002161|000637|002064|000088|600809|600479|600271|600233|600497|000096|002154|600588|000919|600420,000088|000096|000637|000919|000987|002063|002064|002106|002153|002154|002161|600233|600271|600276|600420|600479|600497|600588|600809,002019,600993|000027|000541|600570|600517|002138|002033|000550,
2008-06-02,20,20,002195|002148|000728|002153|002063|000987|600276|002152|002180|002151|002161|002222|002064|002106|000637|600809|600479|000088|600233|002121,000088|000637|000728|000987|002063|002064|002106|002121|002148|002151|002152|002153|002161|002180|002195|002222|600233|600276|600479|600809,,600271|600588|000919|600497|000096|002154|600420,
2008-07-01,20,20,002195|002148|000728|002153|002063|600276|002152|002106|002180|000088|000637|002151|002161|600497|002064|600479|002222|600428|002158|600233,000088|000637|000728|002063|002064|002106|002148|002151|002152|002153|002158|002161|002180|002195|002222|600233|600276|600428|600479|600497,,000987|600809|002121,
2008-08-01,20,20,002195|000728|002148|002153|000783|000987|002063|600276|002152|002106|002180|000088|002151|600497|002161|000534|002064|600479|002222|002158,000088|000534|000728|000783|000987|002063|002064|002106|002148|002151|002152|002153|002158|002161|002180|002195|002222|600276|600479|600497,,000637|600233|600428,
2008-09-01,20,20,002195|600596|000728|000987|002148|002050|002153|600479|002063|600428|002152|002001|600276|002151|600188|002019|002180|000088|600271|002161,000088|000728|000987|002001|002019|002050|002063|002148|002151|002152|002153|002161|002180|002195|600188|600271|600276|600428|600479|600596,,002106|600497|002064|002222|002158|000783|000534,
2008-10-06,20,20,002195|600596|000728|000987|002148|002050|002153|002063|600479|002152|002001|002151|600276|600188|002019|600428|002194|002180|002254|000088,000088|000728|000987|002001|002019|002050|002063|002148|002151|002152|002153|002180|002194|002195|002254|600188|600276|600428|600479|600596,,002161|600271,
2008-11-03,20,20,002195|600596|002001|002050|002148|000987|000425|600188|002153|002063|600428|601666|002152|600276|600395|000989|600479|002161|002106|600809,000425|000987|000989|002001|002050|002063|002106|002148|002152|002153|002161|002195|600188|600276|600395|600428|600479|600596|600809|601666,,000728|002151|002019|002180|000088|002194|002254,
2008-12-01,20,20,002195|600596|002001|002050|002148|000987|600188|000425|002153|002063|600428|601666|002152|600276|600395|000989|600479|002106|002161|600809,000425|000987|000989|002001|002050|002063|002106|002148|002152|002153|002161|002195|600188|600276|600395|600428|600479|600596|600809|601666,,,
2009-01-05,20,20,002195|600596|002001|002050|002148|000987|600188|000425|002153|002063|601666|600428|600276|600395|000989|600479|002161|002106|600809|002151,000425|000987|000989|002001|002050|002063|002106|002148|002151|002153|002161|002195|600188|600276|600395|600428|600479|600596|600809|601666,,002152,
2009-02-02,20,20,002195|600596|002001|002050|002148|000987|600188|000425|002153|002063|601666|002152|600276|600428|600395|000989|600479|002161|600809|002151,000425|000987|000989|002001|002050|002063|002148|002151|002152|002153|002161|002195|600188|600276|600395|600428|600479|600596|600809|601666,,002106,
2009-03-02,20,20,002195|600596|002001|002050|002148|000987|600188|002153|002063|601666|002152|600276|600428|600395|000989|600479|002161|600809|002151|002180,000987|000989|002001|002050|002063|002148|002151|002152|002153|002161|002180|002195|600188|600276|600395|600428|600479|600596|600809|601666,,000425,
2009-04-01,20,20,002195|600596|002001|002148|000987|600188|002063|601666|002152|600276|000989|002161|600395|600479|002151|002180|600809|002158|002150|002106,000987|000989|002001|002063|002106|002148|002150|002151|002152|002158|002161|002180|002195|600188|600276|600395|600479|600596|600809|601666,,002050|002153|600428,
2009-05-04,20,20,000987|002242|002001|002152|002063|600188|002217|000989|600276|600271|002258|000895|600588|000937|600880|002151|002104|002223|000848|601666,000848|000895|000937|000987|000989|002001|002063|002104|002151|002152|002217|002223|002242|002258|600188|600271|600276|600588|600880|601666,,002195|600596|002148|002161|600395|600479|002180|600809|002158|002150|002106,
2009-06-01,20,20,002261|600596|000987|002242|002001|002153|002252|002152|002273|600216|002230|002217|600188|002236|002269|002258|002268|600276|000895|600588,000895|000987|002001|002152|002153|002217|002230|002236|002242|002252|002258|002261|002268|002269|002273|600188|600216|600276|600588|600596,,002063|000989|002151|601666|600271|000937|600880|002104|002223|000848,
2009-07-01,20,20,002038|002261|600596|000987|002242|002153|002252|002152|002273|002230|002217|600188|002236|002269|000989|002258|002268|600588|000895|002104,000895|000987|000989|002038|002104|002152|002153|002217|002230|002236|002242|002252|002258|002261|002268|002269|002273|600188|600588|600596,,002001|600276|600216,
2009-08-03,20,20,002261|000987|002242|002001|002038|002153|002252|002152|002273|002230|002217|002236|600188|002269|002268|002258|000989|002249|002104|002226,000987|000989|002001|002038|002104|002152|002153|002217|002226|002230|002236|002242|002249|002252|002258|002261|002268|002269|002273|600188,,600596|600588|000895,
2009-09-01,20,20,000987|002261|002242|002038|002153|600588|002226|002152|002230|002001|002252|600276|002256|002258|002269|002273|600570|002249|000989|002236,000987|000989|002001|002038|002152|002153|002226|002230|002236|002242|002249|002252|002256|002258|002261|002269|002273|600276|600570|600588,,002217|600188|002268|002104,
2009-10-09,20,20,000987|002261|002242|002038|002153|600588|002226|002152|002230|002252|002001|600276|002256|002258|600570|002269|002273|002249|000989|002236,000987|000989|002001|002038|002152|002153|002226|002230|002236|002242|002249|002252|002256|002258|002261|002269|002273|600276|600570|600588,,,
2009-11-02,20,19,000987|002242|002261|002038|002153|002252|600588|002258|002152|002256|002230|002249|002273|600276|002223|600570|000895|002001|002104|002215,000895|000987|002001|002038|002152|002153|002215|002223|002230|002242|002249|002252|002256|002258|002261|002273|600276|600570|600588,002104,002226|002269|000989|002236,
2009-12-01,20,19,000987|002261|002226|002153|002252|600588|002152|002258|002256|600276|002230|002249|002273|002223|000895|002001|600570|002215|002131|002236,000895|000987|002001|002131|002152|002153|002215|002223|002226|002230|002249|002252|002256|002258|002261|002273|600276|600570|600588,002236,002242|002038,
2010-01-04,20,20,000987|002242|002038|002226|002153|002252|600588|002258|002152|002256|002230|002249|002273|600276|002223|002001|000895|600570|002215|002131,000895|000987|002001|002038|002131|002152|002153|002215|002223|002226|002230|002242|002249|002252|002256|002258|002273|600276|600570|600588,,002261,
2010-02-01,20,20,000987|002242|002226|002153|002252|600588|002258|002152|002256|002230|002249|002273|600276|002223|002001|000895|600570|002215|002131|002236,000895|000987|002001|002131|002152|002153|002215|002223|002226|002230|002236|002242|002249|002252|002256|002258|002273|600276|600570|600588,,002038,
2010-03-01,20,20,000987|002242|002226|002153|002252|600588|002258|002152|002256|002230|002249|002273|002223|002001|000895|600570|002215|002131|002236|002154,000895|000987|002001|002131|002152|002153|002154|002215|002223|002226|002230|002236|002242|002249|002252|002256|002258|002273|600570|600588,,600276,
2010-04-01,20,20,300033|002242|000987|002226|002153|002252|002152|002256|002273|002230|002249|600588|002223|600276|002001|002215|002131|002236|002310|002282,000987|002001|002131|002152|002153|002215|002223|002226|002230|002236|002242|002249|002252|002256|002273|002282|002310|300033|600276|600588,,002258|000895|600570|002154,
2010-05-04,20,20,300033|002261|300018|002334|300008|002226|300012|002252|300046|000987|002152|002293|002153|002323|300001|300037|002273|300025|600366|002001,000987|002001|002152|002153|002226|002252|002261|002273|002293|002323|002334|300001|300008|300012|300018|300025|300033|300037|300046|600366,,002242|002256|002230|002249|600588|002223|002215|002131|002236|600276|002310|002282,
2010-06-01,20,20,300033|002285|300002|002261|300018|002242|002334|300026|300008|300012|002252|300054|300046|002317|002320|300007|000987|002293|002152|002153,000987|002152|002153|002242|002252|002261|002285|002293|002317|002320|002334|300002|300007|300008|300012|300018|300026|300033|300046|300054,,002226|002273|002001|002323|300001|300037|300025|600366,
2010-07-01,20,20,300033|002285|300002|002261|300018|300052|002242|002334|300051|300026|300008|002063|002353|300012|002252|002038|300054|300046|002320|002317,002038|002063|002242|002252|002261|002285|002317|002320|002334|002353|300002|300008|300012|300018|300026|300033|300046|300051|300052|300054,,000987|002293|002152|002153|300007,
2010-08-02,20,20,300033|300059|002285|002410|002415|300018|002334|002242|300051|300026|300008|300012|002252|300002|300054|002038|002320|002317|002293|002153,002038|002153|002242|002252|002285|002293|002317|002320|002334|002410|002415|300002|300008|300012|300018|300026|300033|300051|300054|300059,,002261|300046|300052|002063|002353,
2010-09-01,20,20,300033|300059|002410|002285|002415|002334|300051|300018|002063|300008|300002|002252|002320|002153|000987|002293|300012|002317|300054|002335,000987|002063|002153|002252|002285|002293|002317|002320|002334|002335|002410|002415|300002|300008|300012|300018|300033|300051|300054|300059,,002242|300026|002038,
2010-10-08,20,20,300033|300059|002410|002285|002415|002334|300051|300018|002063|300008|300002|002252|002320|002153|000987|002293|300012|002317|300054|002335,000987|002063|002153|002252|002285|002293|002317|002320|002334|002335|002410|002415|300002|300008|300012|300018|300033|300051|300054|300059,,,
2010-11-01,20,20,300033|300059|002410|002063|002285|300008|002415|002252|002320|300051|002317|300018|300012|002293|000987|300002|002153|300054|300058|002242,000987|002063|002153|002242|002252|002285|002293|002317|002320|002410|002415|300002|300008|300012|300018|300033|300051|300054|300058|300059,,002334|002335,
2010-12-01,20,20,300033|300059|002410|002063|002285|300008|002415|002252|000987|002320|300051|002317|300018|002293|300012|002242|002153|002001|300054|300058,000987|002001|002063|002153|002242|002252|002285|002293|002317|002320|002410|002415|300008|300012|300018|300033|300051|300054|300058|300059,,300002,
2011-01-04,20,20,300033|300059|002410|002063|002285|300008|002415|002252|000987|002320|300051|002317|300018|300002|002293|300012|002242|002153|002001|300054,000987|002001|002063|002153|002242|002252|002285|002293|002317|002320|002410|002415|300002|300008|300012|300018|300033|300051|300054|300059,,300058,
2011-02-01,20,20,300033|300059|002410|002063|002285|300008|002415|002334|002252|000987|002320|300051|002317|300018|300002|002293|300012|300052|002242|002153,000987|002063|002153|002242|002252|002285|002293|002317|002320|002334|002410|002415|300002|300008|300012|300018|300033|300051|300052|300059,,002001|300054,
2011-03-01,20,20,300033|300059|002410|002063|002285|300008|002415|002334|000987|002252|002320|300051|002317|300018|300002|002293|300012|300052|002242|002153,000987|002063|002153|002242|002252|002285|002293|002317|002320|002334|002410|002415|300002|300008|300012|300018|300033|300051|300052|300059,,,
2011-04-01,20,20,300059|002410|002063|002285|002415|300008|300074|002334|002252|002320|300051|000987|002317|300018|300012|002293|300099|300002|300052|002153,000987|002063|002153|002252|002285|002293|002317|002320|002334|002410|002415|300002|300008|300012|300018|300051|300052|300059|300074|300099,,300033|002242,
2011-05-03,20,20,002195|300170|300136|002063|002415|002474|002285|002252|000987|300122|002153|300003|300133|002007|002041|300099|002242|002469|002410|002152,000987|002007|002041|002063|002152|002153|002195|002242|002252|002285|002410|002415|002469|002474|300003|300099|300122|300133|300136|300170,,300059|300008|002334|002320|300051|002317|300018|300012|002293|300002|300052|300074,
2011-06-01,20,20,002195|300113|300170|300136|002063|300166|002415|300124|002474|002252|002550|002285|300122|002153|300155|601519|002408|300150|300003|300182,002063|002153|002195|002252|002285|002408|002415|002474|002550|300003|300113|300122|300124|300136|300150|300155|300166|300170|300182|601519,,000987|300099|002410|300133|002007|002041|002242|002469|002152,
2011-07-01,20,20,002195|300113|300170|300136|002063|300166|002415|300124|002261|002474|002550|002285|300122|002252|002153|300155|601519|002408|300150|300003,002063|002153|002195|002252|002261|002285|002408|002415|002474|002550|300003|300113|300122|300124|300136|300150|300155|300166|300170|601519,,300182,
2011-08-01,20,20,002195|300113|300136|300170|300166|300124|002261|002415|002474|002285|002550|000987|002252|002153|300155|601519|002063|002408|300003|300122,000987|002063|002153|002195|002252|002261|002285|002408|002415|002474|002550|300003|300113|300122|300124|300136|300155|300166|300170|601519,,300150,
2011-09-01,20,20,002195|300170|300136|300113|300166|002415|000987|002408|002572|002252|002153|002474|300003|002410|002550|002293|002261|300008|300146|300182,000987|002153|002195|002252|002261|002293|002408|002410|002415|002474|002550|002572|300003|300008|300113|300136|300146|300166|300170|300182,,300124|002285|300155|601519|002063|300122,
2011-10-10,20,20,300235|002195|300170|300136|300113|300206|002405|300166|002415|000987|300124|002408|002572|002252|300003|002153|002474|002410|002022|002550,000987|002022|002153|002195|002252|002405|002408|002410|002415|002474|002550|002572|300003|300113|300124|300136|300166|300170|300206|300235,,002261|002293|300008|300146|300182,
2011-11-01,20,20,300113|300235|300136|300170|300166|000987|300206|002195|002415|300146|002408|300124|300003|002410|002252|600160|002293|002474|002572|300182,000987|002195|002252|002293|002408|002410|002415|002474|002572|300003|300113|300124|300136|300146|300166|300170|300182|300206|300235|600160,,002153|002550|002405|002022,
2011-12-01,20,20,300113|300235|300136|002405|300170|300166|000987|300206|002195|002415|300146|002408|300124|002410|300003|002252|600160|002293|002474|002572,000987|002195|002252|002293|002405|002408|002410|002415|002474|002572|300003|300113|300124|300136|300146|300166|300170|300206|300235|600160,,300182,
2012-01-04,20,20,300113|300235|300136|002405|300170|300166|000987|300206|002195|002415|600160|300003|300146|002408|300124|002410|002252|002474|002572|300182,000987|002195|002252|002405|002408|002410|002415|002474|002572|300003|300113|300124|300136|300146|300166|300170|300182|300206|300235|600160,,002293,
2012-02-01,20,20,300113|300235|300136|002405|002038|300170|300166|000987|300206|002195|002415|300146|002408|300124|300003|002410|002252|600160|002293|002474,000987|002038|002195|002252|002293|002405|002408|002410|002415|002474|300003|300113|300124|300136|300146|300166|300170|300206|300235|600160,,002572|300182,
2012-03-01,20,20,300113|300235|002405|002038|300170|300166|000987|300206|002195|002415|300146|002408|300124|300003|002410|002252|600160|002293|002474|002572,000987|002038|002195|002252|002293|002405|002408|002410|002415|002474|002572|300003|300113|300124|300146|300166|300170|300206|300235|600160,,300136,
2012-04-05,20,20,002653|300113|300235|300136|002405|002038|300170|300166|000987|300206|002195|002415|002408|300146|300124|300003|002252|002293|002474|002572,000987|002038|002195|002252|002293|002405|002408|002415|002474|002572|002653|300003|300113|300124|300136|300146|300166|300170|300206|300235,,002410|600160,
2012-05-02,20,20,002653|002410|002581|300127|002195|002063|300003|002293|002252|002022|300275|002408|000987|300267|300270|002294|000848|002458|300096|002152,000848|000987|002022|002063|002152|002195|002252|002293|002294|002408|002410|002458|002581|002653|300003|300096|300127|300267|300270|300275,,300113|300235|002405|002038|300170|300166|300206|002415|300146|300124|002474|002572|300136,
2012-06-01,20,20,002653|002410|002581|300259|002195|300286|601515|002063|300253|300003|600403|002293|002153|002563|002635|002252|300275|002022|300210|002648,002022|002063|002153|002195|002252|002293|002410|002563|002581|002635|002648|002653|300003|300210|300253|300259|300275|300286|600403|601515,,002408|000987|300127|300267|300270|002294|000848|002458|300096|002152,
2012-07-02,20,20,300298|300288|002653|002651|002415|002410|002581|300246|300302|300259|002195|300286|601515|002063|300253|300003|600403|002153|002293|002563,002063|002153|002195|002293|002410|002415|002563|002581|002651|002653|300003|300246|300253|300259|300286|300288|300298|300302|600403|601515,,002252|300275|002022|002635|300210|002648,
2012-08-01,20,20,300298|300288|002653|002651|002415|002410|300127|002581|300302|300246|300259|002195|300286|601515|300003|300253|600403|002293|002153|002563,002153|002195|002293|002410|002415|002563|002581|002651|002653|300003|300127|300246|300253|300259|300286|300288|300298|300302|600403|601515,,002063,
2012-09-03,20,20,300183|300298|002653|002415|002581|603366|300146|002651|300259|300127|002195|000895|300302|601515|300286|002546|300229|002063|300275|300039,000895|002063|002195|002415|002546|002581|002651|002653|300039|300127|300146|300183|300229|300259|300275|300286|300298|300302|601515|603366,,300288|002410|300246|300003|300253|600403|002293|002153|002563,
2012-10-08,20,20,300183|300298|300333|300288|300306|002653|300326|002581|002415|603366|300307|300316|300146|002651|300259|300127|002195|300302|601515|000895,000895|002195|002415|002581|002651|002653|300127|300146|300183|300259|300288|300298|300302|300306|300307|300316|300326|300333|601515|603366,,300286|002546|300229|002063|300275|300039,
2012-11-01,20,20,300183|300333|300298|002653|300306|300326|300314|603366|002581|002415|300146|002410|300316|300346|002195|300259|601515|300039|600403|300286,002195|002410|002415|002581|002653|300039|300146|300183|300259|300286|300298|300306|300314|300316|300326|300333|300346|600403|601515|603366,,002651|300127|300302|000895|300288|300307,
2012-12-03,20,20,300295|300333|300298|002653|300288|300306|300326|300314|603366|002581|002415|300146|002410|300316|300346|002195|300259|601515|300039|600403,002195|002410|002415|002581|002653|300039|300146|300259|300288|300295|300298|300306|300314|300316|300326|300333|300346|600403|601515|603366,,300183|300286,
2013-01-04,20,20,300333|300298|002653|300306|300326|300314|603366|002581|002415|300146|002410|300316|300346|002195|300259|601515|300039|300286|600403|002153,002153|002195|002410|002415|002581|002653|300039|300146|300259|300286|300298|300306|300314|300316|300326|300333|300346|600403|601515|603366,,300295|300288,
2013-02-01,20,20,300333|300298|300306|300326|603366|002415|002581|300146|002410|300316|300346|002195|300259|601515|300039|600403|300286|002572|300275|002635,002195|002410|002415|002572|002581|002635|300039|300146|300259|300275|300286|300298|300306|300316|300326|300333|300346|600403|601515|603366,,002653|300314|002153,
2013-03-01,20,20,300333|300298|300306|300326|603366|002415|002581|300146|002410|300316|300346|002195|300259|601515|600403|300039|300286|002572|300275|002063,002063|002195|002410|002415|002572|002581|300039|300146|300259|300275|300286|300298|300306|300316|300326|300333|300346|600403|601515|603366,,002635,
2013-04-01,20,20,300183|300333|300306|300326|603366|002581|002415|002410|300316|300346|002195|300259|601515|600403|300039|300286|002572|300275|002063|002662,002063|002195|002410|002415|002572|002581|002662|300039|300183|300259|300275|300286|300306|300316|300326|300333|300346|600403|601515|603366,,300298|300146,
2013-05-02,20,20,300183|300326|002063|002153|300040|002415|603366|300146|300348|300039|300275|601515|000987|002662|002293|000848|002467|601566|300251|600271,000848|000987|002063|002153|002293|002415|002467|002662|300039|300040|300146|300183|300251|300275|300326|300348|600271|601515|601566|603366,,300333|300306|002581|002410|300316|300346|002195|300259|600403|300286|002572,
2013-06-03,20,20,300326|300040|300347|002415|603366|300146|300039|300348|300005|300352|300275|002152|000987|002662|002293|000848|600271|002508|002467|300251,000848|000987|002152|002293|002415|002467|002508|002662|300005|300039|300040|300146|300251|300275|300326|300347|300348|300352|600271|603366,,300183|002063|601515|002153|601566,
2013-07-01,20,20,300314|002410|002153|002690|300040|300347|603366|300146|300348|300039|300352|300005|300275|601515|002662|000987|000590|002152|002293|002508,000590|000987|002152|002153|002293|002410|002508|002662|002690|300005|300039|300040|300146|300275|300314|300347|300348|300352|601515|603366,,300326|002415|000848|600271|002467|300251,
2013-08-01,20,20,300326|300314|002410|002153|002690|300040|002063|300347|603366|300039|300348|300005|300352|000590|601515|000987|002152|002662|002293|300275,000590|000987|002063|002152|002153|002293|002410|002662|002690|300005|300039|300040|300275|300314|300326|300347|300348|300352|601515|603366,,300146|002508,
2013-09-02,20,20,002410|300040|300124|002063|300039|300005|000848|002690|300347|600658|002153|601515|000987|300017|300251|300352|603366|002016|300012|300275,000848|000987|002016|002063|002153|002410|002690|300005|300012|300017|300039|300040|300124|300251|300275|300347|300352|600658|601515|603366,,300314|300348|000590|002152|002662|002293|300326,
2013-10-08,20,20,002410|300040|002063|300124|300039|002690|000848|300347|600658|601515|002153|000987|300017|300352|002016|603366|300012|300275|300259|002293,000848|000987|002016|002063|002153|002293|002410|002690|300012|300017|300039|300040|300124|300259|300275|300347|300352|600658|601515|603366,,300005|300251,
2013-11-01,20,20,300347|002690|300124|600658|300040|000848|002410|300251|300039|300286|002063|300017|300005|601515|002016|002285|300012|002635|300352|300342,000848|002016|002063|002285|002410|002635|002690|300005|300012|300017|300039|300040|300124|300251|300286|300342|300347|300352|600658|601515,,002153|000987|603366|300275|300259|002293,
2013-12-02,20,20,300347|002690|300124|600658|300040|000848|002410|300251|300039|002063|300017|002016|601515|002285|300352|300342|002293|002508|002572|300275,000848|002016|002063|002285|002293|002410|002508|002572|002690|300017|300039|300040|300124|300251|300275|300342|300347|300352|600658|601515,,300012|300005|002635,300286
2014-01-02,20,20,300347|002690|300124|600658|300040|000848|300251|002410|300039|002063|300017|002016|601515|002285|300352|300342|002293|002508|002572|300275,000848|002016|002063|002285|002293|002410|002508|002572|002690|300017|300039|300040|300124|300251|300275|300342|300347|300352|600658|601515,,,
2014-02-07,20,20,002690|600658|300040|000848|300251|300039|002063|300017|002016|601515|002285|300012|300352|300342|002293|600809|002508|002572|300275|300259,000848|002016|002063|002285|002293|002508|002572|002690|300012|300017|300039|300040|300251|300259|300275|300342|300352|600658|600809|601515,,300347|300124|002410,
2014-03-03,20,20,002690|600658|300040|000848|300039|002063|300017|002016|601515|002285|300012|300352|300342|600809|002293|002508|002572|300259|002467|002415,000848|002016|002063|002285|002293|002415|002467|002508|002572|002690|300012|300017|300039|300040|300259|300342|300352|600658|600809|601515,,300251|300275,
2014-04-01,20,20,002690|600658|300040|000848|300039|300017|601515|002285|300012|002415|002635|300352|300342|600809|002293|002508|002572|300259|002467|000987,000848|000987|002285|002293|002415|002467|002508|002572|002635|002690|300012|300017|300039|300040|300259|300342|300352|600658|600809|601515,,002063|002016,
2014-05-05,20,19,000603|002410|000848|002651|300124|300039|300360|002572|300017|600658|601515|600201|002508|300012|600897|601222|002285|002327|002153|002293,000603|000848|002285|002293|002327|002410|002508|002572|002651|300012|300017|300039|300124|300360|600201|600658|600897|601222|601515,002153,002690|300040|002415|300352|300342|600809|300259|002467|002635|000987,
2014-06-03,20,20,300357|002690|603288|000848|002651|300371|300039|300124|300360|300005|002572|300017|600658|601515|600201|300012|002508|600897|002327|002285,000848|002285|002327|002508|002572|002651|002690|300005|300012|300017|300039|300124|300357|300360|300371|600201|600658|600897|601515|603288,,002293|000603|002410|601222,
2014-07-01,20,20,300357|300146|002063|603288|000848|002651|300039|300360|300124|002572|300017|600658|601515|600201|300012|002508|600897|601222|002327|002285,000848|002063|002285|002327|002508|002572|002651|300012|300017|300039|300124|300146|300357|300360|600201|600658|600897|601222|601515|603288,,002690|300371|300005,
2014-08-01,20,20,300357|002690|603288|000848|002651|300124|300039|300360|300005|002572|600658|601515|300365|300382|600201|300012|300017|600897|002508|601222,000848|002508|002572|002651|002690|300005|300012|300017|300039|300124|300357|300360|300365|300382|600201|600658|600897|601222|601515|603288,,002327|002285|300146|002063,
2014-09-01,20,20,000848|300357|000719|603288|600816|300017|300360|300039|002651|300124|002572|600201|300253|600658|002508|300365|601515|002327|300012|002372,000719|000848|002327|002372|002508|002572|002651|300012|300017|300039|300124|300253|300357|300360|300365|600201|600658|600816|601515|603288,,600897|601222|002690|300005|300382,
2014-10-08,20,20,002568|000848|603288|600816|300017|002651|300039|300124|002572|300253|002508|600658|300365|601515|002327|300012|002372|002293|300382|600897,000848|002293|002327|002372|002508|002568|002572|002651|300012|300017|300039|300124|300253|300365|300382|600658|600816|600897|601515|603288,,300357|300360|600201|000719,
2014-11-03,20,20,300146|000848|600816|603288|300017|002651|600201|300039|300259|002572|002508|300360|002372|002327|300124|300377|002595|000672|600658|300009,000672|000848|002327|002372|002508|002572|002595|002651|300009|300017|300039|300124|300146|300259|300360|300377|600201|600658|600816|603288,,300253|300365|601515|300012|002568|002293|300382|600897,
2014-12-01,20,20,002568|300146|000848|600816|603288|300017|002410|600201|300039|300259|002572|002508|002372|002327|002595|300009|300124|000672|002677|300383,000672|000848|002327|002372|002410|002508|002568|002572|002595|002677|300009|300017|300039|300124|300146|300259|300383|600201|600816|603288,,002651|600658|300360|300377,
2015-01-05,20,20,002568|300146|000848|600816|300357|603288|300017|002651|002410|600201|300039|300259|002572|002508|300360|300365|002372|002327|300377|002595,000848|002327|002372|002410|002508|002568|002572|002595|002651|300017|300039|300146|300259|300357|300360|300365|300377|600201|600816|603288,,300009|300124|000672|002677|300383,
2015-02-02,20,20,000848|600816|300017|300039|002651|002572|300259|002508|300360|002372|002327|002595|600658|000672|600197|002677|601965|300383|002007|600252,000672|000848|002007|002327|002372|002508|002572|002595|002651|002677|300017|300039|300259|300360|300383|600197|600252|600658|600816|601965,,002568|300146|603288|002410|600201|300357|300365|300377,
2015-03-02,20,20,000848|600816|300039|002651|002572|300259|002372|002327|002595|600658|600197|000672|002677|002007|600252|601965|300383|300303|300381|002293,000672|000848|002007|002293|002327|002372|002572|002595|002651|002677|300039|300259|300303|300381|300383|600197|600252|600658|600816|601965,,300017|002508|300360,
2015-04-01,20,20,000848|600816|300039|300259|002372|002327|600658|300009|002677|601965|600252|300303|002293|300015|600105|002158|002701|600987|300382|002271,000848|002158|002271|002293|002327|002372|002677|002701|300009|300015|300039|300259|300303|300382|600105|600252|600658|600816|600987|601965,,002651|002572|002595|600197|000672|002007|300383|300381,
2015-05-04,20,20,000848|600816|300403|300039|300395|002372|300303|300365|300015|300412|300009|600987|300390|600398|300375|300382|002035|002701|002085|002662,000848|002035|002085|002372|002662|002701|300009|300015|300039|300303|300365|300375|300382|300390|300395|300403|300412|600398|600816|600987,,300259|002327|600658|002677|601965|600252|002293|600105|002158|002271,
2015-06-01,16,16,600816|300394|600252|300432|002372|603601|600398|600987|300009|300390|600452|603766|603889|600742|000789|601006,000789|002372|300009|300390|300394|300432|600252|600398|600452|600742|600816|600987|601006|603601|603766|603889,,000848|300039|300303|300015|300382|002701|300403|300395|300365|300412|300375|002035|002085|002662,
2015-07-01,20,20,000848|002749|600816|300394|600252|300403|300432|300395|300303|002372|603601|300412|300009|600987|300015|300390|300375|601515|002293|002271,000848|002271|002293|002372|002749|300009|300015|300303|300375|300390|300394|300395|300403|300412|300432|600252|600816|600987|601515|603601,,600398|600452|603766|603889|600742|000789|601006,
2015-08-03,20,20,000848|002749|300394|600252|300403|300039|300432|300303|300395|002372|600197|603601|300393|002158|600816|002440|300009|601515|600987|300015,000848|002158|002372|002440|002749|300009|300015|300039|300303|300393|300394|300395|300403|300432|600197|600252|600816|600987|601515|603601,,300390|300412|300375|002293|002271,
2015-09-01,20,20,300357|000848|002749|600252|600452|300394|600816|300395|300403|002372|300039|603369|300440|600197|300432|603025|300015|300009|600398|002293,000848|002293|002372|002749|300009|300015|300039|300357|300394|300395|300403|300432|300440|600197|600252|600398|600452|600816|603025|603369,,300303|603601|601515|600987|300393|002158|002440,
2015-10-08,20,20,000848|002749|600452|300394|300395|300403|300039|002372|600816|603369|600398|002007|600197|300432|300015|300009|000811|601515|002293|600987,000811|000848|002007|002293|002372|002749|300009|300015|300039|300394|300395|300403|300432|600197|600398|600452|600816|600987|601515|603369,,600252|300357|300440|603025,
2015-11-02,20,19,002749|000848|600452|600252|002372|300394|600816|300039|300009|300015|300432|300403|603369|600987|601515|002293|600398|600236|300382|603601,000848|002293|002372|002749|300009|300015|300039|300382|300394|300403|300432|600236|600252|600398|600452|600816|600987|601515|603369,603601,300395|600197|002007|000811,
2015-12-01,20,20,000848|600452|600252|002372|600816|300039|300394|300015|600398|300432|002293|601515|300403|002677|600987|600236|002440|300382|603601|002706,000848|002293|002372|002440|002677|002706|300015|300039|300382|300394|300403|300432|600236|600252|600398|600452|600816|600987|601515|603601,,002749|300009|603369,
2016-01-04,20,20,002749|000848|600252|002372|300039|300394|600816|300015|300432|600398|300403|002293|600987|601515|002677|600236|300382|603601|002440|002706,000848|002293|002372|002440|002677|002706|002749|300015|300039|300382|300394|300403|300432|600236|600252|600398|600816|600987|601515|603601,,600452,
2016-02-01,20,20,002749|000848|600252|300395|002372|002595|300039|600816|300394|600398|002327|300026|300015|300009|002293|002415|300432|601515|300403|603369,000848|002293|002327|002372|002415|002595|002749|300009|300015|300026|300039|300394|300395|300403|300432|600252|600398|600816|601515|603369,,600987|002677|600236|300382|603601|002440|002706,
2016-03-01,20,20,002749|000848|300357|600252|300395|002372|601098|300039|600816|300394|002327|300026|300009|300015|600398|300146|002293|300403|603369|601515,000848|002293|002327|002372|002749|300009|300015|300026|300039|300146|300357|300394|300395|300403|600252|600398|600816|601098|601515|603369,,300432|002595|002415,
2016-04-01,20,20,002749|000848|600452|600252|300395|002372|300039|600816|300394|300026|300015|300009|600398|300403|002293|601515|002677|300412|600987|600236,000848|002293|002372|002677|002749|300009|300015|300026|300039|300394|300395|300403|300412|600236|600252|600398|600452|600816|600987|601515,,002327|603369|300357|601098|300146,
2016-05-03,20,20,002749|000848|300394|002372|603806|002327|600658|002677|603601|300015|601515|600816|600987|002271|603010|300026|603766|002419|600483|002152,000848|002152|002271|002327|002372|002419|002677|002749|300015|300026|300394|600483|600658|600816|600987|601515|603010|603601|603766|603806,,600252|300395|300039|300009|600398|300403|002293|600452|300412|600236,
2016-06-01,20,18,002749|000848|300394|603806|300432|600658|002677|601515|300015|600750|600987|600816|002706|002293|603010|600273|300009|600398|000902|002419,000848|000902|002293|002419|002677|002706|002749|300015|300394|600273|600398|600658|600750|600816|600987|601515|603010|603806,300432|300009,002372|300026|002327|603601|002271|603766|600483|002152,
2016-07-01,20,20,002027|002749|000848|600894|300394|002372|603806|300432|002327|603669|002677|600658|002706|603027|600987|603568|601515|002324|600816|600273,000848|002027|002324|002327|002372|002677|002706|002749|300394|300432|600273|600658|600816|600894|600987|601515|603027|603568|603669|603806,,300015|603010|002419|600750|002293|600398|000902,
2016-08-01,20,20,002027|002749|000848|600894|603866|300394|002372|603806|300432|002677|603669|600658|300015|002706|601515|603027|600987|603568|600816|002382,000848|002027|002372|002382|002677|002706|002749|300015|300394|300432|600658|600816|600894|600987|601515|603027|603568|603669|603806|603866,,600273|002327|002324,
2016-09-01,20,20,002027|000848|002749|603866|600894|300403|002677|300394|002372|603806|002714|300432|600658|603669|600816|300015|603027|600987|300450|601515,000848|002027|002372|002677|002714|002749|300015|300394|300403|300432|300450|600658|600816|600894|600987|601515|603027|603669|603806|603866,,002706|603568|002382,
2016-10-10,20,19,002027|000848|600894|002677|300394|002372|603806|002714|300432|002709|300412|600658|600816|300015|603601|603027|603737|600987|300450|600398,000848|002027|002372|002677|002709|002714|300015|300394|300412|300432|300450|600398|600658|600816|600894|600987|603027|603737|603806,603601,002749|603866|603669|601515|300403,
2016-11-01,20,20,002027|000848|002372|300394|002714|002677|002124|603806|300432|600816|300015|002091|002507|603889|002003|300412|600987|603737|603027|603568,000848|002003|002027|002091|002124|002372|002507|002677|002714|300015|300394|300412|300432|600816|600987|603027|603568|603737|603806|603889,,600894|600658|300450|002709|600398,
2016-12-01,20,20,002027|000848|002372|300394|002714|002677|002709|002124|603806|300432|600816|300015|002091|002507|603889|002003|600987|603737|603027|603568,000848|002003|002027|002091|002124|002372|002507|002677|002709|002714|300015|300394|300432|600816|600987|603027|603568|603737|603806|603889,,300412,
2017-01-03,20,20,002027|000848|002749|002372|300394|002714|002677|002709|002124|603806|300525|300432|603669|300015|002091|600816|002507|603889|002003|300412,000848|002003|002027|002091|002124|002372|002507|002677|002709|002714|002749|300015|300394|300412|300432|300525|600816|603669|603806|603889,,600987|603737|603027|603568,
2017-02-03,20,20,000848|002027|002749|300357|603866|300394|002372|002714|300403|002677|603806|300525|002709|300432|002124|603669|603889|300015|002507|002091,000848|002027|002091|002124|002372|002507|002677|002709|002714|002749|300015|300357|300394|300403|300432|300525|603669|603806|603866|603889,,600816|002003|300412,
2017-03-01,20,20,000848|002027|002749|300394|002372|300403|002677|300525|603806|002709|300432|002124|002714|603669|603889|300015|002507|002091|300412|002003,000848|002003|002027|002091|002124|002372|002507|002677|002709|002714|002749|300015|300394|300403|300412|300432|300525|603669|603806|603889,,300357|603866,
2017-04-05,20,20,002027|000848|002749|300394|300403|002372|002677|603806|300525|002124|002709|002714|603669|300015|002091|603889|002507|300412|002003|603737,000848|002003|002027|002091|002124|002372|002507|002677|002709|002714|002749|300015|300394|300403|300412|300525|603669|603737|603806|603889,,300432,
2017-05-02,20,20,000848|002749|002027|300394|603866|002372|603025|603806|002709|002714|002124|300568|600987|300015|002507|603568|600273|600894|002001|603766,000848|002001|002027|002124|002372|002507|002709|002714|002749|300015|300394|300568|600273|600894|600987|603025|603568|603766|603806|603866,,300403|002677|300525|603669|002091|603889|300412|002003|603737,
2017-06-01,20,20,002749|002027|300595|300394|603811|300590|603866|002372|002677|603025|603023|603806|002714|300507|002327|300568|603738|603568|300015|603701,002027|002327|002372|002677|002714|002749|300015|300394|300507|300568|300590|300595|603023|603025|603568|603701|603738|603806|603811|603866,,000848|002709|002124|002507|600987|600273|600894|002001|603766,
2017-07-03,20,20,000848|002749|300595|300394|603811|300590|603866|300623|603025|603806|002677|300622|603060|002709|002837|002372|300581|000541|300507|002746,000541|000848|002372|002677|002709|002746|002749|002837|300394|300507|300581|300590|300595|300622|300623|603025|603060|603806|603811|603866,,002027|002714|300568|603568|300015|603023|002327|603738|603701,
2017-08-01,20,20,000848|002749|300640|300595|002832|300394|603811|002867|603866|300623|603360|002027|603037|002372|002677|603025|002825|000541|603806|300622,000541|000848|002027|002372|002677|002749|002825|002832|002867|300394|300595|300622|300623|300640|603025|603037|603360|603806|603811|603866,,300590|300507|603060|002709|002837|300581|002746,
2017-09-01,20,20,002027|000848|002749|300394|000036|603811|002832|603866|603360|002867|603025|300623|300595|002372|000541|603638|300622|603060|300522|002709,000036|000541|000848|002027|002372|002709|002749|002832|002867|300394|300522|300595|300622|300623|603025|603060|603360|603638|603811|603866,,002677|603806|300640|603037|002825,
2017-10-09,20,20,000848|002027|002749|000036|300394|603811|002832|603866|603360|002867|300595|002372|000541|603226|603638|002790|300622|600750|603060|002709,000036|000541|000848|002027|002372|002709|002749|002790|002832|002867|300394|300595|300622|600750|603060|603226|603360|603638|603811|603866,,603025|300623|300522,
2017-11-01,20,20,002749|000848|600641|000036|000541|603811|002027|603037|603866|300394|300595|002832|002372|603360|002763|002867|603638|600507|002790|000055,000036|000055|000541|000848|002027|002372|002749|002763|002790|002832|002867|300394|300595|600507|600641|603037|603360|603638|603811|603866,,300622|603060|002709|603226|600750,
2017-12-01,20,20,002749|000848|300640|000036|002027|000541|603811|603037|603866|300394|002110|300595|002372|603360|002763|600167|600750|002793|300497|002867,000036|000541|000848|002027|002110|002372|002749|002763|002793|002867|300394|300497|300595|300640|600167|600750|603037|603360|603811|603866,,002832|603638|002790|600641|600507|000055,
2018-01-02,20,20,002749|000848|300640|000036|000541|603811|300590|603037|603866|002110|300394|300595|002372|002027|603360|600167|002763|300623|600750|002793,000036|000541|000848|002027|002110|002372|002749|002763|002793|300394|300590|300595|300623|300640|600167|600750|603037|603360|603811|603866,,002867|300497,
2018-02-01,20,20,600161|002749|000848|600641|300640|002827|603811|300590|000541|603037|000036|603866|300394|300595|002832|603360|603997|300623|002763|600167,000036|000541|000848|002749|002763|002827|002832|300394|300590|300595|300623|300640|600161|600167|600641|603037|603360|603811|603866|603997,,002110|002372|002027|600750|002793,
2018-03-01,20,20,600161|002749|000848|600641|002827|000036|000541|603811|300590|603037|603866|300394|300595|002832|603997|603360|002372|002763|600167|300623,000036|000541|000848|002372|002749|002763|002827|002832|300394|300590|300595|300623|600161|600167|600641|603037|603360|603811|603866|603997,,300640,
2018-04-02,20,20,002749|000848|300640|000036|000541|603811|300590|603037|002110|300394|002027|300595|002832|002372|603360|002763|300623|600750|002793|002818,000036|000541|000848|002027|002110|002372|002749|002763|002793|002818|002832|300394|300590|300595|300623|300640|600750|603037|603360|603811,,600161|600641|002827|603866|603997|600167,
2018-05-02,20,20,000848|002749|002110|600161|002517|002027|600507|603037|300640|300595|603730|603798|600167|002867|000055|002860|002818|002793|603568|603638,000055|000848|002027|002110|002517|002749|002793|002818|002860|002867|300595|300640|600161|600167|600507|603037|603568|603638|603730|603798,,000036|000541|603811|300590|300394|002832|002372|603360|002763|300623|600750,
2018-06-01,20,20,000848|002749|002110|600161|600507|002027|603037|300595|603730|300627|002860|600167|002818|002793|603638|603127|603060|600987|000672|002108,000672|000848|002027|002108|002110|002749|002793|002818|002860|300595|300627|600161|600167|600507|600987|603037|603060|603127|603638|603730,,300640|002517|603798|002867|000055|603568,
2018-07-02,20,20,000848|002749|002110|600161|002517|600507|002027|000016|300640|603871|000785|300735|603203|603025|603730|603798|002923|300627|002867|000055,000016|000055|000785|000848|002027|002110|002517|002749|002867|002923|300627|300640|300735|600161|600507|603025|603203|603730|603798|603871,,603037|300595|002860|600167|002818|002793|603638|603127|603060|600987|000672|002108,
2018-08-01,20,20,000848|002749|002110|002517|600161|600507|000016|603037|603025|300640|603871|300595|000785|300735|603203|603730|603798|300687|300446|002923,000016|000785|000848|002110|002517|002749|002923|300446|300595|300640|300687|300735|600161|600507|603025|603037|603203|603730|603798|603871,,002027|300627|002867|000055,
2018-09-03,20,20,300428|000848|002677|002749|002110|600507|600641|002517|603165|603871|603037|000785|603730|603040|600681|603203|300595|300623|603025|603357,000785|000848|002110|002517|002677|002749|300428|300595|300623|600507|600641|600681|603025|603037|603040|603165|603203|603357|603730|603871,,600161|000016|300640|300735|603798|002923|300687|300446,
2018-10-08,20,20,300428|000848|600516|002677|002749|002110|600507|600641|002517|603165|603871|603037|000785|603730|002832|603040|600681|603203|300595|300623,000785|000848|002110|002517|002677|002749|002832|300428|300595|300623|600507|600516|600641|600681|603037|603040|603165|603203|603730|603871,,603025|603357,
2018-11-01,20,20,000848|000708|002749|002677|600507|600516|002110|600738|300272|603165|000785|002833|603037|000790|603357|300595|300121|300623|300446|603203,000708|000785|000790|000848|002110|002677|002749|002833|300121|300272|300446|300595|300623|600507|600516|600738|603037|603165|603203|603357,,300428|600641|002517|603871|603730|603040|600681|002832,
2018-12-03,20,20,300428|000848|000708|002749|002677|600507|600516|002110|600738|300272|603165|002833|603037|000785|300595|603357|300623|300121|300446|603203,000708|000785|000848|002110|002677|002749|002833|300121|300272|300428|300446|300595|300623|600507|600516|600738|603037|603165|603203|603357,,000790,
2019-01-02,20,20,000848|002749|600507|002677|600516|002110|600738|002626|300272|603165|000785|002833|603037|000790|002027|603357|300595|300121|300623|300446,000785|000790|000848|002027|002110|002626|002677|002749|002833|300121|300272|300446|300595|300623|600507|600516|600738|603037|603165|603357,,000708|603203|300428,
2019-02-01,20,20,300428|000848|000708|002749|002677|600507|600516|002110|600738|002626|300272|603165|002833|603037|000790|000785|603357|300595|300121|300623,000708|000785|000790|000848|002110|002626|002677|002749|002833|300121|300272|300428|300595|300623|600507|600516|600738|603037|603165|603357,,300446|002027,
2019-03-01,20,20,000848|000708|002749|002677|600507|600516|002110|600738|603165|002833|603037|603357|300121|300623|603025|603387|603811|600167|603360|002884,000708|000848|002110|002677|002749|002833|002884|300121|300623|600167|600507|600516|600738|603025|603037|603165|603357|603360|603387|603811,,002626|300272|000790|000785|300595|300428,
2019-04-01,20,20,000848|000708|002749|600507|002110|600738|603165|603037|000785|603357|300121|300623|603025|603811|600167|002884|603360|603871|603669|603701,000708|000785|000848|002110|002749|002884|300121|300623|600167|600507|600738|603025|603037|603165|603357|603360|603669|603701|603811|603871,,002677|600516|002833|603387,
2019-05-06,20,20,300107|000848|600738|002677|600516|002749|002110|002932|000055|603203|300121|603037|603165|603357|300547|300640|603360|002884|603060|603871,000055|000848|002110|002677|002749|002884|002932|300107|300121|300547|300640|600516|600738|603037|603060|603165|603203|603357|603360|603871,,000708|600507|300623|603025|603811|600167|000785|603669|603701,
2019-06-03,20,20,300107|000848|600738|002677|002749|600507|002110|000055|002833|603203|300121|002343|603037|603165|603357|000672|603360|300640|603060|300547,000055|000672|000848|002110|002343|002677|002749|002833|300107|300121|300547|300640|600507|600738|603037|603060|603165|603203|603357|603360,,002884|603871|600516|002932,
2019-07-01,20,20,300107|000848|600738|002677|002749|600507|002110|000055|002833|300121|603037|603165|603357|603360|300640|002884|300547|603871|603060|300722,000055|000848|002110|002677|002749|002833|002884|300107|300121|300547|300640|300722|600507|600738|603037|603060|603165|603357|603360|603871,,603203|002343|000672,
2019-08-01,20,20,300107|000848|600738|002749|600507|000055|002932|002833|603203|603037|603165|300121|603357|000672|300640|300547|002884|603060|603871|603027,000055|000672|000848|002749|002833|002884|002932|300107|300121|300547|300640|600507|600738|603027|603037|603060|603165|603203|603357|603871,,002677|002110|603360|300722,
2019-09-02,20,20,000708|300107|000848|600738|002749|002532|603871|002746|600507|000672|603360|603203|002932|002884|603519|002833|000055|603165|300547|603811,000055|000672|000708|000848|002532|002746|002749|002833|002884|002932|300107|300547|600507|600738|603165|603203|603360|603519|603811|603871,,603037|300121|603357|300640|603060|603027,
2019-10-08,20,20,000708|300107|000848|600738|002458|002677|002749|002532|603871|002746|600507|603360|603203|002932|002884|000672|603519|002833|000055|603165,000055|000672|000708|000848|002458|002532|002677|002746|002749|002833|002884|002932|300107|600507|600738|603165|603203|603360|603519|603871,,300547|603811,
2019-11-01,20,20,000848|300107|002532|002749|603360|002746|000672|603165|603519|603203|002884|000055|600507|002867|002833|603871|300763|603811|300640|603697,000055|000672|000848|002532|002746|002749|002833|002867|002884|300107|300640|300763|600507|603165|603203|603360|603519|603697|603811|603871,,000708|600738|002932|002458|002677,
2019-12-02,20,20,000848|300107|002677|002532|002749|603360|002746|002372|000672|603165|600618|603519|002884|603203|000055|002867|600507|002833|603871|300763,000055|000672|000848|002372|002532|002677|002746|002749|002833|002867|002884|300107|300763|600507|600618|603165|603203|603360|603519|603871,,603811|300640|603697,
2020-01-02,20,20,000848|300107|002532|002749|603360|002746|603165|603519|002884|000055|002867|600507|603871|300763|603811|300640|603697|002016|603505|300547,000055|000848|002016|002532|002746|002749|002867|002884|300107|300547|300640|300763|600507|603165|603360|603505|603519|603697|603811|603871,,000672|603203|002833|002677|002372|600618,
2020-02-03,20,20,002458|000848|300107|002677|002532|002749|603360|002746|002372|000672|603519|603165|002884|000055|002867|600507|603871|603811|300640|603697,000055|000672|000848|002372|002458|002532|002677|002746|002749|002867|002884|300107|300640|600507|603165|603360|603519|603697|603811|603871,,002016|603505|300547,300763
2020-03-02,20,20,000848|300107|002677|002532|002749|603360|002746|002372|603519|603165|002884|000055|002867|600507|603871|603811|300640|603697|300547|603505,000055|000848|002372|002532|002677|002746|002749|002867|002884|300107|300547|300640|600507|603165|603360|603505|603519|603697|603811|603871,,002458|000672,
2020-04-01,20,20,000848|300107|002677|002532|002749|603360|002746|002372|603519|603165|002832|002884|600507|002867|002833|603871|603811|300640|603697|002016,000848|002016|002372|002532|002677|002746|002749|002832|002833|002867|002884|300107|300640|600507|603165|603360|603519|603697|603811|603871,,000055|300547|603505,
2020-05-06,20,20,600052|300795|000848|002746|603360|002749|002833|603871|002884|603811|002182|603730|002818|603505|603277|002867|603519|603181|600987|300179,000848|002182|002746|002749|002818|002833|002867|002884|300179|300795|600052|600987|603181|603277|603360|603505|603519|603730|603811|603871,,300107|002677|002532|002372|603165|600507|300640|603697|002832|002016,
2020-06-01,20,20,600052|300795|000848|002677|002746|603360|002749|603327|603871|603165|603730|002182|300371|002818|603277|603505|002860|603181|603519|300179,000848|002182|002677|002746|002749|002818|002860|300179|300371|300795|600052|603165|603181|603277|603327|603360|603505|603519|603730|603871,,002833|002884|603811|002867|600987,
2020-07-01,20,20,600052|300795|000848|002677|002746|300821|603360|002749|603327|603871|603165|603811|002818|002182|603277|603519|300179|600987|600452|603669,000848|002182|002677|002746|002749|002818|300179|300795|300821|600052|600452|600987|603165|603277|603327|603360|603519|603669|603811|603871,,603730|603505|603181|300371|002860,
2020-08-03,20,20,600052|300795|000848|002746|603360|002749|603871|002884|603811|300640|603505|603519|300179|600987|002035|600452|002440|600989|603298|000717,000717|000848|002035|002440|002746|002749|002884|300179|300640|300795|600052|600452|600987|600989|603298|603360|603505|603519|603811|603871,,002677|603327|603165|002818|002182|603277|300821|603669,
2020-09-01,20,20,000848|603360|002746|002749|603327|603871|300640|002381|002443|002003|603811|002909|603505|002014|002489|600846|002035|600273|000717|601225,000717|000848|002003|002014|002035|002381|002443|002489|002746|002749|002909|300640|600273|600846|601225|603327|603360|603505|603811|603871,,600052|300795|603519|300179|600987|600452|002884|002440|600989|603298,
2020-10-09,20,20,000848|002458|603360|002746|002749|603327|603871|300640|002960|002381|002443|002003|603811|002909|002182|603505|002014|002860|603326|002489,000848|002003|002014|002182|002381|002443|002458|002489|002746|002749|002860|002909|002960|300640|603326|603327|603360|603505|603811|603871,,002035|000717|600846|600273|601225,
2020-11-02,20,19,000848|002749|603360|002458|002746|603327|603165|002443|002960|002381|603871|002014|603505|603811|002003|002088|603682|300403|603277|002909,000848|002003|002014|002088|002381|002443|002458|002746|002749|002909|002960|603165|603277|603327|603360|603505|603682|603811|603871,300403,300640|002489|002182|002860|603326,
2020-12-01,20,20,000848|002749|603360|002458|002746|603327|603165|002443|002381|002014|603871|603505|603811|002003|002088|603682|002394|300403|002909|600051,000848|002003|002014|002088|002381|002394|002443|002458|002746|002749|002909|300403|600051|603165|603327|603360|603505|603682|603811|603871,,002960|603277,
2021-01-04,20,20,000848|002749|603360|002458|002746|603327|603165|002443|002960|002381|300765|603871|002014|603505|603811|002003|002088|300403|603682|002394,000848|002003|002014|002088|002381|002394|002443|002458|002746|002749|002960|300403|300765|603165|603327|603360|603505|603682|603811|603871,,002909|600051,
2021-02-01,20,20,000848|002749|603360|002458|002746|603327|300394|603165|002443|002960|300371|002381|603551|300765|002014|603871|603505|002003|603811|002100,000848|002003|002014|002100|002381|002443|002458|002746|002749|002960|300371|300394|300765|603165|603327|603360|603505|603551|603811|603871,,002088|300403|603682|002394,
2021-03-01,20,19,000848|002749|603360|002458|002746|603327|300394|603165|002443|300371|002381|603551|300765|002014|603871|603505|603811|002003|300403|002088,000848|002003|002014|002381|002443|002458|002746|002749|300371|300394|300403|300765|603165|603327|603360|603505|603551|603811|603871,002088,002960|002100,
2021-04-01,20,20,000848|002749|603360|002746|603327|300394|603165|002443|300371|002381|603551|300765|002014|603871|603505|002100|002003|603811|300811|002233,000848|002003|002014|002100|002233|002381|002443|002746|002749|300371|300394|300765|300811|603165|603327|603360|603505|603551|603811|603871,,002458|300403,
2021-05-06,20,20,300559|603327|002107|300658|002469|002381|600167|002443|300371|300394|603811|603165|603505|002233|002020|002003|603871|002014|002960|002763,002003|002014|002020|002107|002233|002381|002443|002469|002763|002960|300371|300394|300559|300658|600167|603165|603327|603505|603811|603871,,000848|002749|603360|002746|603551|300765|002100|300811,
2021-06-01,20,20,000848|002582|300559|603327|002987|002107|002469|002381|300371|002443|603811|300394|603505|601568|605169|300259|603871|002960|002003|002763,000848|002003|002107|002381|002443|002469|002582|002763|002960|002987|300259|300371|300394|300559|601568|603327|603505|603811|603871|605169,,603165|002233|002014|300658|600167|002020,
2021-07-01,20,20,000848|002582|300559|603327|002107|603360|002987|300658|002469|600507|002381|002443|601568|603811|605169|603505|603165|300394|300259|603871,000848|002107|002381|002443|002469|002582|002987|300259|300394|300559|300658|600507|601568|603165|603327|603360|603505|603811|603871|605169,,300371|002960|002003|002763,
2021-08-02,20,20,000848|002582|603327|002107|603360|002987|688191|002469|600507|002124|002381|002443|002014|601568|603811|603165|605169|300259|603871|002960,000848|002014|002107|002124|002381|002443|002469|002582|002960|002987|300259|600507|601568|603165|603327|603360|603811|603871|605169|688191,,300559|603505|300394|300658,
2021-09-01,20,19,600507|002127|600571|002107|002469|603327|002763|002987|603360|601568|300259|603811|300622|300394|002014|600173|002233|600867|603871|002020,002014|002020|002107|002127|002233|002469|002763|002987|300259|300394|300622|600173|600507|600867|601568|603327|603360|603811|603871,600571,000848|002582|002381|002443|603165|605169|688191|002124|002960,
2021-10-08,20,19,000848|600507|002127|603327|002469|600571|002107|002763|002987|603565|603360|601568|603811|300259|605277|002014|603871|002960|300394|605500,000848|002014|002107|002127|002469|002763|002960|002987|300259|300394|600507|601568|603327|603360|603565|603811|603871|605277|605500,600571,300622|600173|002233|600867|002020,
2021-11-01,20,20,000848|600507|002469|300701|603565|002127|002107|600571|603327|300259|002763|603811|603360|605277|002987|601568|600173|300371|603058|002818,000848|002107|002127|002469|002763|002818|002987|300259|300371|300701|600173|600507|600571|601568|603058|603327|603360|603565|603811|605277,,002014|603871|300394|002960|605500,
2021-12-01,20,20,000848|600507|002469|603565|002127|002107|600571|603327|300259|002763|603811|603360|002987|600867|601568|002818|600173|603058|002043|002020,000848|002020|002043|002107|002127|002469|002763|002818|002987|300259|600173|600507|600571|600867|601568|603058|603327|603360|603565|603811,,605277|300701|300371,
2022-01-04,20,20,600507|002469|002127|603565|002107|600867|603327|601568|002763|603811|603360|002987|600273|600173|002818|002020|603058|002043|002233|002014,002014|002020|002043|002107|002127|002233|002469|002763|002818|002987|600173|600273|600507|600867|601568|603058|603327|603360|603565|603811,,000848|600571|300259,
2022-02-07,20,20,000848|600507|002469|002127|603565|002107|600571|603327|300259|002763|603811|600867|603360|605277|002987|601568|300622|002818|600173|603058,000848|002107|002127|002469|002763|002818|002987|300259|300622|600173|600507|600571|600867|601568|603058|603327|603360|603565|603811|605277,,002020|002043|600273|002233|002014,
2022-03-01,20,20,000848|600507|002469|002127|603565|002107|603327|300259|002763|603811|603360|600867|605277|002987|601568|300622|002818|600173|603058|002020,000848|002020|002107|002127|002469|002763|002818|002987|300259|300622|600173|600507|600867|601568|603058|603327|603360|603565|603811|605277,,600571,
2022-04-01,20,20,000848|600507|002469|300701|002127|603565|002107|603327|300259|002763|603811|603360|605277|002987|600867|601568|300622|002818|002351|603058,000848|002107|002127|002351|002469|002763|002818|002987|300259|300622|300701|600507|600867|601568|603058|603327|603360|603565|603811|605277,,600173|002020,
2022-05-05,20,20,000848|300158|300701|601636|300996|002749|002107|300502|002469|600507|003006|603040|600571|603360|002105|605377|603565|605277|600867|603095,000848|002105|002107|002469|002749|003006|300158|300502|300701|300996|600507|600571|600867|601636|603040|603095|603360|603565|605277|605377,,002127|603327|300259|002763|603811|002987|601568|300622|002818|603058|002351,
2022-06-01,20,20,300158|601636|600507|300701|002107|002749|002274|300996|300502|601388|002469|600571|003006|002105|603360|603565|600273|301263|605277|000949,000949|002105|002107|002274|002469|002749|003006|300158|300502|300701|300996|301263|600273|600507|600571|601388|601636|603360|603565|605277,,000848|600867|603040|605377|603095,
2022-07-01,20,19,002064|300158|600113|600572|301016|600507|002274|002107|002749|601919|600867|601388|002469|600571|605580|002553|002105|603565|605377|300371,002064|002105|002107|002274|002469|002749|300158|300371|301016|600113|600507|600571|600572|600867|601388|601919|603565|605377|605580,002553,601636|300701|300996|300502|003006|603360|605277|600273|301263|000949,
2022-08-01,20,20,002064|300158|600113|600572|600507|002274|002107|002749|603565|600867|002469|601919|600571|605580|002105|605377|600273|002774|603327|000949,000949|002064|002105|002107|002274|002469|002749|002774|300158|600113|600273|600507|600571|600572|600867|601919|603327|603565|605377|605580,,601388|301016|300371,
2022-09-01,20,20,300158|002825|600746|300765|600867|000552|600618|603519|600113|603002|002064|603327|600572|603565|002867|002469|001203|601919|603095|600273,000552|001203|002064|002469|002825|002867|300158|300765|600113|600273|600572|600618|600746|600867|601919|603002|603095|603327|603519|603565,,600507|002274|002107|002749|600571|605580|002105|605377|002774|000949,
2022-10-10,20,20,300158|002677|600746|300765|600618|600867|000552|603519|600113|002825|603002|002064|603327|603565|600572|000731|601919|300394|300993|002867,000552|000731|002064|002677|002825|002867|300158|300394|300765|300993|600113|600572|600618|600746|600867|601919|603002|603327|603519|603565,,002469|600273|001203|603095,
2022-11-01,20,20,300158|603519|002677|300765|000529|600113|002825|600867|603002|600618|600572|603327|603565|601919|000731|600746|605580|600873|300993|002105,000529|000731|002105|002677|002825|300158|300765|300993|600113|600572|600618|600746|600867|600873|601919|603002|603327|603519|603565|605580,,000552|002064|002867|300394,
2022-12-01,20,20,300158|603519|002677|300765|000529|600113|002825|600867|603002|600618|601919|603327|600572|603565|300394|000731|600746|600873|605580|002105,000529|000731|002105|002677|002825|300158|300394|300765|600113|600572|600618|600746|600867|600873|601919|603002|603327|603519|603565|605580,,300993,
2023-01-03,20,20,300158|603519|002677|300765|600113|002825|600867|603002|601919|600618|600572|603327|603565|300394|000731|601001|600746|605580|600873|002105,000731|002105|002677|002825|300158|300394|300765|600113|600572|600618|600746|600867|600873|601001|601919|603002|603327|603519|603565|605580,,000529,
2023-02-01,20,20,300158|603519|002677|600113|002825|603002|600867|600618|603327|603565|600572|000731|605580|600746|300993|002105|600971|600873|600273|002615,000731|002105|002615|002677|002825|300158|300993|600113|600273|600572|600618|600746|600867|600873|600971|603002|603327|603519|603565|605580,,300765|601919|300394|601001,
2023-03-01,20,20,300158|603519|600113|002825|603002|600618|603327|603565|600572|000731|605580|600746|002105|600873|600971|601919|600273|002615|603086|300453,000731|002105|002615|002825|300158|300453|600113|600273|600572|600618|600746|600873|600971|601919|603002|603086|603327|603519|603565|605580,,002677|600867|300993,
2023-04-03,20,20,300158|603519|000529|600113|002825|603002|600618|603327|603565|600572|000731|601001|605580|600746|300993|002105|600873|600971|600273|002615,000529|000731|002105|002615|002825|300158|300993|600113|600273|600572|600618|600746|600873|600971|601001|603002|603327|603519|603565|605580,,601919|603086|300453,
2023-05-04,20,20,002677|300158|000529|603095|002825|603002|603327|603551|603565|002105|603600|600971|000731|002615|603871|603086|300009|300453|002014|603088,000529|000731|002014|002105|002615|002677|002825|300009|300158|300453|600971|603002|603086|603088|603095|603327|603551|603565|603600|603871,,603519|600113|600618|600572|605580|600746|600873|600273|601001|300993,
2023-06-01,20,20,000848|002677|603162|300639|000529|002825|603002|603551|603327|002105|603600|300121|000822|603565|002615|603871|000731|603086|605006|605368,000529|000731|000822|000848|002105|002615|002677|002825|300121|300639|603002|603086|603162|603327|603551|603565|603600|603871|605006|605368,,300158|600971|603095|300009|300453|002014|603088,
2023-07-03,20,20,000848|002677|002030|603162|603360|000529|603095|603002|002836|603327|300121|603600|603565|002615|600971|605006|603086|300453|603871|605368,000529|000848|002030|002615|002677|002836|300121|300453|600971|603002|603086|603095|603162|603327|603360|603565|603600|603871|605006|605368,,002825|603551|002105|000731|300639|000822,
2023-08-01,20,20,000848|002677|603360|000529|603095|603162|002825|603002|002836|603551|603327|002022|300121|603600|603565|002615|000731|600971|603086|605006,000529|000731|000848|002022|002615|002677|002825|002836|300121|600971|603002|603086|603095|603162|603327|603360|603551|603565|603600|605006,,603871|605368|002030|300453,
2023-09-01,20,20,000848|002677|603360|000529|603095|002836|603551|603162|603871|002022|600971|603676|003000|603600|603088|300639|300009|002014|002030|600251,000529|000848|002014|002022|002030|002677|002836|003000|300009|300639|600251|600971|603088|603095|603162|603360|603551|603600|603676|603871,,603002|603327|300121|603565|002615|603086|605006|002825|000731,
2023-10-09,20,20,000848|002677|603360|000529|603095|002836|603551|603162|603871|002022|600971|603676|003000|603600|002871|603088|300639|603399|002014|300009,000529|000848|002014|002022|002677|002836|002871|003000|300009|300639|600971|603088|603095|603162|603360|603399|603551|603600|603676|603871,,002030|600251,
2023-11-01,20,20,000848|002677|603360|603551|603871|600251|603676|603088|002014|600971|002478|605368|002871|301039|300181|603811|300009|603600|603162|300453,000848|002014|002478|002677|002871|300009|300181|300453|301039|600251|600971|603088|603162|603360|603551|603600|603676|603811|603871|605368,,000529|603095|002836|002022|003000|300639|603399,
2023-12-01,20,20,000848|002677|603360|603551|603871|600251|002014|603088|002478|605368|300181|603811|600971|301039|603600|300009|603162|300453|002043|300575,000848|002014|002043|002478|002677|300009|300181|300453|300575|301039|600251|600971|603088|603162|603360|603551|603600|603811|603871|605368,,603676|002871,
2024-01-02,20,20,000848|002677|603360|603871|603551|600251|300206|603676|002014|603088|002478|605368|301039|300181|603811|600971|300009|603162|300453|002043,000848|002014|002043|002478|002677|300009|300181|300206|300453|301039|600251|600971|603088|603162|603360|603551|603676|603811|603871|605368,,603600|300575,
2024-02-01,20,20,000848|603519|002677|603360|603551|603871|600251|300206|603676|301277|300622|002728|603088|605580|002014|002871|002478|605368|603811|301039,000848|002014|002478|002677|002728|002871|300206|300622|301039|301277|600251|603088|603360|603519|603551|603676|603811|603871|605368|605580,,300181|600971|300009|603162|300453|002043,
2024-03-01,20,20,000848|002677|603360|603551|600251|603676|300206|301277|300622|603088|605580|002014|002871|002478|301039|603811|300009|300453|603600|301379,000848|002014|002478|002677|002871|300009|300206|300453|300622|301039|301277|301379|600251|603088|603360|603551|603600|603676|603811|605580,,603871|605368|603519|002728,
2024-04-01,20,20,000848|002677|603360|603551|600251|603676|301277|300622|603088|605580|002014|002871|301039|002478|300009|603811|300453|301379|300507|603162,000848|002014|002478|002677|002871|300009|300453|300507|300622|301039|301277|301379|600251|603088|603162|603360|603551|603676|603811|605580,,300206|603600,
2024-05-06,20,20,000848|002677|603551|603360|002615|300622|603676|002043|002154|603088|002478|300453|002327|300009|002014|301039|600251|603227|603730|600888,000848|002014|002043|002154|002327|002478|002615|002677|300009|300453|300622|301039|600251|600888|603088|603227|603360|603551|603676|603730,,301277|605580|002871|603811|301379|300507|603162,
2024-06-03,20,20,000848|002677|603360|002615|300622|603676|002154|002043|603088|002478|300453|300009|002327|301039|002014|600251|603227|603730|600867|000567,000567|000848|002014|002043|002154|002327|002478|002615|002677|300009|300453|300622|301039|600251|600867|603088|603227|603360|603676|603730,,603551|600888,
2024-07-01,20,20,000848|002677|000014|000707|603551|002517|603360|300192|688556|603027|300622|002043|002154|603088|002478|300009|300453|002327|301039|600251,000014|000707|000848|002043|002154|002327|002478|002517|002677|300009|300192|300453|300622|301039|600251|603027|603088|603360|603551|688556,,002615|603676|002014|603227|603730|600867|000567,
2024-08-01,20,20,000848|603519|002677|000014|000707|603551|603360|600493|002517|300192|688556|300622|002154|603027|603676|603819|002043|002360|605377|603088,000014|000707|000848|002043|002154|002360|002517|002677|300192|300622|600493|603027|603088|603360|603519|603551|603676|603819|605377|688556,,002478|300009|300453|002327|301039|600251,
2024-09-02,20,20,300795|000848|002677|000707|002749|603551|002517|603360|600493|300192|603819|603676|605377|001207|603088|002327|002088|300453|002154|002014,000707|000848|001207|002014|002088|002154|002327|002517|002677|002749|300192|300453|300795|600493|603088|603360|603551|603676|603819|605377,,000014|688556|300622|603027|002043|603519|002360,
2024-10-08,20,18,000848|002677|603551|600493|603676|603819|603088|002327|002014|002154|300453|600251|601065|300532|603067|002274|300441|603227|603730|600737,000848|002014|002154|002274|002327|002677|300453|600251|600493|600737|601065|603067|603088|603227|603551|603676|603730|603819,300532|300441,000707|002517|603360|300192|605377|300795|002749|001207|002088,
2024-11-01,18,18,000848|300441|002749|603551|603027|603088|300009|603676|002867|002014|605599|300453|605580|603730|603227|600873|002027|603993,000848|002014|002027|002749|002867|300009|300441|300453|600873|603027|603088|603227|603551|603676|603730|603993|605580|605599,,002677|600493|603819|002327|002154|600251|601065|603067|002274|600737,
2024-12-02,14,14,000848|300441|603551|603027|300009|603088|002014|300453|605580|603730|603227|600873|002027|603993,000848|002014|002027|300009|300441|300453|600873|603027|603088|603227|603551|603730|603993|605580,,603676|002749|002867|605599,
2025-01-02,16,16,000848|300441|603551|603027|300009|603676|603088|002014|300453|603067|603730|603227|601958|600873|002027|603993,000848|002014|002027|300009|300441|300453|600873|601958|603027|603067|603088|603227|603551|603676|603730|603993,,605580,
2025-02-05,18,18,000848|300441|603551|000707|002043|603027|300009|603676|603088|002014|300453|605599|603067|603730|603227|600873|002027|603993,000707|000848|002014|002027|002043|300009|300441|300453|600873|603027|603067|603088|603227|603551|603676|603730|603993|605599,,601958,
2025-03-03,17,17,000848|300441|603551|000707|002043|603027|603676|300009|603088|002014|300453|603730|603227|601958|600873|002027|603993,000707|000848|002014|002027|002043|300009|300441|300453|600873|601958|603027|603088|603227|603551|603676|603730|603993,,603067|605599,
2025-04-01,14,14,000848|300441|603551|000707|002043|603027|300009|603676|300453|603730|603227|600873|002027|603993,000707|000848|002027|002043|300009|300441|300453|600873|603027|603227|603551|603676|603730|603993,,603088|002014|601958,
2025-05-06,15,15,000848|603551|603871|002043|603676|002550|603811|002871|603088|300009|603730|601958|002027|601600|603993,000848|002027|002043|002550|002871|300009|601600|601958|603088|603551|603676|603730|603811|603871|603993,,300441|000707|603027|300453|603227|600873,
2025-06-03,12,12,603551|300441|603871|002043|002836|603811|603088|603730|002027|300453|601600|603993,002027|002043|002836|300441|300453|601600|603088|603551|603730|603811|603871|603993,,000848|603676|300009|002550|002871|601958,
2025-07-01,11,11,000848|300441|002372|002836|002043|603811|603088|300453|603730|601600|603993,000848|002043|002372|002836|300441|300453|601600|603088|603730|603811|603993,,603551|603871|002027,
2025-08-01,10,10,000848|300441|002836|002043|603811|603088|300453|603730|002170|603993,000848|002043|002170|002836|300441|300453|603088|603730|603811|603993,,601600|002372,
2025-09-01,7,7,000848|300441|002836|300453|603088|002027|601600,000848|002027|002836|300441|300453|601600|603088,,002043|603811|603730|603993|002170,
2025-10-09,8,8,000848|300441|002372|002836|603811|300453|002027|601600,000848|002027|002372|002836|300441|300453|601600|603811,,603088,
2025-11-03,6,6,000848|603811|000554|300453|600210|002027,000554|000848|002027|300453|600210|603811,,300441|002836|601600|002372,
2025-12-01,7,7,000848|603811|000554|300453|600210|600873|002027,000554|000848|002027|300453|600210|600873|603811,,,
2026-01-05,7,7,000848|603811|000554|300453|600210|600873|002027,000554|000848|002027|300453|600210|600873|603811,,,
2026-02-02,6,6,000848|603811|300453|002003|600210|002027,000848|002003|002027|300453|600210|603811,,000554|600873,
2026-03-02,6,6,000848|603811|300453|002003|600210|002027,000848|002003|002027|300453|600210|603811,,,
2026-04-01,6,6,000848|603811|300453|002003|600210|002027,000848|002003|002027|300453|600210|603811,,,
2026-05-06,5,5,000848|002107|600867|002546|002027,000848|002027|002107|002546|600867,,603811|300453|002003|600210,
2026-06-01,9,9,000848|002107|300824|600867|300453|000554|300009|002668|002027,000554|000848|002027|002107|002668|300009|300453|300824|600867,,002546,
2026-07-01,13,13,300795|000848|603551|002582|002107|600867|300824|300453|002372|300009|603998|002027|601600,000848|002027|002107|002372|002582|300009|300453|300795|300824|600867|601600|603551|603998,,000554|002668,
2026-08-03,11,11,000848|603551|002107|600867|300824|300453|002372|300009|603998|002027|601600,000848|002027|002107|002372|300009|300453|300824|600867|601600|603551|603998,,300795|002582,
