date,pos_ratio
2006-01-31,
2006-02-28,
2006-03-31,
2006-04-30,0.3
2006-05-31,0.3
2006-06-30,0.3
2006-07-31,0.3680822635204834
2006-08-31,0.48490851190747886
2006-09-30,0.5460108667842718
2006-10-31,0.604012908311391
2006-11-30,0.6150938650461851
2006-12-31,0.5777270308234815
2007-01-31,0.5004651767785405
2007-02-28,0.43911248047338497
2007-03-31,0.39679297997070906
2007-04-30,0.3674709881019639
2007-05-31,0.3480785882680413
2007-06-30,0.33358620832241154
2007-07-31,0.32347674913014474
2007-08-31,0.3164173019628714
2007-09-30,0.3209965717700052
2007-10-31,0.31920188690407664
2007-11-30,0.3134367206760645
2007-12-31,0.3227626372671481
2008-01-31,0.31593117510754926
2008-02-29,0.31115051416827083
2008-03-31,0.30780471892621714
2008-04-30,0.3054629892063277
2008-05-31,0.303823938578874
2008-06-30,0.30267668161624656
2008-07-31,0.30187364019254825
2008-08-31,0.3013115300353664
2008-09-30,0.3009180621562501
2008-10-31,0.3006426391638783
2008-11-30,0.3004498452854458
2008-12-31,0.30031489065647865
2009-01-31,0.30573389737845513
2009-02-28,0.36136639751946525
2009-03-31,0.397353442224961
2009-04-30,0.40612257534336615
2009-05-31,0.44765000372819874
2009-06-30,0.49000682411111063
2009-07-31,0.5138547920613153
2009-08-31,0.4496983258498976
2009-09-30,0.4047888140843516
2009-10-31,0.40357811227160184
2009-11-30,0.41407373566340755
2009-12-31,0.43662015279166055
2010-01-31,0.40189419216968875
2010-02-28,0.39589205249246406
2010-03-31,0.4085788122103717
2010-04-30,0.37600516771036646
2010-05-31,0.35320361698717856
2010-06-30,0.3372425316900868
2010-07-31,0.32606977208460103
2010-08-31,0.3783948656064894
2010-09-30,0.5246639573226868
2010-10-31,0.6220397704202167
2010-11-30,0.6545191046565466
2010-12-31,0.6581271600017711
2011-01-31,0.5506890118898501
2011-02-28,0.629728448262457
2011-03-31,0.6958030392672531
2011-04-30,0.5770621274448511
2011-05-31,0.49394348919070497
2011-06-30,0.43576044242335504
2011-07-31,0.39503230969138065
2011-08-31,0.3665226167815322
2011-09-30,0.34656583174587974
2011-10-31,0.33259608222153136
2011-11-30,0.3228172575547856
2011-12-31,0.31597208028820956
2012-01-31,0.31118045620167795
2012-02-29,0.3665447700526807
2012-03-31,0.3465813390367361
2012-04-30,0.5255705089264202
2012-05-31,0.6391753224916642
2012-06-30,0.5374227257439195
2012-07-31,0.4661959080206234
2012-08-31,0.4163371356143774
2012-09-30,0.38143599493003527
2012-10-31,0.3570051964510106
2012-11-30,0.33990363751570046
2012-12-31,0.5342575462610455
2013-01-31,0.665730282382758
2013-02-28,0.7591861976679436
2013-03-31,0.7944780482908719
2013-04-30,0.7229616439271714
2013-05-31,0.8056981507490241
2013-06-30,0.6539887055243117
2013-07-31,0.5477920938670157
2013-08-31,0.557318341919957
2013-09-30,0.6901228393439715
2013-10-31,0.6730026763560087
2013-11-30,0.7711018734492068
2013-12-31,0.7223875237865244
2014-01-31,0.6890361036198605
2014-02-28,0.6773252725339023
2014-03-31,0.5641276907737314
2014-04-30,0.48488938354161193
2014-05-31,0.4294225684791283
2014-06-30,0.4955957979353898
2014-07-31,0.646917058554773
2014-08-31,0.7528419409883412
2014-09-30,0.8269893586918389
2014-10-31,0.8788925510842873
2014-11-30,0.9152247857590011
2014-12-31,0.907769136780104
2015-01-31,0.9020974174951212
2015-02-28,0.8989161285368176
2015-03-31,0.8957912899757724
2015-04-30,0.8755289029830408
2015-05-31,0.8166447551782051
2015-06-30,0.7007078083503752
2015-07-31,0.5804954658452626
2015-08-31,0.4963468260916838
2015-09-30,0.43744277826417866
2015-10-31,0.3962099447849251
2015-11-30,0.36734696134944755
2015-12-31,0.47500793533033425
2016-01-31,0.42250555473123397
2016-02-29,0.38575388831186375
2016-03-31,0.3600277218183046
2016-04-30,0.3420194052728132
2016-05-31,0.32941358369096924
2016-06-30,0.5047790553087388
2016-07-31,0.6277188720711073
2016-08-31,0.7217032104497751
2016-09-30,0.7759957875227912
2016-10-31,0.8275970512659538
2016-11-30,0.8520433733308168
2016-12-31,0.6864303613315718
2017-01-31,0.6569724041735332
2017-02-28,0.7376056829214733
2017-03-31,0.6817998825657587
2017-04-30,0.6352867624979571
2017-05-31,0.5964780884537192
2017-06-30,0.5960084119176035
2017-07-31,0.6705077539677015
2017-08-31,0.7402554277773911
2017-09-30,0.7695098184406788
2017-10-31,0.8094416001588386
2017-11-30,0.7165019061778569
2017-12-31,0.6656712172974514
2018-01-31,0.6084252714560742
2018-02-28,0.5158976900192519
2018-03-31,0.4511283830134763
2018-04-30,0.4057898681094334
2018-05-31,0.3740529076766034
2018-06-30,0.3518370353736224
2018-07-31,0.3362859247615356
2018-08-31,0.32540014733307493
2018-09-30,0.3177801031331524
2018-10-31,0.31244607219320664
2018-11-30,0.30871225053524465
2018-12-31,0.3060985753746713
2019-01-31,0.3042690027622699
2019-02-28,0.49753830193358906
2019-03-31,0.6074024996732701
2019-04-30,0.6274800676610569
2019-05-31,0.6455937467008999
2019-06-30,0.6020987013033477
2019-07-31,0.5896441042917658
2019-08-31,0.5821945929322087
2019-09-30,0.5917013540662198
2019-10-31,0.5881826615864078
2019-11-30,0.5017278631104855
2019-12-31,0.6339595041773398
2020-01-31,0.7240125951389909
2020-02-29,0.6663066224322457
2020-03-31,0.556414635702572
2020-04-30,0.5397287177082238
2020-05-31,0.553194331188394
2020-06-30,0.664908148259785
2020-07-31,0.7357168997690253
2020-08-31,0.7582824736063445
2020-09-30,0.7437698072311157
2020-10-31,0.6709986043089273
2020-11-30,0.633603368372972
2020-12-31,0.5838507725353678
2021-01-31,0.549564033903874
2021-02-28,0.5360560910842761
2021-03-31,0.46523926375899327
2021-04-30,0.4902397538132304
2021-05-31,0.6124928276692613
2021-06-30,0.5872304231914061
2021-07-31,0.5781176724088534
2021-08-31,0.5823122044479602
2021-09-30,0.579492412541948
2021-10-31,0.562973424482324
2021-11-30,0.5781126471376268
2021-12-31,0.6736328883660931
2022-01-31,0.5615430218562651
2022-02-28,0.48308011529938555
2022-03-31,0.4281560807095699
2022-04-30,0.3897092564966989
2022-05-31,0.36279647954768923
2022-06-30,0.5105580655995174
2022-07-31,0.5359244331556513
2022-08-31,0.4651471032089559
2022-09-30,0.41560297224626913
2022-10-31,0.3809220805723884
2022-11-30,0.3566454564006719
2022-12-31,0.3396518194804703
2023-01-31,0.5283062736363293
2023-02-28,0.6545721001042372
2023-03-31,0.7098068354861887
2023-04-30,0.7572402897391869
2023-05-31,0.6200682028174308
2023-06-30,0.5240477419722015
2023-07-31,0.5431782415558495
2023-08-31,0.47022476908909466
2023-09-30,0.41915733836236624
2023-10-31,0.3834101368536563
2023-11-30,0.3583870957975594
2023-12-31,0.3408709670582916
2024-01-31,0.3286096769408041
2024-02-29,0.38650547012887515
2024-03-31,0.4210942696695998
2024-04-30,0.5264875571298457
2024-05-31,0.6298815709817728
2024-06-30,0.5309170996872409
2024-07-31,0.4616419697810686
2024-08-31,0.41314937884674796
2024-09-30,0.5060533982382313
2024-10-31,0.5359910500690563
2024-11-30,0.549412776098985
2024-12-31,0.6016261031226229
2025-01-31,0.667703517242124
2025-02-28,0.7537424620694868
2025-03-31,0.6984131985707923
2025-04-30,0.5788892389995546
2025-05-31,0.4952224672996882
2025-06-30,0.6291057271097819
2025-07-31,0.7165886235641239
2025-08-31,0.7773870364948868
2025-09-30,0.7986354197366045
2025-10-31,0.8328662460665333
2025-11-30,0.8455465276913724
2025-12-31,0.8525460690166076
2026-01-31,0.8715072483116253
2026-02-28,0.8757175250347579
2026-03-31,0.7030022675243304
2026-04-30,0.741727604701294
2026-05-31,0.747728192720754
2026-06-30,0.7307690651035654
2026-07-31,0.6015383455724957
2026-08-31,0.511076841900747
