date,trend_ma,trend_ma_hs300,mom,vol,f_val,f_credit,f_m2,f_evt_fx,f_evt_shibor,f_breadth,f_trend_comp,f_mom_comp,f_vol_comp,f_val_q3,f_val_q5,f_val_abs,f_val_deind,f_val_abs_v2,f_val_abs_s1,f_val_abs_s2,f_val_abs_s3,f_val_abs_s4,f_val_q5r
2006-01-31,0.0,0.0,,,1.0,1.0,0.85,1.0,1.0,1.0,0.3,,,1.0,1.0,0.961,1.0,0.961,0.9466,0.911,0.8576,0.9288,1.0
2006-02-28,0.0,0.0,,,1.0,1.0,0.85,1.0,1.0,0.8475965012078959,0.3,,,1.0,1.0,0.948,1.0,0.948,0.9388,0.898,0.8368,0.9184,1.0
2006-03-31,0.0,0.0,,,1.0,1.0,0.85,1.0,1.0,0.846685586494249,0.3,,,1.0,1.0,0.94925,1.0,0.94925,0.93955,0.89925,0.8388,0.9194,1.0
2006-04-30,0.0,0.0,,1.0,1.0,1.0,0.85,1.0,1.0,0.9896670673749088,0.3,,1.0,1.0,1.0,0.9049999999999999,1.0,0.9049999999999999,0.913,0.855,0.76,0.86,1.0
2006-05-31,0.0,0.0,,0.9531989677825248,1.0,1.0,0.85,1.0,1.0,1.0,0.3,,0.9531989677825248,1.0,1.0,0.8574999999999999,1.0,0.8574999999999999,0.8845000000000001,0.78625,0.665,0.765,1.0
2006-06-30,0.0,0.0,,0.8118418285808422,1.0,1.0,0.85,1.0,1.0,0.9970136808585328,0.3,,0.8118418285808422,1.0,1.0,0.85525,1.0,0.85525,0.88315,0.782875,0.6605000000000001,0.7605000000000001,1.0
2006-07-31,1.0,1.0,,0.71802557809728,1.0,1.0,0.85,1.0,1.0,0.8709308034684045,1.0,,0.71802557809728,1.0,1.0,0.8388571428571429,1.0,0.8388571428571429,0.8703428571428572,0.7555,0.6305000000000001,0.7153333333333334,1.0
2006-08-31,1.0,1.0,,0.9263648074286113,1.0,1.0,0.85,1.0,1.0,0.9932701100484831,1.0,,0.9263648074286113,1.0,1.0,0.8369285714285715,1.0,0.8369285714285715,0.8686714285714285,0.7521249999999999,0.627125,0.7093333333333334,1.0
2006-09-30,1.0,1.0,,0.9610537178813817,1.0,1.0,0.85,1.0,1.0,0.956672173851058,1.0,,0.9610537178813817,1.0,1.0,0.8202142857142857,1.0,0.8202142857142857,0.8541857142857143,0.7228749999999999,0.5978749999999999,0.6573333333333333,1.0
2006-10-31,1.0,1.0,,1.0,1.0,1.0,0.85,1.0,1.0,0.9472060405187731,1.0,,1.0,1.0,1.0,0.8435714285714285,1.0,0.8435714285714285,0.8744285714285714,0.7637499999999999,0.63875,0.73,1.0
2006-11-30,1.0,1.0,,1.0,1.0,1.0,0.85,1.0,1.0,0.9984489420653416,1.0,,1.0,1.0,1.0,0.7383571428571428,1.0,0.7383571428571428,0.7832428571428571,0.6398125,0.47983333333333333,0.49475,1.0
2006-12-31,1.0,1.0,,1.0,1.0,1.0,0.85,1.0,1.0,0.9678985145456325,1.0,,1.0,1.0,1.0,0.6434,1.0,0.6434,0.6934,0.512,0.381,0.4,1.0
2007-01-31,1.0,1.0,1.0,0.726540918580461,1.0,1.0,0.85,1.0,1.0,1.0,1.0,1.0,0.726540918580461,1.0,1.0,0.6004999999999999,1.0,0.6004999999999999,0.6505,0.4507142857142857,0.3503571428571428,0.4,1.0
2007-02-28,1.0,1.0,1.0,0.6244321995149806,1.0,1.0,0.85,1.0,1.0,1.0,1.0,1.0,0.6244321995149806,1.0,1.0,0.6,1.0,0.6,0.6485000000000001,0.45,0.35,0.4,1.0
2007-03-31,1.0,1.0,1.0,0.6174889052512726,1.0,1.0,0.85,1.0,1.0,1.0,1.0,1.0,0.6174889052512726,1.0,1.0,0.6,1.0,0.6,0.6363000000000001,0.45,0.35,0.4,1.0
2007-04-30,1.0,1.0,1.0,0.6549243676517219,1.0,1.0,0.85,1.0,1.0,1.0,1.0,1.0,0.6549243676517219,1.0,1.0,0.6012,1.0,0.6012,0.6512,0.4517142857142857,0.3508571428571428,0.4,1.0
2007-05-31,1.0,1.0,1.0,0.6739290394571802,1.0,1.0,0.85,1.0,1.0,1.0,1.0,1.0,0.6739290394571802,1.0,1.0,0.6,1.0,0.6,0.6073,0.45,0.35,0.4,1.0
2007-06-30,1.0,1.0,1.0,0.5,1.0,1.0,0.85,1.0,1.0,0.9726907779949594,1.0,1.0,0.5,1.0,1.0,0.6,1.0,0.6,0.6271,0.45,0.35,0.4,1.0
2007-07-31,1.0,1.0,1.0,0.5,1.0,1.0,0.85,1.0,1.0,1.0,1.0,1.0,0.5,1.0,1.0,0.6,1.0,0.6,0.5619000000000001,0.45,0.35,0.4,1.0
2007-08-31,1.0,1.0,1.0,0.5446769917199279,1.0,1.0,0.85,1.0,1.0,1.0,1.0,1.0,0.5446769917199279,1.0,1.0,0.6,1.0,0.6,0.5736,0.45,0.35,0.4,1.0
2007-09-30,1.0,1.0,1.0,0.7370148403760944,1.0,1.0,0.85,1.0,1.0,1.0,1.0,1.0,0.7370148403760944,1.0,1.0,0.6,1.0,0.6,0.55,0.45,0.35,0.4,1.0
2007-10-31,1.0,1.0,1.0,0.7467688424232652,1.0,1.0,0.85,1.0,1.0,0.9374345405880508,1.0,1.0,0.7467688424232652,1.0,1.0,0.6,1.0,0.6,0.55,0.45,0.35,0.4,1.0
2007-11-30,0.0,0.0,1.0,0.7235577877798418,1.0,1.0,0.85,1.0,1.0,0.9731098203108758,0.3,1.0,0.7235577877798418,1.0,1.0,0.6,1.0,0.6,0.5968,0.45,0.35,0.4,1.0
2007-12-31,1.0,1.0,1.0,0.765568324753794,1.0,1.0,0.85,1.0,1.0,1.0,1.0,1.0,0.765568324753794,1.0,1.0,0.6,1.0,0.6,0.5683,0.45,0.35,0.4,1.0
2008-01-31,0.0,0.0,1.0,0.6218411646697252,1.0,1.0,0.85,1.0,1.0,0.946248295002073,0.3,1.0,0.6218411646697252,1.0,1.0,0.6,1.0,0.6,0.6408,0.45,0.35,0.4,1.0
2008-02-29,0.5,0.0,1.0,0.5845282084104556,1.0,1.0,0.85,1.0,1.0,1.0,0.6499999999999999,1.0,0.5845282084104556,1.0,1.0,0.6,1.0,0.6,0.6476,0.45,0.35,0.4,1.0
2008-03-31,0.0,0.0,1.0,0.5,1.0,1.0,0.85,1.0,1.0,0.7855278721228998,0.3,1.0,0.5,1.0,1.0,0.6810999999999999,1.0,0.6810999999999999,0.7311,0.5708125000000001,0.4185,0.4311,1.0
2008-04-30,0.0,0.0,0.638895266862006,0.5,1.0,1.0,0.85,1.0,1.0,1.0,0.3,0.638895266862006,0.5,1.0,1.0,0.6759,1.0,0.6759,0.7259,0.5610625,0.4098333333333334,0.4259,1.0
2008-05-31,0.0,0.0,0.4,0.5,1.0,1.0,0.85,1.0,1.0,0.9614134539414,0.3,0.4,0.5,1.0,1.0,0.697,1.0,0.697,0.747,0.600625,0.445,0.447,1.0
2008-06-30,0.0,0.0,0.4,0.5,1.0,1.0,0.85,1.0,1.0,0.7970850169793066,0.3,0.4,0.5,1.0,1.0,0.8030714285714285,1.0,0.8030714285714285,0.8393285714285714,0.6964374999999999,0.5678749999999999,0.604,1.0
2008-07-31,0.0,0.0,0.4,0.5,1.0,1.0,0.85,1.0,1.0,1.0,0.3,0.4,0.5,1.0,1.0,0.7989999999999999,1.0,0.7989999999999999,0.8358,0.692875,0.5607500000000001,0.5913333333333335,1.0
2008-08-31,0.0,0.0,0.4,0.5,1.0,1.0,0.85,1.0,1.0,0.7574396539829285,0.3,0.4,0.5,1.0,1.0,0.8755,1.0,0.8755,0.8953,0.8132499999999999,0.701,0.8009999999999999,1.0
2008-09-30,0.0,0.0,0.4,0.5,1.0,1.0,0.85,1.0,1.0,0.9423827862376084,0.3,0.4,0.5,1.0,1.0,0.89625,1.0,0.89625,0.9077500000000001,0.844375,0.7425000000000002,0.8425,1.0
2008-10-31,0.0,0.0,0.4,0.5,1.0,1.0,0.85,1.0,1.0,0.7078352974341838,0.3,0.4,0.5,1.0,1.0,0.99825,1.0,0.99825,0.96895,0.94825,0.9172,0.9586,1.0
2008-11-30,0.0,0.0,0.4,0.5,1.0,1.0,0.85,1.0,1.0,1.0,0.3,0.4,0.5,1.0,1.0,0.976,1.0,0.976,0.9556,0.9259999999999999,0.8815999999999999,0.9408,1.0
2008-12-31,0.0,0.0,0.4,0.5,1.0,1.0,0.85,1.0,1.0,0.9580399390733592,0.3,0.4,0.5,1.0,1.0,0.9895,1.0,0.9895,0.9637,0.9395,0.9032,0.9516,1.0
2009-01-31,0.5,0.0,0.4,0.5389959134788149,1.0,1.0,0.85,1.0,1.0,1.0,0.6499999999999999,0.4,0.5389959134788149,1.0,1.0,0.95875,1.0,0.95875,0.94525,0.90875,0.854,0.927,1.0
2009-02-28,1.0,1.0,0.4,0.5497200470368855,1.0,1.0,0.85,1.0,1.0,1.0,1.0,0.4,0.5497200470368855,1.0,1.0,0.9435,1.0,0.9435,0.9361,0.8935,0.8296,0.9148000000000001,1.0
2009-03-31,1.0,1.0,0.4,0.5948684011880275,1.0,1.0,0.85,1.0,1.0,1.0,1.0,0.4,0.5948684011880275,1.0,1.0,0.8727499999999999,1.0,0.8727499999999999,0.89365,0.809125,0.6955,0.7955,1.0
2009-04-30,1.0,1.0,0.4,0.5822676426481347,1.0,1.0,0.85,1.0,1.0,1.0,1.0,0.4,0.5822676426481347,1.0,1.0,0.8257857142857142,1.0,0.8257857142857142,0.8590142857142857,0.732625,0.6076250000000001,0.6746666666666667,1.0
2009-05-31,1.0,1.0,0.4,0.7848621302789861,1.0,1.0,0.85,1.0,1.0,1.0,1.0,0.4,0.7848621302789861,1.0,1.0,0.8000714285714285,1.0,0.8000714285714285,0.8367285714285715,0.6938124999999999,0.562625,0.5946666666666668,1.0
2009-06-30,1.0,1.0,0.8390551804228137,0.972018718384586,1.0,1.0,0.85,1.0,1.0,0.9526873344955709,1.0,0.8390551804228137,0.972018718384586,1.0,1.0,0.7338571428571428,1.0,0.7338571428571428,0.7793428571428571,0.635875,0.47633333333333333,0.4895,1.0
2009-07-31,1.0,1.0,1.0,1.0,1.0,1.0,0.85,1.0,1.0,1.0,1.0,1.0,1.0,1.0,1.0,0.6803999999999999,1.0,0.6803999999999999,0.7303999999999999,0.5695,0.41733333333333333,0.4304,1.0
2009-08-31,0.0,0.0,1.0,0.6547778283694938,1.0,1.0,0.85,1.0,1.0,0.8991885743758887,0.3,1.0,0.6547778283694938,1.0,1.0,0.8097142857142857,1.0,0.8097142857142857,0.8450857142857143,0.7045,0.5795,0.6246666666666667,1.0
2009-09-30,0.0,0.0,1.0,0.594924350289352,1.0,1.0,0.85,1.0,1.0,1.0,0.3,1.0,0.594924350289352,1.0,1.0,0.7865714285714285,1.0,0.7865714285714285,0.8250285714285714,0.6819999999999999,0.5389999999999999,0.5526666666666666,1.0
2009-10-31,1.0,1.0,1.0,0.6050816529304547,1.0,1.0,0.85,1.0,1.0,1.0,1.0,1.0,0.6050816529304547,1.0,1.0,0.7640714285714285,1.0,0.7640714285714285,0.8055285714285714,0.6623125,0.4998333333333333,0.52475,1.0
2009-11-30,1.0,1.0,1.0,0.6854563145132453,1.0,1.0,0.85,1.0,1.0,1.0,1.0,1.0,0.6854563145132453,1.0,1.0,0.7383571428571428,1.0,0.7383571428571428,0.7832428571428571,0.6398125,0.47983333333333333,0.49475,1.0
2009-12-31,1.0,1.0,1.0,0.7903129627862383,1.0,1.0,0.85,1.0,1.0,0.9901530151090846,1.0,1.0,0.7903129627862383,1.0,1.0,0.7216428571428571,1.0,0.7216428571428571,0.7687571428571429,0.6251875,0.4668333333333334,0.47525000000000006,1.0
2010-01-31,0.5,0.0,1.0,0.778367420648677,1.0,1.0,0.85,1.0,1.0,0.9465688090446335,0.6499999999999999,1.0,0.778367420648677,1.0,1.0,0.7728571428571428,1.0,0.7728571428571428,0.8131428571428572,0.6699999999999999,0.5149999999999999,0.535,1.0
2010-02-28,0.5,0.0,1.0,0.8808374142805098,1.0,1.0,0.85,1.0,1.0,1.0,0.6499999999999999,1.0,0.8808374142805098,1.0,1.0,0.7694285714285714,1.0,0.7694285714285714,0.8101714285714285,0.6669999999999999,0.5089999999999999,0.531,1.0
2010-03-31,0.5,0.0,1.0,1.0,1.0,1.0,0.85,1.0,1.0,1.0,0.6499999999999999,1.0,1.0,1.0,1.0,0.7775714285714286,1.0,0.7775714285714286,0.8172285714285714,0.674125,0.52325,0.5405000000000001,1.0
2010-04-30,0.0,0.0,1.0,1.0,1.0,1.0,0.85,1.0,1.0,0.8796897141973335,0.3,1.0,1.0,1.0,1.0,0.8714999999999999,1.0,0.8714999999999999,0.8929,0.8072499999999999,0.693,0.7929999999999999,1.0
2010-05-31,0.0,0.0,0.9826228786314362,0.819729049007764,1.0,1.0,0.85,1.0,1.0,0.9298895766485993,0.3,0.9826228786314362,0.819729049007764,1.0,1.0,0.911,1.0,0.911,0.9166,0.861,0.772,0.872,1.0
2010-06-30,0.0,0.0,0.6359160033818272,0.7333106510429558,1.0,1.0,0.85,1.0,1.0,0.8176453808723132,0.3,0.6359160033818272,0.7333106510429558,1.0,1.0,0.93725,1.0,0.93725,0.93235,0.88725,0.8196,0.9098,1.0
2010-07-31,0.0,0.0,0.6386447913546527,0.7316255759695277,1.0,1.0,0.85,1.0,1.0,1.0,0.3,0.6386447913546527,0.7316255759695277,1.0,1.0,0.9027499999999999,1.0,0.9027499999999999,0.91165,0.8527499999999999,0.7555000000000001,0.8554999999999999,1.0
2010-08-31,0.5,0.0,1.0,0.8724981467247133,1.0,1.0,0.85,1.0,1.0,1.0,0.6499999999999999,1.0,0.8724981467247133,1.0,1.0,0.9325,1.0,0.9325,0.9295,0.8825,0.812,0.906,1.0
2010-09-30,1.0,1.0,0.9690553883979525,1.0,1.0,1.0,0.85,1.0,1.0,0.9812560935468839,1.0,0.9690553883979525,1.0,1.0,1.0,0.9325,1.0,0.9325,0.9295,0.8825,0.812,0.906,1.0
2010-10-31,1.0,1.0,1.0,1.0,1.0,1.0,0.85,1.0,1.0,1.0,1.0,1.0,1.0,1.0,1.0,0.8995,1.0,0.8995,0.9097,0.84925,0.7490000000000001,0.849,1.0
2010-11-30,1.0,1.0,0.8417670624766753,0.8303629535481243,1.0,1.0,0.85,1.0,1.0,1.0,1.0,0.8417670624766753,0.8303629535481243,1.0,1.0,0.9295,1.0,0.9295,0.9277,0.8795,0.8072,0.9036,1.0
2010-12-31,1.0,1.0,0.761992986822686,0.8160057907272943,1.0,1.0,0.85,1.0,1.0,0.9332644814273232,1.0,0.761992986822686,0.8160057907272943,1.0,1.0,0.92525,1.0,0.92525,0.92515,0.87525,0.8004,0.9002,1.0
2011-01-31,0.0,0.0,0.4423765199104903,0.7863771167103291,1.0,1.0,0.85,1.0,1.0,0.9873763210441986,0.3,0.4423765199104903,0.7863771167103291,1.0,1.0,0.92425,1.0,0.92425,0.92455,0.87425,0.7985000000000001,0.8985000000000001,1.0
2011-02-28,1.0,1.0,0.8636565642836151,0.9425803758116713,1.0,1.0,0.6,1.0,1.0,1.0,1.0,0.8636565642836151,0.9425803758116713,1.0,1.0,0.9137500000000001,1.0,0.9137500000000001,0.91825,0.86375,0.7775000000000001,0.8775000000000001,1.0
2011-03-31,1.0,1.0,0.6665271174312775,1.0,1.0,1.0,0.85,1.0,1.0,0.9719577871163173,1.0,0.6665271174312775,1.0,1.0,1.0,0.9245,1.0,0.9245,0.9247,0.8745,0.799,0.899,1.0
2011-04-30,0.0,0.0,0.44348899087655913,1.0,1.0,1.0,1.0,1.0,1.0,0.9139637417301717,0.3,0.44348899087655913,1.0,1.0,1.0,0.946,1.0,0.946,0.9376,0.896,0.8336,0.9168000000000001,1.0
2011-05-31,0.0,0.0,0.6239879842507752,1.0,1.0,1.0,0.85,1.0,1.0,0.8333976309918845,0.3,0.6239879842507752,1.0,1.0,1.0,0.96625,1.0,0.96625,0.94975,0.91625,0.8660000000000001,0.933,1.0
2011-06-30,0.0,0.0,0.7094395913580942,1.0,1.0,1.0,0.85,1.0,1.0,1.0,0.3,0.7094395913580942,1.0,1.0,1.0,0.96425,1.0,0.96425,0.94855,0.91425,0.8628,0.9314,1.0
2011-07-31,0.0,0.0,0.9635548960034406,1.0,1.0,1.0,0.85,1.0,1.0,1.0,0.3,0.9635548960034406,1.0,1.0,1.0,0.9705,1.0,0.9705,0.9523,0.9205,0.8728,0.9364,1.0
2011-08-31,0.0,0.0,0.4880689960146969,1.0,1.0,1.0,0.85,1.0,1.0,0.929829928981692,0.3,0.4880689960146969,1.0,1.0,1.0,1.0,1.0,1.0,0.97015,0.95025,0.9204,0.9602,1.0
2011-09-30,0.0,0.0,0.4,1.0,1.0,1.0,0.85,1.0,1.0,0.7255008480576495,0.3,0.4,1.0,1.0,1.0,1.0,1.0,1.0,0.98305,0.97175,0.9548,0.9773999999999999,1.0
2011-10-31,0.0,0.0,0.4,0.9524842598721476,1.0,1.0,0.75,1.0,1.0,0.9826750409944202,0.3,0.4,0.9524842598721476,1.0,1.0,1.0,1.0,1.0,0.9817,0.9695,0.9511999999999999,0.9756,1.0
2011-11-30,0.0,0.0,0.4,0.9542044467759787,1.0,1.0,0.85,1.0,1.0,0.8531269066899748,0.3,0.4,0.9542044467759787,1.0,1.0,1.0,1.0,1.0,0.9904,0.984,0.9743999999999999,0.9872,1.0
2011-12-31,0.0,0.0,0.4,0.9161827266115975,1.0,1.0,0.85,1.0,1.0,0.6962778778874678,0.3,0.4,0.9161827266115975,1.0,1.0,1.0,1.0,1.0,0.9961,0.9935,0.9896,0.9948,1.0
2012-01-31,0.0,0.0,0.4,0.7943348992481877,1.0,1.0,1.0,1.0,1.0,0.8953455493012822,0.3,0.4,0.7943348992481877,1.0,1.0,1.0,1.0,1.0,0.9877,0.9795,0.9672,0.9836,1.0
2012-02-29,0.5,1.0,0.4,0.7892975126464326,1.0,1.0,0.85,1.0,1.0,1.0,0.6499999999999999,0.4,0.7892975126464326,1.0,1.0,1.0,1.0,1.0,0.97975,0.96625,0.9460000000000001,0.973,1.0
2012-03-31,0.0,0.0,0.4,0.8138272685880533,1.0,1.0,0.85,1.0,1.0,0.8504653611029201,0.3,0.4,0.8138272685880533,1.0,1.0,1.0,1.0,1.0,0.98905,0.98175,0.9708,0.9853999999999999,1.0
2012-04-30,1.0,1.0,0.4,1.0,1.0,1.0,0.93,1.0,1.0,0.9731358321720365,1.0,0.4,1.0,1.0,1.0,1.0,1.0,1.0,0.98155,0.96925,0.9508,0.9754,1.0
2012-05-31,1.0,1.0,0.4,1.0,1.0,1.0,0.85,1.0,1.0,0.9236498680380608,1.0,0.4,1.0,1.0,1.0,1.0,1.0,1.0,0.9874,0.979,0.9664,0.9832,1.0
2012-06-30,0.0,0.0,0.4,1.0,1.0,1.0,0.85,1.0,1.0,0.8043490301691211,0.3,0.4,1.0,1.0,1.0,1.0,1.0,1.0,0.997,0.995,0.992,0.996,1.0
2012-07-31,0.0,0.0,0.4,1.0,1.0,1.0,0.85,1.0,1.0,0.7920016933724415,0.3,0.4,1.0,1.0,1.0,1.0,1.0,1.0,1.0,1.0,1.0,1.0,1.0
2012-08-31,0.0,0.0,0.4,1.0,1.0,1.0,0.85,1.0,1.0,0.9218814567113334,0.3,0.4,1.0,1.0,1.0,1.0,1.0,1.0,1.0,1.0,1.0,1.0,1.0
2012-09-30,0.0,0.0,0.4,1.0,1.0,1.0,0.85,1.0,1.0,0.9967748882445221,0.3,0.4,1.0,1.0,1.0,1.0,1.0,1.0,1.0,1.0,1.0,1.0,1.0
2012-10-31,0.0,0.0,0.4,1.0,1.0,1.0,0.85,1.0,1.0,0.9905186291235868,0.3,0.4,1.0,1.0,1.0,1.0,1.0,1.0,1.0,1.0,1.0,1.0,1.0
2012-11-30,0.0,0.0,0.4,1.0,1.0,1.0,0.85,1.0,1.0,0.6869608553175077,0.3,0.4,1.0,1.0,1.0,1.0,1.0,1.0,1.0,1.0,1.0,1.0,1.0
2012-12-31,1.0,1.0,0.40742813722307725,1.0,1.0,1.0,0.85,1.0,1.0,1.0,1.0,0.40742813722307725,1.0,1.0,1.0,1.0,1.0,1.0,0.99265,0.98775,0.9803999999999999,0.9902,1.0
2013-01-31,1.0,1.0,0.6493496305575426,1.0,1.0,1.0,0.85,1.0,1.0,1.0,1.0,0.6493496305575426,1.0,1.0,1.0,1.0,1.0,1.0,0.9835,0.9725,0.9560000000000001,0.978,1.0
2013-02-28,1.0,1.0,0.51679639388969,1.0,1.0,1.0,1.0,1.0,1.0,1.0,1.0,0.51679639388969,1.0,1.0,1.0,1.0,1.0,1.0,0.98635,0.97725,0.9636,0.9818,1.0
2013-03-31,1.0,1.0,0.4,1.0,1.0,1.0,0.85,1.0,1.0,0.8790232578890824,1.0,0.4,1.0,1.0,1.0,1.0,1.0,1.0,0.9985,0.9975,0.996,0.998,1.0
2013-04-30,0.5,0.0,0.4,1.0,1.0,1.0,0.95,1.0,1.0,0.8555231288388004,0.6499999999999999,0.4,1.0,1.0,1.0,1.0,1.0,1.0,1.0,1.0,1.0,1.0,1.0
2013-05-31,1.0,1.0,0.568403682529631,1.0,1.0,1.0,0.85,1.0,1.0,1.0,1.0,0.568403682529631,1.0,1.0,1.0,1.0,1.0,1.0,0.99925,0.99875,0.998,0.999,1.0
2013-06-30,0.0,0.0,0.4,1.0,1.0,1.0,0.7899999999999998,1.0,1.0,0.6993875736794585,0.3,0.4,1.0,1.0,1.0,1.0,1.0,1.0,1.0,1.0,1.0,1.0,1.0
2013-07-31,0.0,0.0,0.4974725508895852,0.9140065695135713,1.0,1.0,0.85,1.0,1.0,1.0,0.3,0.4974725508895852,0.9140065695135713,1.0,1.0,1.0,1.0,1.0,1.0,1.0,1.0,1.0,1.0
2013-08-31,0.5,0.0,0.6878220734807448,0.8991174426901075,1.0,1.0,0.85,1.0,1.0,0.9916497881942086,0.6499999999999999,0.6878220734807448,0.8991174426901075,1.0,1.0,1.0,1.0,1.0,1.0,1.0,1.0,1.0,1.0
2013-09-30,1.0,1.0,0.8028227155091039,1.0,1.0,1.0,0.85,1.0,1.0,1.0,1.0,0.8028227155091039,1.0,1.0,1.0,1.0,1.0,1.0,1.0,1.0,1.0,1.0,1.0
2013-10-31,0.5,0.0,0.7868088342372106,1.0,1.0,1.0,0.85,1.0,1.0,0.9739317375139944,0.6499999999999999,0.7868088342372106,1.0,1.0,1.0,1.0,1.0,1.0,1.0,1.0,1.0,1.0,1.0
2013-11-30,1.0,1.0,1.0,1.0,1.0,1.0,0.85,1.0,1.0,1.0,1.0,1.0,1.0,1.0,1.0,1.0,1.0,1.0,1.0,1.0,1.0,1.0,1.0
2013-12-31,0.5,0.0,1.0,1.0,1.0,1.0,0.85,1.0,1.0,0.9364933967798962,0.6499999999999999,1.0,1.0,1.0,1.0,1.0,1.0,1.0,1.0,1.0,1.0,1.0,1.0
2014-01-31,0.5,0.0,0.7958397161381434,1.0,1.0,1.0,0.7300000000000001,1.0,1.0,0.9403324972784285,0.6499999999999999,0.7958397161381434,1.0,1.0,1.0,1.0,1.0,1.0,1.0,1.0,1.0,1.0,1.0
2014-02-28,0.5,0.0,0.7586360571326964,1.0,1.0,1.0,0.7699999999999999,1.0,1.0,1.0,0.6499999999999999,0.7586360571326964,1.0,1.0,1.0,1.0,1.0,1.0,1.0,1.0,1.0,1.0,1.0
2014-03-31,0.0,0.0,0.7268172264339658,1.0,1.0,1.0,0.85,1.0,1.0,0.887380704849012,0.3,0.7268172264339658,1.0,1.0,1.0,1.0,1.0,1.0,1.0,1.0,1.0,1.0,1.0
2014-04-30,0.0,0.0,0.7505752422202243,1.0,1.0,1.0,0.6099999999999998,1.0,1.0,0.9162358585541359,0.3,0.7505752422202243,1.0,1.0,1.0,1.0,1.0,1.0,1.0,1.0,1.0,1.0,1.0
2014-05-31,0.0,0.0,0.6064334643010874,1.0,1.0,1.0,0.85,1.0,1.0,0.9804242464188461,0.3,0.6064334643010874,1.0,1.0,1.0,1.0,1.0,1.0,1.0,1.0,1.0,1.0,1.0
2014-06-30,0.5,0.0,0.6770196446905201,1.0,1.0,1.0,0.85,1.0,1.0,1.0,0.6499999999999999,0.6770196446905201,1.0,1.0,1.0,1.0,1.0,1.0,1.0,1.0,1.0,1.0,1.0
2014-07-31,1.0,1.0,1.0,1.0,1.0,1.0,0.85,1.0,1.0,1.0,1.0,1.0,1.0,1.0,1.0,1.0,1.0,1.0,1.0,1.0,1.0,1.0,1.0
2014-08-31,1.0,1.0,0.9537792447163058,1.0,1.0,1.0,0.85,1.0,1.0,1.0,1.0,0.9537792447163058,1.0,1.0,1.0,1.0,1.0,1.0,1.0,1.0,1.0,1.0,1.0
2014-09-30,1.0,1.0,1.0,1.0,1.0,1.0,0.85,1.0,1.0,1.0,1.0,1.0,1.0,1.0,1.0,1.0,1.0,1.0,1.0,1.0,1.0,1.0,1.0
2014-10-31,1.0,1.0,0.9767893633106142,1.0,1.0,1.0,0.8699999999999999,1.0,1.0,1.0,1.0,0.9767893633106142,1.0,1.0,1.0,1.0,1.0,1.0,1.0,1.0,1.0,1.0,1.0
2014-11-30,1.0,1.0,1.0,1.0,1.0,1.0,0.7899999999999998,1.0,1.0,1.0,1.0,1.0,1.0,1.0,1.0,1.0,1.0,1.0,1.0,1.0,1.0,1.0,1.0
2014-12-31,1.0,1.0,1.0,1.0,1.0,1.0,0.85,1.0,1.0,0.9558482259753202,1.0,1.0,1.0,1.0,1.0,0.9815,1.0,0.9815,0.9589,0.9315,0.8904,0.9452,1.0
2015-01-31,1.0,1.0,1.0,0.9471107147897303,1.0,1.0,0.8299999999999997,1.0,1.0,1.0,1.0,1.0,0.9471107147897303,1.0,1.0,0.9884999999999999,1.0,0.9884999999999999,0.9631,0.9385,0.9016,0.9508,1.0
2015-02-28,1.0,1.0,1.0,0.9588525097794489,1.0,1.0,0.6,1.0,1.0,1.0,1.0,1.0,0.9588525097794489,1.0,1.0,0.97975,1.0,0.97975,0.95785,0.92975,0.8876,0.9438,1.0
2015-03-31,1.0,1.0,1.0,1.0,1.0,1.0,0.85,1.0,1.0,1.0,1.0,1.0,1.0,1.0,1.0,0.9385,1.0,0.9385,0.9331,0.8885,0.8216,0.9108,1.0
2015-04-30,1.0,1.0,1.0,1.0,1.0,1.0,0.85,1.0,1.0,1.0,1.0,1.0,1.0,1.0,1.0,0.8855000000000001,1.0,0.8855000000000001,0.9013,0.82825,0.7210000000000001,0.8210000000000001,1.0
2015-05-31,1.0,1.0,1.0,0.8112850526130253,1.0,1.0,0.85,1.0,1.0,1.0,1.0,1.0,0.8112850526130253,1.0,1.0,0.8915,1.0,0.8915,0.9049,0.8372499999999999,0.7330000000000001,0.833,1.0
2015-06-30,1.0,1.0,1.0,0.537628829088611,1.0,1.0,0.85,1.0,1.0,0.9459535726433976,1.0,1.0,0.537628829088611,1.0,1.0,0.89725,1.0,0.89725,0.90835,0.845875,0.7445,0.8445,1.0
2015-07-31,0.0,0.0,1.0,0.5,1.0,1.0,0.85,1.0,1.0,1.0,0.3,1.0,0.5,1.0,1.0,0.9545,1.0,0.9545,0.9427,0.9045,0.8472,0.9236,1.0
2015-08-31,0.0,0.0,1.0,0.5,1.0,1.0,0.85,0.5,1.0,0.998769161009424,0.3,1.0,0.5,1.0,1.0,1.0,1.0,1.0,0.97465,0.95775,0.9324,0.9662000000000001,1.0
2015-09-30,0.0,0.0,1.0,0.5,1.0,1.0,0.85,1.0,1.0,1.0,0.3,1.0,0.5,1.0,1.0,1.0,1.0,1.0,0.9817,0.9695,0.9511999999999999,0.9756,1.0
2015-10-31,0.0,0.0,1.0,0.5,1.0,1.0,0.8099999999999997,1.0,1.0,1.0,0.3,1.0,0.5,1.0,1.0,0.989,1.0,0.989,0.9634,0.9390000000000001,0.9024000000000001,0.9512,1.0
2015-11-30,0.0,0.0,1.0,0.5449828815758739,1.0,1.0,0.85,1.0,1.0,1.0,0.3,1.0,0.5449828815758739,1.0,1.0,0.98975,1.0,0.98975,0.96385,0.93975,0.9036,0.9518,1.0
2015-12-31,1.0,1.0,1.0,0.7853115702828547,1.0,1.0,0.85,1.0,1.0,1.0,1.0,1.0,0.7853115702828547,1.0,1.0,0.97475,1.0,0.97475,0.95485,0.92475,0.8796,0.9398,1.0
2016-01-31,0.0,0.0,0.4987614467500676,0.5615458019176719,1.0,1.0,0.7700000000000002,1.0,1.0,0.8893388616072443,0.3,0.4987614467500676,0.5615458019176719,1.0,1.0,1.0,1.0,1.0,0.99295,0.98825,0.9812,0.9906,1.0
2016-02-29,0.0,0.0,0.4,0.528583323908772,1.0,1.0,0.9899999999999998,1.0,1.0,0.9766688123937308,0.3,0.4,0.528583323908772,1.0,1.0,1.0,1.0,1.0,0.9961,0.9935,0.9896,0.9948,1.0
2016-03-31,0.0,0.0,0.4,0.5,1.0,1.0,0.85,1.0,1.0,1.0,0.3,0.4,0.5,1.0,1.0,1.0,1.0,1.0,0.9784,0.964,0.9424,0.9712000000000001,1.0
2016-04-30,0.0,0.0,0.4,0.6882182851554767,1.0,1.0,0.7300000000000001,1.0,1.0,0.9642833571459668,0.3,0.4,0.6882182851554767,1.0,1.0,1.0,1.0,1.0,0.9802,0.967,0.9472,0.9736,1.0
2016-05-31,0.0,0.0,0.4,0.8623562953103635,1.0,1.0,0.85,1.0,1.0,0.9192938752804493,0.3,0.4,0.8623562953103635,1.0,1.0,1.0,1.0,1.0,0.9796,0.966,0.9456,0.9728,1.0
2016-06-30,1.0,1.0,0.4,0.9463786236088023,1.0,1.0,0.6499999999999999,1.0,1.0,1.0,1.0,0.4,0.9463786236088023,1.0,1.0,1.0,1.0,1.0,0.97945,0.96575,0.9452,0.9726,1.0
2016-07-31,1.0,1.0,0.4,1.0,1.0,1.0,0.85,1.0,1.0,0.9551733102001396,1.0,0.4,1.0,1.0,1.0,1.0,1.0,1.0,0.9745,0.9575,0.932,0.966,1.0
2016-08-31,1.0,1.0,0.4,1.0,1.0,1.0,0.85,1.0,1.0,1.0,1.0,0.4,1.0,1.0,1.0,0.991,1.0,0.991,0.9646,0.9410000000000001,0.9056000000000001,0.9528,1.0
2016-09-30,1.0,1.0,0.5248452948664886,1.0,1.0,1.0,1.0,1.0,1.0,0.9514397547929683,1.0,0.5248452948664886,1.0,1.0,1.0,0.99875,1.0,0.99875,0.96925,0.94875,0.9179999999999999,0.959,1.0
2016-10-31,1.0,1.0,0.4,1.0,1.0,1.0,0.8699999999999999,1.0,1.0,1.0,1.0,0.4,1.0,1.0,1.0,0.998,1.0,0.998,0.9688,0.948,0.9168000000000001,0.9584,1.0
2016-11-30,1.0,1.0,0.4,1.0,1.0,1.0,0.85,1.0,1.0,0.9761984338063504,1.0,0.4,1.0,1.0,1.0,0.98125,1.0,0.98125,0.95875,0.93125,0.89,0.9450000000000001,1.0
2016-12-31,0.0,0.0,0.4,1.0,1.0,1.0,0.85,1.0,1.0,0.9328445038642561,0.3,0.4,1.0,1.0,1.0,0.99225,1.0,0.99225,0.96535,0.94225,0.9076,0.9538,1.0
2017-01-31,0.5,1.0,0.6119924692238232,1.0,1.0,1.0,0.8300000000000001,1.0,1.0,0.9725741674116926,0.6499999999999999,0.6119924692238232,1.0,1.0,1.0,0.9805,1.0,0.9805,0.9583,0.9305,0.8888,0.9444,1.0
2017-02-28,1.0,1.0,0.6606179576957678,1.0,1.0,1.0,0.85,1.0,1.0,1.0,1.0,0.6606179576957678,1.0,1.0,1.0,0.97575,1.0,0.97575,0.95545,0.92575,0.8812,0.9406,1.0
2017-03-31,0.5,1.0,0.599079577426342,1.0,1.0,1.0,0.85,1.0,1.0,0.9136951624846052,0.6499999999999999,0.599079577426342,1.0,1.0,1.0,0.97875,1.0,0.97875,0.95725,0.92875,0.886,0.9430000000000001,1.0
2017-04-30,0.5,1.0,0.44596536844001333,1.0,1.0,1.0,0.75,1.0,1.0,0.8688223804819009,0.6499999999999999,0.44596536844001333,1.0,1.0,1.0,0.98275,1.0,0.98275,0.95965,0.93275,0.8924000000000001,0.9462,1.0
2017-05-31,0.5,1.0,0.5039782938342641,1.0,1.0,1.0,0.8300000000000001,1.0,1.0,0.8380569676924416,0.6499999999999999,0.5039782938342641,1.0,1.0,1.0,0.97875,1.0,0.97875,0.95725,0.92875,0.886,0.9430000000000001,1.0
2017-06-30,0.5,1.0,0.5583085412603586,1.0,1.0,1.0,0.85,1.0,1.0,1.0,0.6499999999999999,0.5583085412603586,1.0,1.0,1.0,0.9652499999999999,1.0,0.9652499999999999,0.9491499999999999,0.91525,0.8644000000000001,0.9322,1.0
2017-07-31,1.0,1.0,0.4644193071413878,1.0,1.0,1.0,0.85,1.0,1.0,0.932456711302702,1.0,0.4644193071413878,1.0,1.0,1.0,0.9555,1.0,0.9555,0.9433,0.9055,0.8488,0.9244,1.0
2017-08-31,1.0,1.0,0.49384260588856654,1.0,1.0,1.0,0.85,1.0,1.0,1.0,1.0,0.49384260588856654,1.0,1.0,1.0,0.953,1.0,0.953,0.9418,0.9029999999999999,0.8448,0.9224,1.0
2017-09-30,1.0,1.0,0.5823792622964907,1.0,1.0,1.0,0.7900000000000001,1.0,1.0,0.926480578735619,1.0,0.5823792622964907,1.0,1.0,1.0,0.95425,1.0,0.95425,0.94255,0.90425,0.8468,0.9234,1.0
2017-10-31,1.0,1.0,0.5190719391933629,1.0,1.0,1.0,0.9099999999999998,1.0,1.0,0.9984687582978001,1.0,0.5190719391933629,1.0,1.0,1.0,0.954,1.0,0.954,0.9424,0.904,0.8464,0.9232,1.0
2017-11-30,0.5,1.0,0.4,1.0,1.0,1.0,0.85,1.0,1.0,0.8496059178646602,0.6499999999999999,0.4,1.0,1.0,1.0,0.95475,1.0,0.95475,0.94285,0.9047499999999999,0.8476,0.9238,1.0
2017-12-31,0.5,1.0,0.4841866807774069,1.0,1.0,1.0,0.85,1.0,1.0,0.936456662589503,0.6499999999999999,0.4841866807774069,1.0,1.0,1.0,0.94875,1.0,0.94875,0.93925,0.8987499999999999,0.838,0.919,1.0
2018-01-31,0.5,1.0,0.5220003338779269,1.0,1.0,1.0,0.85,1.0,1.0,0.8394606286013193,0.6499999999999999,0.5220003338779269,1.0,1.0,1.0,0.92025,1.0,0.92025,0.92215,0.87025,0.7905000000000001,0.8905000000000001,1.0
2018-02-28,0.0,0.0,0.4101066517545211,1.0,1.0,1.0,0.93,1.0,1.0,0.9248380277153304,0.3,0.4101066517545211,1.0,1.0,1.0,0.9470000000000001,1.0,0.9470000000000001,0.9382,0.897,0.8352,0.9176,1.0
2018-03-31,0.0,0.0,0.4,1.0,1.0,1.0,0.85,1.0,1.0,1.0,0.3,0.4,1.0,1.0,1.0,0.96575,1.0,0.96575,0.94945,0.9157500000000001,0.8652000000000001,0.9326,1.0
2018-04-30,0.0,0.0,0.4,1.0,1.0,1.0,0.7299999999999996,1.0,1.0,0.9290525093298514,0.3,0.4,1.0,1.0,1.0,0.9815,1.0,0.9815,0.9589,0.9315,0.8904,0.9452,1.0
2018-05-31,0.0,0.0,0.4261915150468363,1.0,1.0,1.0,0.85,1.0,1.0,0.9446052318717582,0.3,0.4261915150468363,1.0,1.0,1.0,0.98625,1.0,0.98625,0.96175,0.93625,0.898,0.949,1.0
2018-06-30,0.0,0.0,0.4,1.0,1.0,1.0,0.85,0.5,1.0,0.8538159919155952,0.3,0.4,1.0,1.0,1.0,1.0,1.0,1.0,0.97285,0.95475,0.9276,0.9638,1.0
2018-07-31,0.0,0.0,0.4,1.0,1.0,1.0,0.85,0.5,1.0,0.9790368276369479,0.3,0.4,1.0,1.0,1.0,1.0,1.0,1.0,0.97105,0.95175,0.9228000000000001,0.9614,1.0
2018-08-31,0.0,0.0,0.4,0.9761122586024755,1.0,1.0,0.85,1.0,1.0,0.8767279913175748,0.3,0.4,0.9761122586024755,1.0,1.0,1.0,1.0,1.0,0.98365,0.97275,0.9564,0.9782,1.0
2018-09-30,0.0,0.0,0.4,1.0,1.0,1.0,0.7899999999999998,1.0,1.0,0.9436463892184175,0.3,0.4,1.0,1.0,1.0,1.0,1.0,1.0,0.9763,0.9605,0.9368,0.9684,1.0
2018-10-31,0.0,0.0,0.4,0.8905754586750738,1.0,1.0,0.8700000000000002,1.0,1.0,0.8985392237800488,0.3,0.4,0.8905754586750738,1.0,1.0,1.0,1.0,1.0,0.991,0.985,0.976,0.988,1.0
2018-11-30,0.0,0.0,0.4,0.8672278268206014,1.0,1.0,0.85,1.0,1.0,1.0,0.3,0.4,0.8672278268206014,1.0,1.0,1.0,1.0,1.0,0.9934000000000001,0.989,0.9824,0.9912,1.0
2018-12-31,0.0,0.0,0.4,0.8505500176736773,1.0,1.0,0.85,1.0,1.0,0.8472260741515312,0.3,0.4,0.8505500176736773,1.0,1.0,1.0,1.0,1.0,0.99865,0.99775,0.9964,0.9982,1.0
2019-01-31,0.0,0.0,0.4,1.0,1.0,1.0,0.85,1.0,1.0,0.9154844116585898,0.3,0.4,1.0,1.0,1.0,1.0,1.0,1.0,0.9889,0.9815,0.9704,0.9852,1.0
2019-02-28,1.0,1.0,0.4,1.0,1.0,1.0,0.9100000000000001,1.0,1.0,1.0,1.0,0.4,1.0,1.0,1.0,0.9984999999999999,1.0,0.9984999999999999,0.9691,0.9485,0.9176,0.9588,1.0
2019-03-31,1.0,1.0,0.4,0.9213357806924718,1.0,1.0,0.85,1.0,1.0,1.0,1.0,0.4,0.9213357806924718,1.0,1.0,0.9875,1.0,0.9875,0.9625,0.9375,0.9,0.95,1.0
2019-04-30,1.0,1.0,0.4,0.8245702881467574,1.0,1.0,0.85,1.0,1.0,0.8669948570482588,1.0,0.4,0.8245702881467574,1.0,1.0,0.99325,1.0,0.99325,0.96595,0.94325,0.9092,0.9546,1.0
2019-05-31,1.0,1.0,0.4,0.7602681429523175,1.0,1.0,0.85,1.0,1.0,0.9395206771630731,1.0,0.4,0.7602681429523175,1.0,1.0,1.0,1.0,1.0,0.9778,0.963,0.9408,0.9704,1.0
2019-06-30,0.5,1.0,0.4,0.8609026006818189,1.0,1.0,0.85,1.0,1.0,0.9471753984209194,0.6499999999999999,0.4,0.8609026006818189,1.0,1.0,0.9944999999999999,1.0,0.9944999999999999,0.9667,0.9445,0.9112,0.9556,1.0
2019-07-31,0.5,1.0,0.40170607349442555,1.0,1.0,1.0,0.85,1.0,1.0,0.9111843275735023,0.6499999999999999,0.40170607349442555,1.0,1.0,1.0,0.9964999999999999,1.0,0.9964999999999999,0.9679,0.9465,0.9144,0.9572,1.0
2019-08-31,0.5,1.0,0.5347551513846778,1.0,1.0,1.0,0.85,1.0,1.0,0.907511387443115,0.6499999999999999,0.5347551513846778,1.0,1.0,1.0,1.0,1.0,1.0,0.9745,0.9575,0.932,0.966,1.0
2019-09-30,0.5,1.0,0.6159821673290393,1.0,1.0,1.0,0.85,1.0,1.0,0.9868721111040045,0.6499999999999999,0.6159821673290393,1.0,1.0,1.0,1.0,1.0,1.0,0.9742,0.957,0.9312,0.9656,1.0
2019-10-31,0.5,1.0,0.9474130767973117,1.0,1.0,1.0,0.85,1.0,1.0,0.9311403064617197,0.6499999999999999,0.9474130767973117,1.0,1.0,1.0,1.0,1.0,1.0,0.97495,0.95825,0.9332,0.9666,1.0
2019-11-30,0.0,0.0,0.6012406481341772,1.0,1.0,1.0,0.85,1.0,1.0,0.8398061093103418,0.3,0.6012406481341772,1.0,1.0,1.0,1.0,1.0,1.0,0.9781,0.9635,0.9416,0.9708,1.0
2019-12-31,1.0,1.0,0.945941139487954,1.0,1.0,1.0,0.85,1.0,1.0,1.0,1.0,0.945941139487954,1.0,1.0,1.0,0.9924999999999999,1.0,0.9924999999999999,0.9655,0.9425,0.908,0.954,1.0
2020-01-31,1.0,1.0,0.9926514690109287,1.0,1.0,1.0,0.95,1.0,1.0,0.982267585751325,1.0,0.9926514690109287,1.0,1.0,1.0,1.0,1.0,1.0,0.9706,0.951,0.9216,0.9608,1.0
2020-02-29,0.5,0.0,0.9213239286789032,0.8513530739737365,1.0,1.0,0.7900000000000001,1.0,1.0,1.0,0.6499999999999999,0.9213239286789032,0.8513530739737365,1.0,1.0,1.0,1.0,1.0,0.97645,0.96075,0.9372,0.9686,1.0
2020-03-31,0.0,0.0,0.4,0.7047771304908461,1.0,1.0,0.85,1.0,1.0,0.857100872134346,0.3,0.4,0.7047771304908461,1.0,1.0,1.0,1.0,1.0,0.98725,0.97875,0.966,0.983,1.0
2020-04-30,0.5,0.0,0.4,0.8157591975741635,1.0,1.0,0.85,1.0,1.0,0.9881895634536388,0.6499999999999999,0.4,0.8157591975741635,1.0,1.0,1.0,1.0,1.0,0.97345,0.95575,0.9292,0.9646,1.0
2020-05-31,0.5,0.0,0.6876595194533057,0.9744733505301796,1.0,1.0,0.85,1.0,1.0,0.9614234843400349,0.6499999999999999,0.6876595194533057,0.9744733505301796,1.0,1.0,1.0,1.0,1.0,0.976,0.96,0.936,0.968,1.0
2020-06-30,1.0,1.0,0.9420724578627677,1.0,1.0,1.0,0.85,1.0,1.0,0.9841294220376009,1.0,0.9420724578627677,1.0,1.0,1.0,0.9904999999999999,1.0,0.9904999999999999,0.9642999999999999,0.9405,0.9047999999999999,0.9524,1.0
2020-07-31,1.0,1.0,1.0,0.9919486044120596,1.0,1.0,0.85,1.0,1.0,1.0,1.0,1.0,0.9919486044120596,1.0,1.0,0.95825,1.0,0.95825,0.94495,0.90825,0.8532,0.9266,1.0
2020-08-31,1.0,1.0,1.0,0.9662121795401992,1.0,1.0,0.85,1.0,1.0,0.9443525997498922,1.0,1.0,0.9662121795401992,1.0,1.0,0.93875,1.0,0.93875,0.93325,0.88875,0.8220000000000001,0.911,1.0
2020-09-30,1.0,1.0,0.9090485228858456,0.9683090423834468,1.0,1.0,0.85,1.0,1.0,0.8116699194884929,1.0,0.9090485228858456,0.9683090423834468,1.0,1.0,0.95325,1.0,0.95325,0.9419500000000001,0.90325,0.8452000000000001,0.9226000000000001,1.0
2020-10-31,0.5,1.0,0.9300824636261806,1.0,1.0,1.0,0.85,1.0,1.0,0.8548509821317088,0.6499999999999999,0.9300824636261806,1.0,1.0,1.0,0.952,1.0,0.952,0.9412,0.902,0.8432000000000001,0.9216,1.0
2020-11-30,0.5,1.0,1.0,1.0,1.0,1.0,0.85,1.0,1.0,0.9527176020328154,0.6499999999999999,1.0,1.0,1.0,1.0,0.93225,1.0,0.93225,0.92935,0.88225,0.8116,0.9057999999999999,1.0
2020-12-31,0.5,1.0,0.9324595878799453,1.0,1.0,1.0,0.85,1.0,1.0,0.8382444912819758,0.6499999999999999,0.9324595878799453,1.0,1.0,1.0,0.9085,1.0,0.9085,0.9151,0.8584999999999999,0.767,0.867,1.0
2021-01-31,0.5,1.0,0.7961353684772674,1.0,1.0,1.0,0.85,1.0,1.0,0.8486373320026601,0.6499999999999999,0.7961353684772674,1.0,1.0,1.0,0.90125,1.0,0.90125,0.9107500000000001,0.85125,0.7525000000000001,0.8525,1.0
2021-02-28,0.5,1.0,0.8481218557472019,1.0,1.0,1.0,0.7100000000000002,1.0,1.0,0.9097118399577141,0.6499999999999999,0.8481218557472019,1.0,1.0,1.0,0.90325,1.0,0.90325,0.91195,0.85325,0.7565000000000001,0.8565,1.0
2021-03-31,0.0,0.0,0.9432480537055383,1.0,1.0,1.0,0.85,1.0,1.0,0.9319791623009085,0.3,0.9432480537055383,1.0,1.0,1.0,0.93475,1.0,0.93475,0.93085,0.88475,0.8156000000000001,0.9078,1.0
2021-04-30,0.5,0.0,0.9389443926854697,1.0,1.0,1.0,0.85,1.0,1.0,0.9253951258543356,0.6499999999999999,0.9389443926854697,1.0,1.0,1.0,0.962,1.0,0.962,0.9472,0.912,0.8592000000000001,0.9296,1.0
2021-05-31,1.0,1.0,0.9563641600329413,1.0,1.0,1.0,0.85,1.0,1.0,1.0,1.0,0.9563641600329413,1.0,1.0,1.0,0.94775,1.0,0.94775,0.93865,0.8977499999999999,0.8364,0.9182,1.0
2021-06-30,0.5,0.0,0.8908070881591681,1.0,1.0,1.0,0.85,1.0,1.0,0.9111500737203816,0.6499999999999999,0.8908070881591681,1.0,1.0,1.0,0.942,1.0,0.942,0.9352,0.892,0.8272,0.9136,1.0
2021-07-31,0.5,0.0,0.5736905632486691,1.0,1.0,1.0,0.85,1.0,1.0,0.9291750162682526,0.6499999999999999,0.5736905632486691,1.0,1.0,1.0,0.972,1.0,0.972,0.9532,0.922,0.8752000000000001,0.9376,1.0
2021-08-31,0.5,0.0,0.6767308094446762,1.0,1.0,1.0,0.85,1.0,1.0,0.9693239951256147,0.6499999999999999,0.6767308094446762,1.0,1.0,1.0,0.98975,1.0,0.98975,0.96385,0.93975,0.9036,0.9518,1.0
2021-09-30,0.5,0.0,0.736006091438306,1.0,1.0,1.0,0.85,1.0,1.0,0.942930685859381,0.6499999999999999,0.736006091438306,1.0,1.0,1.0,0.98475,1.0,0.98475,0.96085,0.93475,0.8956000000000001,0.9478,1.0
2021-10-31,0.5,0.0,0.6847398891405736,1.0,1.0,1.0,0.85,1.0,1.0,0.864520792119958,0.6499999999999999,0.6847398891405736,1.0,1.0,1.0,0.98325,1.0,0.98325,0.95995,0.93325,0.8932,0.9466,1.0
2021-11-30,0.5,0.0,0.7890397748692943,1.0,1.0,1.0,0.85,1.0,1.0,1.0,0.6499999999999999,0.7890397748692943,1.0,1.0,1.0,0.99375,1.0,0.99375,0.96625,0.94375,0.91,0.955,1.0
2021-12-31,1.0,1.0,0.8393191074645285,1.0,1.0,1.0,0.85,1.0,1.0,0.9789936677395736,1.0,0.8393191074645285,1.0,1.0,1.0,0.96575,1.0,0.96575,0.94945,0.9157500000000001,0.8652000000000001,0.9326,1.0
2022-01-31,0.0,0.0,0.550807627454986,1.0,1.0,1.0,0.85,1.0,1.0,0.8605351073285108,0.3,0.550807627454986,1.0,1.0,1.0,0.989,1.0,0.989,0.9634,0.9390000000000001,0.9024000000000001,0.9512,1.0
2022-02-28,0.0,0.0,0.6676838265412144,1.0,1.0,1.0,0.85,1.0,1.0,0.9955680885135048,0.3,0.6676838265412144,1.0,1.0,1.0,0.98575,1.0,0.98575,0.96145,0.93575,0.8972,0.9486,1.0
2022-03-31,0.0,0.0,0.5162914163155801,1.0,1.0,1.0,0.85,1.0,1.0,0.8705503902382979,0.3,0.5162914163155801,1.0,1.0,1.0,1.0,1.0,1.0,0.9742,0.957,0.9312,0.9656,1.0
2022-04-30,0.0,0.0,0.4,0.814958686363675,1.0,1.0,0.85,0.5,1.0,0.8099489026860223,0.3,0.4,0.814958686363675,1.0,1.0,1.0,1.0,1.0,0.98185,0.96975,0.9516,0.9758,1.0
2022-05-31,0.0,0.0,0.4,0.7934761017841582,1.0,1.0,0.85,0.5,1.0,1.0,0.3,0.4,0.7934761017841582,1.0,1.0,1.0,1.0,1.0,0.9802,0.967,0.9472,0.9736,1.0
2022-06-30,1.0,1.0,0.46582299339383026,0.9077581318338549,1.0,1.0,0.85,1.0,1.0,1.0,1.0,0.46582299339383026,0.9077581318338549,1.0,1.0,0.99225,1.0,0.99225,0.96535,0.94225,0.9076,0.9538,1.0
2022-07-31,0.5,0.0,0.4,1.0,1.0,1.0,0.85,1.0,1.0,0.9497488415575546,0.6499999999999999,0.4,1.0,1.0,1.0,1.0,1.0,1.0,0.9784,0.964,0.9424,0.9712000000000001,1.0
2022-08-31,0.0,0.0,0.4,1.0,1.0,1.0,0.85,1.0,1.0,0.9655686514260904,0.3,0.4,1.0,1.0,1.0,1.0,1.0,1.0,0.9847,0.9745,0.9592,0.9796,1.0
2022-09-30,0.0,0.0,0.4,1.0,1.0,1.0,0.85,0.5,1.0,0.8013255366913341,0.3,0.4,1.0,1.0,1.0,1.0,1.0,1.0,0.99295,0.98825,0.9812,0.9906,1.0
2022-10-31,0.0,0.0,0.4,1.0,1.0,1.0,0.85,0.5,1.0,0.9680188854529954,0.3,0.4,1.0,1.0,1.0,1.0,1.0,1.0,1.0,1.0,1.0,1.0,1.0
2022-11-30,0.0,0.0,0.4,1.0,1.0,1.0,0.85,1.0,1.0,0.9562013302213168,0.3,0.4,1.0,1.0,1.0,1.0,1.0,1.0,0.9914499999999999,0.98575,0.9772,0.9886,1.0
2022-12-31,0.0,0.0,0.4,1.0,1.0,1.0,0.85,1.0,1.0,0.8004675321649961,0.3,0.4,1.0,1.0,1.0,1.0,1.0,1.0,0.99115,0.98525,0.9764,0.9882,1.0
2023-01-31,1.0,1.0,0.4,1.0,1.0,1.0,0.7300000000000001,1.0,1.0,1.0,1.0,0.4,1.0,1.0,1.0,1.0,1.0,1.0,0.9811,0.9685,0.9496,0.9748,1.0
2023-02-28,1.0,1.0,0.4,1.0,1.0,1.0,0.85,1.0,1.0,0.9777928013007351,1.0,0.4,1.0,1.0,1.0,1.0,1.0,1.0,0.98245,0.97075,0.9532,0.9766,1.0
2023-03-31,1.0,1.0,0.5024007389513026,1.0,1.0,1.0,0.85,1.0,1.0,0.8661893981004306,1.0,0.5024007389513026,1.0,1.0,1.0,1.0,1.0,1.0,0.98095,0.96825,0.9492,0.9746,1.0
2023-04-30,1.0,1.0,0.555066449544757,1.0,1.0,1.0,0.85,1.0,1.0,0.9010312480278738,1.0,0.555066449544757,1.0,1.0,1.0,1.0,1.0,1.0,0.97795,0.9632499999999999,0.9412,0.9706,1.0
2023-05-31,0.0,0.0,0.5717301825652097,1.0,1.0,1.0,0.85,1.0,1.0,0.9129247395857085,0.3,0.5717301825652097,1.0,1.0,1.0,1.0,1.0,1.0,0.98605,0.97675,0.9628,0.9814,1.0
2023-06-30,0.0,0.0,0.4,1.0,1.0,1.0,0.6899999999999998,1.0,1.0,0.9524164584125975,0.3,0.4,1.0,1.0,1.0,1.0,1.0,1.0,0.9854499999999999,0.97575,0.9611999999999999,0.9806,1.0
2023-07-31,0.5,1.0,0.42899228117045385,1.0,1.0,1.0,0.85,1.0,1.0,0.9361619269273683,0.6499999999999999,0.42899228117045385,1.0,1.0,1.0,1.0,1.0,1.0,0.9796,0.966,0.9456,0.9728,1.0
2023-08-31,0.0,0.0,0.4,1.0,1.0,1.0,0.85,1.0,1.0,0.8028083928491467,0.3,0.4,1.0,1.0,1.0,1.0,1.0,1.0,0.98515,0.97525,0.9604,0.9802,1.0
2023-09-30,0.0,0.0,0.4114169710860889,1.0,1.0,1.0,0.85,1.0,1.0,0.8746542792177102,0.3,0.4114169710860889,1.0,1.0,1.0,1.0,1.0,1.0,0.98695,0.9782500000000001,0.9652000000000001,0.9826,1.0
2023-10-31,0.0,0.0,0.4,1.0,1.0,1.0,0.85,1.0,1.0,0.8964846319209447,0.3,0.4,1.0,1.0,1.0,1.0,1.0,1.0,0.9904,0.984,0.9743999999999999,0.9872,1.0
2023-11-30,0.0,0.0,0.4,1.0,1.0,1.0,0.85,1.0,1.0,1.0,0.3,0.4,1.0,1.0,1.0,1.0,1.0,1.0,0.9928,0.988,0.9808,0.9904,1.0
2023-12-31,0.0,0.0,0.4,1.0,1.0,1.0,0.85,1.0,1.0,0.874654196024561,0.3,0.4,1.0,1.0,1.0,1.0,1.0,1.0,0.9943,0.9904999999999999,0.9848,0.9924,1.0
2024-01-31,0.0,0.0,0.4,1.0,1.0,1.0,0.85,1.0,1.0,0.6612493046792356,0.3,0.4,1.0,1.0,1.0,1.0,1.0,1.0,0.9976,0.996,0.9936,0.9968,1.0
2024-02-29,0.5,1.0,0.4,0.8211356896068234,1.0,1.0,0.6499999999999999,1.0,1.0,1.0,0.6499999999999999,0.4,0.8211356896068234,1.0,1.0,1.0,1.0,1.0,0.98635,0.97725,0.9636,0.9818,1.0
2024-03-31,0.5,1.0,0.4,0.7960837941546511,1.0,1.0,0.85,1.0,1.0,1.0,0.6499999999999999,0.4,0.7960837941546511,1.0,1.0,1.0,1.0,1.0,0.98185,0.96975,0.9516,0.9758,1.0
2024-04-30,1.0,1.0,0.4,0.8285429261929679,1.0,1.0,0.85,1.0,1.0,0.9718480841797039,1.0,0.4,0.8285429261929679,1.0,1.0,1.0,1.0,1.0,0.97555,0.9592499999999999,0.9348,0.9674,1.0
2024-05-31,1.0,1.0,0.4,1.0,1.0,1.0,0.85,1.0,1.0,0.9067231537544653,1.0,0.4,1.0,1.0,1.0,1.0,1.0,1.0,0.97645,0.96075,0.9372,0.9686,1.0
2024-06-30,0.0,0.0,0.4,1.0,1.0,1.0,0.8099999999999999,1.0,1.0,0.840527231755533,0.3,0.4,1.0,1.0,1.0,1.0,1.0,1.0,0.9778,0.963,0.9408,0.9704,1.0
2024-07-31,0.0,0.0,0.4,1.0,1.0,1.0,0.85,1.0,1.0,0.9499046581587347,0.3,0.4,1.0,1.0,1.0,1.0,1.0,1.0,0.9802,0.967,0.9472,0.9736,1.0
2024-08-31,0.0,0.0,0.4,1.0,1.0,1.0,0.85,1.0,1.0,0.8872036810666126,0.3,0.4,1.0,1.0,1.0,1.0,1.0,1.0,0.9871,0.9785,0.9656,0.9828,1.0
2024-09-30,1.0,1.0,0.5097351067651119,0.7741145311753956,1.0,1.0,0.85,1.0,1.0,1.0,1.0,0.5097351067651119,0.7741145311753956,1.0,1.0,0.98375,1.0,0.98375,0.96025,0.93375,0.894,0.947,1.0
2024-10-31,1.0,1.0,0.6093581053669284,0.6319119384695157,1.0,1.0,0.85,1.0,1.0,1.0,1.0,0.6093581053669284,0.6319119384695157,1.0,1.0,1.0,1.0,1.0,0.97525,0.95875,0.9339999999999999,0.967,1.0
2024-11-30,1.0,1.0,0.5661375694067226,0.6072994895011607,1.0,1.0,0.85,1.0,1.0,1.0,1.0,0.5661375694067226,0.6072994895011607,1.0,1.0,1.0,1.0,1.0,0.97375,0.95625,0.93,0.965,1.0
2024-12-31,1.0,1.0,0.6012685635729551,0.8649198672793095,1.0,1.0,0.85,1.0,1.0,0.8848920306551561,1.0,0.6012685635729551,0.8649198672793095,1.0,1.0,0.99525,1.0,0.99525,0.96715,0.94525,0.9124,0.9562,1.0
2025-01-31,1.0,1.0,0.6399270999258593,1.0,1.0,1.0,0.89,1.0,1.0,0.8592620493336398,1.0,0.6399270999258593,1.0,1.0,1.0,1.0,1.0,1.0,0.9739,0.9565,0.9304,0.9652000000000001,1.0
2025-02-28,1.0,1.0,0.9386149444193714,1.0,1.0,1.0,0.79,1.0,1.0,1.0,1.0,0.9386149444193714,1.0,1.0,1.0,1.0,1.0,1.0,0.9727,0.9545,0.9272,0.9636,1.0
2025-03-31,0.5,0.0,0.6723906145957477,1.0,1.0,1.0,0.85,1.0,1.0,0.9166551281898411,0.6499999999999999,0.6723906145957477,1.0,1.0,1.0,1.0,1.0,1.0,0.9733,0.9555,0.9288000000000001,0.9644,1.0
2025-04-30,0.0,0.0,0.6696104865710728,0.9833411543120479,1.0,1.0,0.85,1.0,1.0,1.0,0.3,0.6696104865710728,0.9833411543120479,1.0,1.0,1.0,1.0,1.0,0.97765,0.96275,0.9404,0.9702,1.0
2025-05-31,0.0,0.0,0.5908469002233319,1.0,1.0,1.0,0.85,1.0,1.0,1.0,0.3,0.5908469002233319,1.0,1.0,1.0,1.0,1.0,1.0,0.97405,0.95675,0.9308,0.9654,1.0
2025-06-30,1.0,1.0,0.7694350551582332,1.0,1.0,1.0,0.8300000000000001,1.0,1.0,1.0,1.0,0.7694350551582332,1.0,1.0,1.0,0.9915,1.0,0.9915,0.9649,0.9415,0.9064,0.9532,1.0
2025-07-31,1.0,1.0,1.0,1.0,1.0,1.0,0.85,1.0,1.0,0.9805275633201156,1.0,1.0,1.0,1.0,1.0,0.989,1.0,0.989,0.9634,0.9390000000000001,0.9024000000000001,0.9512,1.0
2025-08-31,1.0,1.0,1.0,1.0,1.0,1.0,0.85,1.0,1.0,1.0,1.0,1.0,1.0,1.0,1.0,0.96925,1.0,0.96925,0.95155,0.91925,0.8708,0.9354,1.0
2025-09-30,1.0,1.0,1.0,1.0,1.0,1.0,0.85,1.0,1.0,0.9249890737556659,1.0,1.0,1.0,1.0,1.0,0.967,1.0,0.967,0.9502,0.917,0.8672,0.9336,1.0
2025-10-31,1.0,1.0,1.0,1.0,1.0,1.0,0.85,1.0,1.0,0.9918371900784575,1.0,1.0,1.0,1.0,1.0,0.9702500000000001,1.0,0.9702500000000001,0.95215,0.92025,0.8724000000000001,0.9362,1.0
2025-11-30,1.0,1.0,0.8737264500547979,1.0,1.0,1.0,0.85,1.0,1.0,0.9471145578816704,1.0,0.8737264500547979,1.0,1.0,1.0,0.974,1.0,0.974,0.9544,0.924,0.8784000000000001,0.9392,1.0
2025-12-31,1.0,1.0,1.0,1.0,1.0,1.0,0.85,1.0,1.0,0.9480396422354864,1.0,1.0,1.0,1.0,1.0,0.9665,1.0,0.9665,0.9499,0.9165,0.8664000000000001,0.9332,1.0
2026-01-31,1.0,1.0,1.0,1.0,1.0,1.0,0.85,1.0,1.0,1.0,1.0,1.0,1.0,1.0,1.0,0.96575,1.0,0.96575,0.94945,0.9157500000000001,0.8652000000000001,0.9326,1.0
2026-02-28,1.0,1.0,1.0,1.0,1.0,1.0,0.85,1.0,1.0,0.9659574628365425,1.0,1.0,1.0,1.0,1.0,0.96675,1.0,0.96675,0.95005,0.91675,0.8668,0.9334,1.0
2026-03-31,0.0,0.0,0.994205485314549,0.9720634519435929,1.0,1.0,0.85,1.0,1.0,0.8959307559740001,0.3,0.994205485314549,0.9720634519435929,1.0,1.0,0.9675,1.0,0.9675,0.9505,0.9175,0.868,0.9339999999999999,1.0
2026-04-30,1.0,1.0,1.0,0.9328799663172496,1.0,1.0,0.85,1.0,1.0,0.98694855678492,1.0,1.0,0.9328799663172496,1.0,1.0,0.95375,1.0,0.95375,0.94225,0.9037499999999999,0.8460000000000001,0.923,1.0
2026-05-31,1.0,1.0,1.0,0.9294772121842431,1.0,1.0,0.85,1.0,1.0,0.9055521918988105,1.0,1.0,0.9294772121842431,1.0,1.0,0.955,1.0,0.955,0.943,0.9049999999999999,0.848,0.924,1.0
2026-06-30,1.0,1.0,1.0,0.9560213804192552,1.0,1.0,0.85,1.0,1.0,0.7982269362456164,1.0,1.0,0.9560213804192552,1.0,1.0,0.95575,1.0,0.95575,0.94345,0.9057499999999999,0.8492000000000001,0.9246,1.0
2026-07-31,0.0,0.0,0.9641280244322039,0.7364715699644627,1.0,1.0,0.85,1.0,1.0,0.9314052436046281,0.3,0.9641280244322039,0.7364715699644627,1.0,1.0,0.958,1.0,0.958,0.9448,0.908,0.8528,0.9264,1.0
2026-08-31,0.0,0.0,1.0,0.7260825973451599,1.0,1.0,0.85,1.0,1.0,1.0,0.3,1.0,0.7260825973451599,1.0,1.0,0.9592499999999999,1.0,0.9592499999999999,0.94555,0.90925,0.8548,0.9274,1.0
