date,trend_ma,trend_ma_hs300,mom,vol,f_val,f_credit,f_m2,f_evt_fx,f_evt_shibor,f_breadth,f_trend_comp,f_mom_comp,f_vol_comp
2006-01-31,0.0,0.0,,,1.0,1.0,0.85,1.0,1.0,1.0,0.3,,
2006-02-28,0.0,0.0,,,1.0,1.0,0.85,1.0,1.0,0.8475965012078959,0.3,,
2006-03-31,0.0,0.0,,,1.0,1.0,0.85,1.0,1.0,0.846685586494249,0.3,,
2006-04-30,0.0,0.0,,1.0,1.0,1.0,0.85,1.0,1.0,0.9896670673749088,0.3,,1.0
2006-05-31,0.0,0.0,,0.9531989677825248,1.0,1.0,0.85,1.0,1.0,1.0,0.3,,0.9531989677825248
2006-06-30,0.0,0.0,,0.8118418285808422,1.0,1.0,0.85,1.0,1.0,0.9970136808585328,0.3,,0.8118418285808422
2006-07-31,1.0,1.0,,0.71802557809728,1.0,1.0,0.85,1.0,1.0,0.8709308034684045,1.0,,0.71802557809728
2006-08-31,1.0,1.0,,0.9263648074286113,1.0,1.0,0.85,1.0,1.0,0.9932701100484831,1.0,,0.9263648074286113
2006-09-30,1.0,1.0,,0.9610537178813817,1.0,1.0,0.85,1.0,1.0,0.956672173851058,1.0,,0.9610537178813817
2006-10-31,1.0,1.0,,1.0,1.0,1.0,0.85,1.0,1.0,0.9472060405187731,1.0,,1.0
2006-11-30,1.0,1.0,,1.0,1.0,1.0,0.85,1.0,1.0,0.9984489420653416,1.0,,1.0
2006-12-31,1.0,1.0,,1.0,1.0,1.0,0.85,1.0,1.0,0.9678985145456325,1.0,,1.0
2007-01-31,1.0,1.0,1.0,0.726540918580461,0.7425305902918322,1.0,0.85,1.0,1.0,1.0,1.0,1.0,0.726540918580461
2007-02-28,1.0,1.0,1.0,0.6244321995149806,0.7317735646094341,1.0,0.85,1.0,1.0,1.0,1.0,1.0,0.6244321995149806
2007-03-31,1.0,1.0,1.0,0.6174889052512726,0.666155707946804,1.0,0.85,1.0,1.0,1.0,1.0,1.0,0.6174889052512726
2007-04-30,1.0,1.0,1.0,0.6549243676517219,0.7462955492806715,1.0,0.85,1.0,1.0,1.0,1.0,1.0,0.6549243676517219
2007-05-31,1.0,1.0,1.0,0.6739290394571802,0.6719818853533996,1.0,0.85,1.0,1.0,1.0,1.0,1.0,0.6739290394571802
2007-06-30,1.0,1.0,1.0,0.5,0.7663687283995174,1.0,0.85,1.0,1.0,0.9726907779949594,1.0,1.0,0.5
2007-07-31,1.0,1.0,1.0,0.5,0.6000000000000429,1.0,0.85,1.0,1.0,1.0,1.0,1.0,0.5
2007-08-31,1.0,1.0,1.0,0.5446769917199279,0.7972769684852272,1.0,0.85,1.0,1.0,1.0,1.0,1.0,0.5446769917199279
2007-09-30,1.0,1.0,1.0,0.7370148403760944,0.6795963058174215,1.0,0.85,1.0,1.0,1.0,1.0,1.0,0.7370148403760944
2007-10-31,1.0,1.0,1.0,0.7467688424232652,0.7029153494907243,1.0,0.85,1.0,1.0,0.9374345405880508,1.0,1.0,0.7467688424232652
2007-11-30,0.0,0.0,1.0,0.7235577877798418,0.9670530382859406,1.0,0.85,1.0,1.0,0.9731098203108758,0.3,1.0,0.7235577877798418
2007-12-31,1.0,1.0,1.0,0.765568324753794,0.8669476642079663,1.0,0.85,1.0,1.0,1.0,1.0,1.0,0.765568324753794
2008-01-31,0.0,0.0,1.0,0.6218411646697252,1.0,1.0,0.85,1.0,1.0,0.946248295002073,0.3,1.0,0.6218411646697252
2008-02-29,0.5,0.0,1.0,0.5845282084104556,1.0,1.0,0.85,1.0,1.0,1.0,0.6499999999999999,1.0,0.5845282084104556
2008-03-31,0.0,0.0,1.0,0.5,1.0,1.0,0.85,1.0,1.0,0.7855278721228998,0.3,1.0,0.5
2008-04-30,0.0,0.0,0.638895266862006,0.5,1.0,1.0,0.85,1.0,1.0,1.0,0.3,0.638895266862006,0.5
2008-05-31,0.0,0.0,0.4,0.5,1.0,1.0,0.85,1.0,1.0,0.9614134539414,0.3,0.4,0.5
2008-06-30,0.0,0.0,0.4,0.5,1.0,1.0,0.85,1.0,1.0,0.7970850169793066,0.3,0.4,0.5
2008-07-31,0.0,0.0,0.4,0.5,1.0,1.0,0.85,1.0,1.0,1.0,0.3,0.4,0.5
2008-08-31,0.0,0.0,0.4,0.5,1.0,1.0,0.85,1.0,1.0,0.7574396539829285,0.3,0.4,0.5
2008-09-30,0.0,0.0,0.4,0.5,1.0,1.0,0.85,1.0,1.0,0.9423827862376084,0.3,0.4,0.5
2008-10-31,0.0,0.0,0.4,0.5,1.0,1.0,0.85,1.0,1.0,0.7078352974341838,0.3,0.4,0.5
2008-11-30,0.0,0.0,0.4,0.5,1.0,1.0,0.85,1.0,1.0,1.0,0.3,0.4,0.5
2008-12-31,0.0,0.0,0.4,0.5,1.0,1.0,0.85,1.0,1.0,0.9580399390733592,0.3,0.4,0.5
2009-01-31,0.5,0.0,0.4,0.5389959134788149,1.0,1.0,0.85,1.0,1.0,1.0,0.6499999999999999,0.4,0.5389959134788149
2009-02-28,1.0,1.0,0.4,0.5497200470368855,1.0,1.0,0.85,1.0,1.0,1.0,1.0,0.4,0.5497200470368855
2009-03-31,1.0,1.0,0.4,0.5948684011880275,1.0,1.0,0.85,1.0,1.0,1.0,1.0,0.4,0.5948684011880275
2009-04-30,1.0,1.0,0.4,0.5822676426481347,1.0,1.0,0.85,1.0,1.0,1.0,1.0,0.4,0.5822676426481347
2009-05-31,1.0,1.0,0.4,0.7848621302789861,1.0,1.0,0.85,1.0,1.0,1.0,1.0,0.4,0.7848621302789861
2009-06-30,1.0,1.0,0.8390551804228137,0.972018718384586,1.0,1.0,0.85,1.0,1.0,0.9526873344955709,1.0,0.8390551804228137,0.972018718384586
2009-07-31,1.0,1.0,1.0,1.0,1.0,1.0,0.85,1.0,1.0,1.0,1.0,1.0,1.0
2009-08-31,0.0,0.0,1.0,0.6547778283694938,1.0,1.0,0.85,1.0,1.0,0.8991885743758887,0.3,1.0,0.6547778283694938
2009-09-30,0.0,0.0,1.0,0.594924350289352,1.0,1.0,0.85,1.0,1.0,1.0,0.3,1.0,0.594924350289352
2009-10-31,1.0,1.0,1.0,0.6050816529304547,1.0,1.0,0.85,1.0,1.0,1.0,1.0,1.0,0.6050816529304547
2009-11-30,1.0,1.0,1.0,0.6854563145132453,1.0,1.0,0.85,1.0,1.0,1.0,1.0,1.0,0.6854563145132453
2009-12-31,1.0,1.0,1.0,0.7903129627862383,1.0,1.0,0.85,1.0,1.0,0.9901530151090846,1.0,1.0,0.7903129627862383
2010-01-31,0.5,0.0,1.0,0.778367420648677,1.0,1.0,0.85,1.0,1.0,0.9465688090446335,0.6499999999999999,1.0,0.778367420648677
2010-02-28,0.5,0.0,1.0,0.8808374142805098,1.0,1.0,0.85,1.0,1.0,1.0,0.6499999999999999,1.0,0.8808374142805098
2010-03-31,0.5,0.0,1.0,1.0,1.0,1.0,0.85,1.0,1.0,1.0,0.6499999999999999,1.0,1.0
2010-04-30,0.0,0.0,1.0,1.0,1.0,1.0,0.85,1.0,1.0,0.8796897141973335,0.3,1.0,1.0
2010-05-31,0.0,0.0,0.9826228786314362,0.819729049007764,1.0,1.0,0.85,1.0,1.0,0.9298895766485993,0.3,0.9826228786314362,0.819729049007764
2010-06-30,0.0,0.0,0.6359160033818272,0.7333106510429558,1.0,1.0,0.85,1.0,1.0,0.8176453808723132,0.3,0.6359160033818272,0.7333106510429558
2010-07-31,0.0,0.0,0.6386447913546527,0.7316255759695277,1.0,1.0,0.85,1.0,1.0,1.0,0.3,0.6386447913546527,0.7316255759695277
2010-08-31,0.5,0.0,1.0,0.8724981467247133,1.0,1.0,0.85,1.0,1.0,1.0,0.6499999999999999,1.0,0.8724981467247133
2010-09-30,1.0,1.0,0.9690553883979525,1.0,1.0,1.0,0.85,1.0,1.0,0.9812560935468839,1.0,0.9690553883979525,1.0
2010-10-31,1.0,1.0,1.0,1.0,1.0,1.0,0.85,1.0,1.0,1.0,1.0,1.0,1.0
2010-11-30,1.0,1.0,0.8417670624766753,0.8303629535481243,1.0,1.0,0.85,1.0,1.0,1.0,1.0,0.8417670624766753,0.8303629535481243
2010-12-31,1.0,1.0,0.761992986822686,0.8160057907272943,1.0,1.0,0.85,1.0,1.0,0.9332644814273232,1.0,0.761992986822686,0.8160057907272943
2011-01-31,0.0,0.0,0.4423765199104903,0.7863771167103291,1.0,1.0,0.85,1.0,1.0,0.9873763210441986,0.3,0.4423765199104903,0.7863771167103291
2011-02-28,1.0,1.0,0.8636565642836151,0.9425803758116713,1.0,1.0,0.6,1.0,1.0,1.0,1.0,0.8636565642836151,0.9425803758116713
2011-03-31,1.0,1.0,0.6665271174312775,1.0,1.0,1.0,0.85,1.0,1.0,0.9719577871163173,1.0,0.6665271174312775,1.0
2011-04-30,0.0,0.0,0.44348899087655913,1.0,1.0,1.0,1.0,1.0,1.0,0.9139637417301717,0.3,0.44348899087655913,1.0
2011-05-31,0.0,0.0,0.6239879842507752,1.0,1.0,1.0,0.85,1.0,1.0,0.8333976309918845,0.3,0.6239879842507752,1.0
2011-06-30,0.0,0.0,0.7094395913580942,1.0,1.0,1.0,0.85,1.0,1.0,1.0,0.3,0.7094395913580942,1.0
2011-07-31,0.0,0.0,0.9635548960034406,1.0,1.0,1.0,0.85,1.0,1.0,1.0,0.3,0.9635548960034406,1.0
2011-08-31,0.0,0.0,0.4880689960146969,1.0,1.0,1.0,0.85,1.0,1.0,0.929829928981692,0.3,0.4880689960146969,1.0
2011-09-30,0.0,0.0,0.4,1.0,1.0,1.0,0.85,1.0,1.0,0.7255008480576495,0.3,0.4,1.0
2011-10-31,0.0,0.0,0.4,0.9524842598721476,1.0,1.0,0.75,1.0,1.0,0.9826750409944202,0.3,0.4,0.9524842598721476
2011-11-30,0.0,0.0,0.4,0.9542044467759787,1.0,1.0,0.85,1.0,1.0,0.8531269066899748,0.3,0.4,0.9542044467759787
2011-12-31,0.0,0.0,0.4,0.9161827266115975,1.0,1.0,0.85,1.0,1.0,0.6962778778874678,0.3,0.4,0.9161827266115975
2012-01-31,0.0,0.0,0.4,0.7943348992481877,1.0,1.0,1.0,1.0,1.0,0.8953455493012822,0.3,0.4,0.7943348992481877
2012-02-29,0.5,1.0,0.4,0.7892975126464326,1.0,1.0,0.85,1.0,1.0,1.0,0.6499999999999999,0.4,0.7892975126464326
2012-03-31,0.0,0.0,0.4,0.8138272685880533,1.0,1.0,0.85,1.0,1.0,0.8504653611029201,0.3,0.4,0.8138272685880533
2012-04-30,1.0,1.0,0.4,1.0,1.0,1.0,0.93,1.0,1.0,0.9731358321720365,1.0,0.4,1.0
2012-05-31,1.0,1.0,0.4,1.0,1.0,1.0,0.85,1.0,1.0,0.9236498680380608,1.0,0.4,1.0
2012-06-30,0.0,0.0,0.4,1.0,1.0,1.0,0.85,1.0,1.0,0.8043490301691211,0.3,0.4,1.0
2012-07-31,0.0,0.0,0.4,1.0,1.0,1.0,0.85,1.0,1.0,0.7920016933724415,0.3,0.4,1.0
2012-08-31,0.0,0.0,0.4,1.0,1.0,1.0,0.85,1.0,1.0,0.9218814567113334,0.3,0.4,1.0
2012-09-30,0.0,0.0,0.4,1.0,1.0,1.0,0.85,1.0,1.0,0.9967748882445221,0.3,0.4,1.0
2012-10-31,0.0,0.0,0.4,1.0,1.0,1.0,0.85,1.0,1.0,0.9905186291235868,0.3,0.4,1.0
2012-11-30,0.0,0.0,0.4,1.0,1.0,1.0,0.85,1.0,1.0,0.6869608553175077,0.3,0.4,1.0
2012-12-31,1.0,1.0,0.40742813722307725,1.0,1.0,1.0,0.85,1.0,1.0,1.0,1.0,0.40742813722307725,1.0
2013-01-31,1.0,1.0,0.6493496305575426,1.0,1.0,1.0,0.85,1.0,1.0,1.0,1.0,0.6493496305575426,1.0
2013-02-28,1.0,1.0,0.51679639388969,1.0,1.0,1.0,1.0,1.0,1.0,1.0,1.0,0.51679639388969,1.0
2013-03-31,1.0,1.0,0.4,1.0,1.0,1.0,0.85,1.0,1.0,0.8790232578890824,1.0,0.4,1.0
2013-04-30,0.5,0.0,0.4,1.0,1.0,1.0,0.95,1.0,1.0,0.8555231288388004,0.6499999999999999,0.4,1.0
2013-05-31,1.0,1.0,0.568403682529631,1.0,1.0,1.0,0.85,1.0,1.0,1.0,1.0,0.568403682529631,1.0
2013-06-30,0.0,0.0,0.4,1.0,1.0,1.0,0.7899999999999998,1.0,1.0,0.6993875736794585,0.3,0.4,1.0
2013-07-31,0.0,0.0,0.4974725508895852,0.9140065695135713,1.0,1.0,0.85,1.0,1.0,1.0,0.3,0.4974725508895852,0.9140065695135713
2013-08-31,0.5,0.0,0.6878220734807448,0.8991174426901075,1.0,1.0,0.85,1.0,1.0,0.9916497881942086,0.6499999999999999,0.6878220734807448,0.8991174426901075
2013-09-30,1.0,1.0,0.8028227155091039,1.0,1.0,1.0,0.85,1.0,1.0,1.0,1.0,0.8028227155091039,1.0
2013-10-31,0.5,0.0,0.7868088342372106,1.0,1.0,1.0,0.85,1.0,1.0,0.9739317375139944,0.6499999999999999,0.7868088342372106,1.0
2013-11-30,1.0,1.0,1.0,1.0,1.0,1.0,0.85,1.0,1.0,1.0,1.0,1.0,1.0
2013-12-31,0.5,0.0,1.0,1.0,1.0,1.0,0.85,1.0,1.0,0.9364933967798962,0.6499999999999999,1.0,1.0
2014-01-31,0.5,0.0,0.7958397161381434,1.0,1.0,1.0,0.7300000000000001,1.0,1.0,0.9403324972784285,0.6499999999999999,0.7958397161381434,1.0
2014-02-28,0.5,0.0,0.7586360571326964,1.0,1.0,1.0,0.7699999999999999,1.0,1.0,1.0,0.6499999999999999,0.7586360571326964,1.0
2014-03-31,0.0,0.0,0.7268172264339658,1.0,1.0,1.0,0.85,1.0,1.0,0.887380704849012,0.3,0.7268172264339658,1.0
2014-04-30,0.0,0.0,0.7505752422202243,1.0,1.0,1.0,0.6099999999999998,1.0,1.0,0.9162358585541359,0.3,0.7505752422202243,1.0
2014-05-31,0.0,0.0,0.6064334643010874,1.0,1.0,1.0,0.85,1.0,1.0,0.9804242464188461,0.3,0.6064334643010874,1.0
2014-06-30,0.5,0.0,0.6770196446905201,1.0,1.0,1.0,0.85,1.0,1.0,1.0,0.6499999999999999,0.6770196446905201,1.0
2014-07-31,1.0,1.0,1.0,1.0,1.0,1.0,0.85,1.0,1.0,1.0,1.0,1.0,1.0
2014-08-31,1.0,1.0,0.9537792447163058,1.0,1.0,1.0,0.85,1.0,1.0,1.0,1.0,0.9537792447163058,1.0
2014-09-30,1.0,1.0,1.0,1.0,1.0,1.0,0.85,1.0,1.0,1.0,1.0,1.0,1.0
2014-10-31,1.0,1.0,0.9767893633106142,1.0,1.0,1.0,0.8699999999999999,1.0,1.0,1.0,1.0,0.9767893633106142,1.0
2014-11-30,1.0,1.0,1.0,1.0,1.0,1.0,0.7899999999999998,1.0,1.0,1.0,1.0,1.0,1.0
2014-12-31,1.0,1.0,1.0,1.0,1.0,1.0,0.85,1.0,1.0,0.9558482259753202,1.0,1.0,1.0
2015-01-31,1.0,1.0,1.0,0.9471107147897303,1.0,1.0,0.8299999999999997,1.0,1.0,1.0,1.0,1.0,0.9471107147897303
2015-02-28,1.0,1.0,1.0,0.9588525097794489,1.0,1.0,0.6,1.0,1.0,1.0,1.0,1.0,0.9588525097794489
2015-03-31,1.0,1.0,1.0,1.0,1.0,1.0,0.85,1.0,1.0,1.0,1.0,1.0,1.0
2015-04-30,1.0,1.0,1.0,1.0,1.0,1.0,0.85,1.0,1.0,1.0,1.0,1.0,1.0
2015-05-31,1.0,1.0,1.0,0.8112850526130253,1.0,1.0,0.85,1.0,1.0,1.0,1.0,1.0,0.8112850526130253
2015-06-30,1.0,1.0,1.0,0.537628829088611,1.0,1.0,0.85,1.0,1.0,0.9459535726433976,1.0,1.0,0.537628829088611
2015-07-31,0.0,0.0,1.0,0.5,1.0,1.0,0.85,1.0,1.0,1.0,0.3,1.0,0.5
2015-08-31,0.0,0.0,1.0,0.5,1.0,1.0,0.85,0.5,1.0,0.998769161009424,0.3,1.0,0.5
2015-09-30,0.0,0.0,1.0,0.5,1.0,1.0,0.85,1.0,1.0,1.0,0.3,1.0,0.5
2015-10-31,0.0,0.0,1.0,0.5,1.0,1.0,0.8099999999999997,1.0,1.0,1.0,0.3,1.0,0.5
2015-11-30,0.0,0.0,1.0,0.5449828815758739,1.0,1.0,0.85,1.0,1.0,1.0,0.3,1.0,0.5449828815758739
2015-12-31,1.0,1.0,1.0,0.7853115702828547,1.0,1.0,0.85,1.0,1.0,1.0,1.0,1.0,0.7853115702828547
2016-01-31,0.0,0.0,0.4987614467500676,0.5615458019176719,1.0,1.0,0.7700000000000002,1.0,1.0,0.8893388616072443,0.3,0.4987614467500676,0.5615458019176719
2016-02-29,0.0,0.0,0.4,0.528583323908772,1.0,1.0,0.9899999999999998,1.0,1.0,0.9766688123937308,0.3,0.4,0.528583323908772
2016-03-31,0.0,0.0,0.4,0.5,1.0,1.0,0.85,1.0,1.0,1.0,0.3,0.4,0.5
2016-04-30,0.0,0.0,0.4,0.6882182851554767,1.0,1.0,0.7300000000000001,1.0,1.0,0.9642833571459668,0.3,0.4,0.6882182851554767
2016-05-31,0.0,0.0,0.4,0.8623562953103635,1.0,1.0,0.85,1.0,1.0,0.9192938752804493,0.3,0.4,0.8623562953103635
2016-06-30,1.0,1.0,0.4,0.9463786236088023,1.0,1.0,0.6499999999999999,1.0,1.0,1.0,1.0,0.4,0.9463786236088023
2016-07-31,1.0,1.0,0.4,1.0,1.0,1.0,0.85,1.0,1.0,0.9551733102001396,1.0,0.4,1.0
2016-08-31,1.0,1.0,0.4,1.0,1.0,1.0,0.85,1.0,1.0,1.0,1.0,0.4,1.0
2016-09-30,1.0,1.0,0.5248452948664886,1.0,1.0,1.0,1.0,1.0,1.0,0.9514397547929683,1.0,0.5248452948664886,1.0
2016-10-31,1.0,1.0,0.4,1.0,1.0,1.0,0.8699999999999999,1.0,1.0,1.0,1.0,0.4,1.0
2016-11-30,1.0,1.0,0.4,1.0,1.0,1.0,0.85,1.0,1.0,0.9761984338063504,1.0,0.4,1.0
2016-12-31,0.0,0.0,0.4,1.0,1.0,1.0,0.85,1.0,1.0,0.9328445038642561,0.3,0.4,1.0
2017-01-31,0.5,1.0,0.6119924692238232,1.0,1.0,1.0,0.8300000000000001,1.0,1.0,0.9725741674116926,0.6499999999999999,0.6119924692238232,1.0
2017-02-28,1.0,1.0,0.6606179576957678,1.0,1.0,1.0,0.85,1.0,1.0,1.0,1.0,0.6606179576957678,1.0
2017-03-31,0.5,1.0,0.599079577426342,1.0,1.0,1.0,0.85,1.0,1.0,0.9136951624846052,0.6499999999999999,0.599079577426342,1.0
2017-04-30,0.5,1.0,0.44596536844001333,1.0,1.0,1.0,0.75,1.0,1.0,0.8688223804819009,0.6499999999999999,0.44596536844001333,1.0
2017-05-31,0.5,1.0,0.5039782938342641,1.0,1.0,1.0,0.8300000000000001,1.0,1.0,0.8380569676924416,0.6499999999999999,0.5039782938342641,1.0
2017-06-30,0.5,1.0,0.5583085412603586,1.0,1.0,1.0,0.85,1.0,1.0,1.0,0.6499999999999999,0.5583085412603586,1.0
2017-07-31,1.0,1.0,0.4644193071413878,1.0,1.0,1.0,0.85,1.0,1.0,0.932456711302702,1.0,0.4644193071413878,1.0
2017-08-31,1.0,1.0,0.49384260588856654,1.0,1.0,1.0,0.85,1.0,1.0,1.0,1.0,0.49384260588856654,1.0
2017-09-30,1.0,1.0,0.5823792622964907,1.0,1.0,1.0,0.7900000000000001,1.0,1.0,0.926480578735619,1.0,0.5823792622964907,1.0
2017-10-31,1.0,1.0,0.5190719391933629,1.0,1.0,1.0,0.9099999999999998,1.0,1.0,0.9984687582978001,1.0,0.5190719391933629,1.0
2017-11-30,0.5,1.0,0.4,1.0,1.0,1.0,0.85,1.0,1.0,0.8496059178646602,0.6499999999999999,0.4,1.0
2017-12-31,0.5,1.0,0.4841866807774069,1.0,1.0,1.0,0.85,1.0,1.0,0.936456662589503,0.6499999999999999,0.4841866807774069,1.0
2018-01-31,0.5,1.0,0.5220003338779269,1.0,1.0,1.0,0.85,1.0,1.0,0.8394606286013193,0.6499999999999999,0.5220003338779269,1.0
2018-02-28,0.0,0.0,0.4101066517545211,1.0,1.0,1.0,0.93,1.0,1.0,0.9248380277153304,0.3,0.4101066517545211,1.0
2018-03-31,0.0,0.0,0.4,1.0,1.0,1.0,0.85,1.0,1.0,1.0,0.3,0.4,1.0
2018-04-30,0.0,0.0,0.4,1.0,1.0,1.0,0.7299999999999996,1.0,1.0,0.9290525093298514,0.3,0.4,1.0
2018-05-31,0.0,0.0,0.4261915150468363,1.0,1.0,1.0,0.85,1.0,1.0,0.9446052318717582,0.3,0.4261915150468363,1.0
2018-06-30,0.0,0.0,0.4,1.0,1.0,1.0,0.85,0.5,1.0,0.8538159919155952,0.3,0.4,1.0
2018-07-31,0.0,0.0,0.4,1.0,1.0,1.0,0.85,0.5,1.0,0.9790368276369479,0.3,0.4,1.0
2018-08-31,0.0,0.0,0.4,0.9761122586024755,1.0,1.0,0.85,1.0,1.0,0.8767279913175748,0.3,0.4,0.9761122586024755
2018-09-30,0.0,0.0,0.4,1.0,1.0,1.0,0.7899999999999998,1.0,1.0,0.9436463892184175,0.3,0.4,1.0
2018-10-31,0.0,0.0,0.4,0.8905754586750738,1.0,1.0,0.8700000000000002,1.0,1.0,0.8985392237800488,0.3,0.4,0.8905754586750738
2018-11-30,0.0,0.0,0.4,0.8672278268206014,1.0,1.0,0.85,1.0,1.0,1.0,0.3,0.4,0.8672278268206014
2018-12-31,0.0,0.0,0.4,0.8505500176736773,1.0,1.0,0.85,1.0,1.0,0.8472260741515312,0.3,0.4,0.8505500176736773
2019-01-31,0.0,0.0,0.4,1.0,1.0,1.0,0.85,1.0,1.0,0.9154844116585898,0.3,0.4,1.0
2019-02-28,1.0,1.0,0.4,1.0,1.0,1.0,0.9100000000000001,1.0,1.0,1.0,1.0,0.4,1.0
2019-03-31,1.0,1.0,0.4,0.9213357806924718,1.0,1.0,0.85,1.0,1.0,1.0,1.0,0.4,0.9213357806924718
2019-04-30,1.0,1.0,0.4,0.8245702881467574,1.0,1.0,0.85,1.0,1.0,0.8669948570482588,1.0,0.4,0.8245702881467574
2019-05-31,1.0,1.0,0.4,0.7602681429523175,1.0,1.0,0.85,1.0,1.0,0.9395206771630731,1.0,0.4,0.7602681429523175
2019-06-30,0.5,1.0,0.4,0.8609026006818189,1.0,1.0,0.85,1.0,1.0,0.9471753984209194,0.6499999999999999,0.4,0.8609026006818189
2019-07-31,0.5,1.0,0.40170607349442555,1.0,1.0,1.0,0.85,1.0,1.0,0.9111843275735023,0.6499999999999999,0.40170607349442555,1.0
2019-08-31,0.5,1.0,0.5347551513846778,1.0,1.0,1.0,0.85,1.0,1.0,0.907511387443115,0.6499999999999999,0.5347551513846778,1.0
2019-09-30,0.5,1.0,0.6159821673290393,1.0,1.0,1.0,0.85,1.0,1.0,0.9868721111040045,0.6499999999999999,0.6159821673290393,1.0
2019-10-31,0.5,1.0,0.9474130767973117,1.0,1.0,1.0,0.85,1.0,1.0,0.9311403064617197,0.6499999999999999,0.9474130767973117,1.0
2019-11-30,0.0,0.0,0.6012406481341772,1.0,1.0,1.0,0.85,1.0,1.0,0.8398061093103418,0.3,0.6012406481341772,1.0
2019-12-31,1.0,1.0,0.945941139487954,1.0,1.0,1.0,0.85,1.0,1.0,1.0,1.0,0.945941139487954,1.0
2020-01-31,1.0,1.0,0.9926514690109287,1.0,1.0,1.0,0.95,1.0,1.0,0.982267585751325,1.0,0.9926514690109287,1.0
2020-02-29,0.5,0.0,0.9213239286789032,0.8513530739737365,1.0,1.0,0.7900000000000001,1.0,1.0,1.0,0.6499999999999999,0.9213239286789032,0.8513530739737365
2020-03-31,0.0,0.0,0.4,0.7047771304908461,1.0,1.0,0.85,1.0,1.0,0.857100872134346,0.3,0.4,0.7047771304908461
2020-04-30,0.5,0.0,0.4,0.8157591975741635,1.0,1.0,0.85,1.0,1.0,0.9881895634536388,0.6499999999999999,0.4,0.8157591975741635
2020-05-31,0.5,0.0,0.6876595194533057,0.9744733505301796,1.0,1.0,0.85,1.0,1.0,0.9614234843400349,0.6499999999999999,0.6876595194533057,0.9744733505301796
2020-06-30,1.0,1.0,0.9420724578627677,1.0,1.0,1.0,0.85,1.0,1.0,0.9841294220376009,1.0,0.9420724578627677,1.0
2020-07-31,1.0,1.0,1.0,0.9919486044120596,1.0,1.0,0.85,1.0,1.0,1.0,1.0,1.0,0.9919486044120596
2020-08-31,1.0,1.0,1.0,0.9662121795401992,0.8802101576183983,1.0,0.85,1.0,1.0,0.9443525997498922,1.0,1.0,0.9662121795401992
2020-09-30,1.0,1.0,0.9090485228858456,0.9683090423834468,0.9959451401313544,1.0,0.85,1.0,1.0,0.8116699194884929,1.0,0.9090485228858456,0.9683090423834468
2020-10-31,0.5,1.0,0.9300824636261806,1.0,0.9840190816936699,1.0,0.85,1.0,1.0,0.8548509821317088,0.6499999999999999,0.9300824636261806,1.0
2020-11-30,0.5,1.0,1.0,1.0,0.7955873583782592,1.0,0.85,1.0,1.0,0.9527176020328154,0.6499999999999999,1.0,1.0
2020-12-31,0.5,1.0,0.9324595878799453,1.0,0.6000000000002331,1.0,0.85,1.0,1.0,0.8382444912819758,0.6499999999999999,0.9324595878799453,1.0
2021-01-31,0.5,1.0,0.7961353684772674,1.0,0.7444114737885048,1.0,0.85,1.0,1.0,0.8486373320026601,0.6499999999999999,0.7961353684772674,1.0
2021-02-28,0.5,1.0,0.8481218557472019,1.0,0.8118203309694261,1.0,0.7100000000000002,1.0,1.0,0.9097118399577141,0.6499999999999999,0.8481218557472019,1.0
2021-03-31,0.0,0.0,0.9432480537055383,1.0,1.0,1.0,0.85,1.0,1.0,0.9319791623009085,0.3,0.9432480537055383,1.0
2021-04-30,0.5,0.0,0.9389443926854697,1.0,1.0,1.0,0.85,1.0,1.0,0.9253951258543356,0.6499999999999999,0.9389443926854697,1.0
2021-05-31,1.0,1.0,0.9563641600329413,1.0,1.0,1.0,0.85,1.0,1.0,1.0,1.0,0.9563641600329413,1.0
2021-06-30,0.5,0.0,0.8908070881591681,1.0,1.0,1.0,0.85,1.0,1.0,0.9111500737203816,0.6499999999999999,0.8908070881591681,1.0
2021-07-31,0.5,0.0,0.5736905632486691,1.0,1.0,1.0,0.85,1.0,1.0,0.9291750162682526,0.6499999999999999,0.5736905632486691,1.0
2021-08-31,0.5,0.0,0.6767308094446762,1.0,1.0,1.0,0.85,1.0,1.0,0.9693239951256147,0.6499999999999999,0.6767308094446762,1.0
2021-09-30,0.5,0.0,0.736006091438306,1.0,1.0,1.0,0.85,1.0,1.0,0.942930685859381,0.6499999999999999,0.736006091438306,1.0
2021-10-31,0.5,0.0,0.6847398891405736,1.0,1.0,1.0,0.85,1.0,1.0,0.864520792119958,0.6499999999999999,0.6847398891405736,1.0
2021-11-30,0.5,0.0,0.7890397748692943,1.0,1.0,1.0,0.85,1.0,1.0,1.0,0.6499999999999999,0.7890397748692943,1.0
2021-12-31,1.0,1.0,0.8393191074645285,1.0,1.0,1.0,0.85,1.0,1.0,0.9789936677395736,1.0,0.8393191074645285,1.0
2022-01-31,0.0,0.0,0.550807627454986,1.0,1.0,1.0,0.85,1.0,1.0,0.8605351073285108,0.3,0.550807627454986,1.0
2022-02-28,0.0,0.0,0.6676838265412144,1.0,1.0,1.0,0.85,1.0,1.0,0.9955680885135048,0.3,0.6676838265412144,1.0
2022-03-31,0.0,0.0,0.5162914163155801,1.0,1.0,1.0,0.85,1.0,1.0,0.8705503902382979,0.3,0.5162914163155801,1.0
2022-04-30,0.0,0.0,0.4,0.814958686363675,1.0,1.0,0.85,0.5,1.0,0.8099489026860223,0.3,0.4,0.814958686363675
2022-05-31,0.0,0.0,0.4,0.7934761017841582,1.0,1.0,0.85,0.5,1.0,1.0,0.3,0.4,0.7934761017841582
2022-06-30,1.0,1.0,0.46582299339383026,0.9077581318338549,1.0,1.0,0.85,1.0,1.0,1.0,1.0,0.46582299339383026,0.9077581318338549
2022-07-31,0.5,0.0,0.4,1.0,1.0,1.0,0.85,1.0,1.0,0.9497488415575546,0.6499999999999999,0.4,1.0
2022-08-31,0.0,0.0,0.4,1.0,1.0,1.0,0.85,1.0,1.0,0.9655686514260904,0.3,0.4,1.0
2022-09-30,0.0,0.0,0.4,1.0,1.0,1.0,0.85,0.5,1.0,0.8013255366913341,0.3,0.4,1.0
2022-10-31,0.0,0.0,0.4,1.0,1.0,1.0,0.85,0.5,1.0,0.9680188854529954,0.3,0.4,1.0
2022-11-30,0.0,0.0,0.4,1.0,1.0,1.0,0.85,1.0,1.0,0.9562013302213168,0.3,0.4,1.0
2022-12-31,0.0,0.0,0.4,1.0,1.0,1.0,0.85,1.0,1.0,0.8004675321649961,0.3,0.4,1.0
2023-01-31,1.0,1.0,0.4,1.0,1.0,1.0,0.7300000000000001,1.0,1.0,1.0,1.0,0.4,1.0
2023-02-28,1.0,1.0,0.4,1.0,1.0,1.0,0.85,1.0,1.0,0.9777928013007351,1.0,0.4,1.0
2023-03-31,1.0,1.0,0.5024007389513026,1.0,1.0,1.0,0.85,1.0,1.0,0.8661893981004306,1.0,0.5024007389513026,1.0
2023-04-30,1.0,1.0,0.555066449544757,1.0,1.0,1.0,0.85,1.0,1.0,0.9010312480278738,1.0,0.555066449544757,1.0
2023-05-31,0.0,0.0,0.5717301825652097,1.0,1.0,1.0,0.85,1.0,1.0,0.9129247395857085,0.3,0.5717301825652097,1.0
2023-06-30,0.0,0.0,0.4,1.0,1.0,1.0,0.6899999999999998,1.0,1.0,0.9524164584125975,0.3,0.4,1.0
2023-07-31,0.5,1.0,0.42899228117045385,1.0,1.0,1.0,0.85,1.0,1.0,0.9361619269273683,0.6499999999999999,0.42899228117045385,1.0
2023-08-31,0.0,0.0,0.4,1.0,1.0,1.0,0.85,1.0,1.0,0.8028083928491467,0.3,0.4,1.0
2023-09-30,0.0,0.0,0.4114169710860889,1.0,1.0,1.0,0.85,1.0,1.0,0.8746542792177102,0.3,0.4114169710860889,1.0
2023-10-31,0.0,0.0,0.4,1.0,1.0,1.0,0.85,1.0,1.0,0.8964846319209447,0.3,0.4,1.0
2023-11-30,0.0,0.0,0.4,1.0,1.0,1.0,0.85,1.0,1.0,1.0,0.3,0.4,1.0
2023-12-31,0.0,0.0,0.4,1.0,1.0,1.0,0.85,1.0,1.0,0.874654196024561,0.3,0.4,1.0
2024-01-31,0.0,0.0,0.4,1.0,1.0,1.0,0.85,1.0,1.0,0.6612493046792356,0.3,0.4,1.0
2024-02-29,0.5,1.0,0.4,0.8211356896068234,1.0,1.0,0.6499999999999999,1.0,1.0,1.0,0.6499999999999999,0.4,0.8211356896068234
2024-03-31,0.5,1.0,0.4,0.7960837941546511,1.0,1.0,0.85,1.0,1.0,1.0,0.6499999999999999,0.4,0.7960837941546511
2024-04-30,1.0,1.0,0.4,0.8285429261929679,1.0,1.0,0.85,1.0,1.0,0.9718480841797039,1.0,0.4,0.8285429261929679
2024-05-31,1.0,1.0,0.4,1.0,1.0,1.0,0.85,1.0,1.0,0.9067231537544653,1.0,0.4,1.0
2024-06-30,0.0,0.0,0.4,1.0,1.0,1.0,0.8099999999999999,1.0,1.0,0.840527231755533,0.3,0.4,1.0
2024-07-31,0.0,0.0,0.4,1.0,1.0,1.0,0.85,1.0,1.0,0.9499046581587347,0.3,0.4,1.0
2024-08-31,0.0,0.0,0.4,1.0,1.0,1.0,0.85,1.0,1.0,0.8872036810666126,0.3,0.4,1.0
2024-09-30,1.0,1.0,0.5097351067651119,0.7741145311753956,1.0,1.0,0.85,1.0,1.0,1.0,1.0,0.5097351067651119,0.7741145311753956
2024-10-31,1.0,1.0,0.6093581053669284,0.6319119384695157,1.0,1.0,0.85,1.0,1.0,1.0,1.0,0.6093581053669284,0.6319119384695157
2024-11-30,1.0,1.0,0.5661375694067226,0.6072994895011607,1.0,1.0,0.85,1.0,1.0,1.0,1.0,0.5661375694067226,0.6072994895011607
2024-12-31,1.0,1.0,0.6012685635729551,0.8649198672793095,1.0,1.0,0.85,1.0,1.0,0.8848920306551561,1.0,0.6012685635729551,0.8649198672793095
2025-01-31,1.0,1.0,0.6399270999258593,1.0,1.0,1.0,0.89,1.0,1.0,0.8592620493336398,1.0,0.6399270999258593,1.0
2025-02-28,1.0,1.0,0.9386149444193714,1.0,1.0,1.0,0.79,1.0,1.0,1.0,1.0,0.9386149444193714,1.0
2025-03-31,0.5,0.0,0.6723906145957477,1.0,1.0,1.0,0.85,1.0,1.0,0.9166551281898411,0.6499999999999999,0.6723906145957477,1.0
2025-04-30,0.0,0.0,0.6696104865710728,0.9833411543120479,1.0,1.0,0.85,1.0,1.0,1.0,0.3,0.6696104865710728,0.9833411543120479
2025-05-31,0.0,0.0,0.5908469002233319,1.0,1.0,1.0,0.85,1.0,1.0,1.0,0.3,0.5908469002233319,1.0
2025-06-30,1.0,1.0,0.7694350551582332,1.0,1.0,1.0,0.8300000000000001,1.0,1.0,1.0,1.0,0.7694350551582332,1.0
2025-07-31,1.0,1.0,1.0,1.0,1.0,1.0,0.85,1.0,1.0,0.9805275633201156,1.0,1.0,1.0
2025-08-31,1.0,1.0,1.0,1.0,1.0,1.0,0.85,1.0,1.0,1.0,1.0,1.0,1.0
2025-09-30,1.0,1.0,1.0,1.0,1.0,1.0,0.85,1.0,1.0,0.9249890737556659,1.0,1.0,1.0
2025-10-31,1.0,1.0,1.0,1.0,1.0,1.0,0.85,1.0,1.0,0.9918371900784575,1.0,1.0,1.0
2025-11-30,1.0,1.0,0.8737264500547979,1.0,1.0,1.0,0.85,1.0,1.0,0.9471145578816704,1.0,0.8737264500547979,1.0
2025-12-31,1.0,1.0,1.0,1.0,1.0,1.0,0.85,1.0,1.0,0.9480396422354864,1.0,1.0,1.0
2026-01-31,1.0,1.0,1.0,1.0,1.0,1.0,0.85,1.0,1.0,1.0,1.0,1.0,1.0
2026-02-28,1.0,1.0,1.0,1.0,1.0,1.0,0.85,1.0,1.0,0.9659574628365425,1.0,1.0,1.0
2026-03-31,0.0,0.0,0.994205485314549,0.9720634519435929,1.0,1.0,0.85,1.0,1.0,0.8959307559740001,0.3,0.994205485314549,0.9720634519435929
2026-04-30,1.0,1.0,1.0,0.9328799663172496,1.0,1.0,0.85,1.0,1.0,0.98694855678492,1.0,1.0,0.9328799663172496
2026-05-31,1.0,1.0,1.0,0.9294772121842431,0.9583478766726539,1.0,0.85,1.0,1.0,0.9055521918988105,1.0,1.0,0.9294772121842431
2026-06-30,1.0,1.0,1.0,0.9560213804192552,0.8217768871077713,1.0,0.85,1.0,1.0,0.7982269362456164,1.0,1.0,0.9560213804192552
2026-07-31,0.0,0.0,0.9641280244322039,0.7364715699644627,0.8004175365346835,1.0,0.85,1.0,1.0,0.9314052436046281,0.3,0.9641280244322039,0.7364715699644627
2026-08-31,0.0,0.0,1.0,0.7260825973451599,0.7920668058457496,1.0,0.85,1.0,1.0,1.0,0.3,1.0,0.7260825973451599
