t,A,A2
2006-02-28,0.48587391175200256,0.5141260882479974
2006-03-31,0.4861698561517539,0.5138301438482461
2006-04-30,0.4915754317320955,0.5084245682679045
2006-05-31,0.49082908151939536,0.5091709184806046
2006-06-30,0.49146621603943397,0.508533783960566
2006-07-31,0.4914658637043782,0.5085341362956217
2006-08-31,0.49047609750647997,0.5095239024935201
2006-09-30,0.489697970779922,0.5103020292200781
2006-10-31,0.4894637789038859,0.5105362210961141
2006-11-30,0.48961272039510806,0.5103872796048919
2006-12-31,0.4902629096993186,0.5097370903006815
2007-01-31,0.4889067622978137,0.5110932377021862
2007-02-28,0.4882565803586724,0.5117434196413275
2007-03-31,0.4882564456027347,0.5117435543972652
2007-04-30,0.4882563099009795,0.5117436900990204
2007-05-31,0.4882561930413739,0.5117438069586262
2007-06-30,0.48825604095603015,0.5117439590439699
2007-07-31,0.4882559180121768,0.5117440819878232
2007-08-31,0.4882557778461228,0.5117442221538772
2007-09-30,0.4882556181570899,0.5117443818429102
2007-10-31,0.4909999659621719,0.5090000340378281
2007-11-30,0.4862416510359902,0.5137583489640098
2007-12-31,0.48611767121385624,0.5138823287861438
2008-01-31,0.48476163274903206,0.5152383672509679
2008-02-29,0.4851996277069726,0.5148003722930273
2008-03-31,0.4840421013289233,0.5159578986710767
2008-04-30,0.4835328651054494,0.5164671348945505
2008-05-31,0.48462925553872077,0.5153707444612793
2008-06-30,0.4839774737463945,0.5160225262536056
2008-07-31,0.4840601884349125,0.5159398115650876
2008-08-31,0.483593988905156,0.516406011094844
2008-09-30,0.484663468818478,0.5153365311815219
2008-10-31,0.48417380106211155,0.5158261989378884
2008-11-30,0.48378659730597046,0.5162134026940296
2008-12-31,0.4847681265473076,0.5152318734526923
2009-01-31,0.48465311636046987,0.5153468836395301
2009-02-28,0.4825469256409247,0.5174530743590752
2009-03-31,0.4842533600104179,0.5157466399895821
2009-04-30,0.4841367408826557,0.5158632591173444
2009-05-31,0.48413692326515695,0.5158630767348431
2009-06-30,0.4841371441492244,0.5158628558507757
2009-07-31,0.48413733753836247,0.5158626624616376
2009-08-31,0.4841374449263957,0.5158625550736042
2009-09-30,0.484137705052135,0.5158622949478651
2009-10-31,0.4840301624452137,0.5159698375547862
2009-11-30,0.4837861718541831,0.516213828145817
2009-12-31,0.4831780810868284,0.5168219189131715
2010-01-31,0.48198213466202594,0.5180178653379739
2010-02-28,0.4822393802047726,0.5177606197952274
2010-03-31,0.48239141377499833,0.5176085862250017
2010-04-30,0.48238105037862306,0.5176189496213769
2010-05-31,0.4828793655788995,0.5171206344211006
2010-06-30,0.48370137742231206,0.516298622577688
2010-07-31,0.48292986437827023,0.5170701356217299
2010-08-31,0.4834611259585133,0.5165388740414866
2010-09-30,0.4854833701563194,0.5145166298436805
2010-10-31,0.4837664737505643,0.5162335262494357
2010-11-30,0.48099745335228794,0.519002546647712
2010-12-31,0.48089308682918475,0.5191069131708153
2011-01-31,0.47985755588022194,0.5201424441197781
2011-02-28,0.479844635909172,0.5201553640908281
2011-03-31,0.48030044335325606,0.5196995566467439
2011-04-30,0.4751127746125049,0.5248872253874951
2011-05-31,0.4753086573596127,0.5246913426403873
2011-06-30,0.47597262033914334,0.5240273796608566
2011-07-31,0.47677460232184155,0.5232253976781585
2011-08-31,0.47660738521694124,0.5233926147830588
2011-09-30,0.4770733531218182,0.5229266468781818
2011-10-31,0.47572684050083003,0.52427315949917
2011-11-30,0.4762566539642845,0.5237433460357155
2011-12-31,0.4757651357217046,0.5242348642782955
2012-01-31,0.47489398687437784,0.5251060131256222
2012-02-29,0.4747357723254707,0.5252642276745293
2012-03-31,0.4758109733175391,0.5241890266824609
2012-04-30,0.47552164850945244,0.5244783514905476
2012-05-31,0.47446556147869645,0.5255344385213035
2012-06-30,0.4759704269605323,0.5240295730394677
2012-07-31,0.47524881365055893,0.5247511863494411
2012-08-31,0.47454553518702086,0.5254544648129792
2012-09-30,0.47370250545772313,0.5262974945422769
2012-10-31,0.47343003817912643,0.5265699618208737
2012-11-30,0.4740708243572005,0.5259291756427995
2012-12-31,0.47270159678946067,0.5272984032105393
2013-01-31,0.4747659832568653,0.5252340167431347
2013-02-28,0.4763044437923639,0.523695556207636
2013-03-31,0.4766878327472226,0.5233121672527774
2013-04-30,0.47442567236677713,0.525574327633223
2013-05-31,0.4701332584422166,0.5298667415577833
2013-06-30,0.4709832240517014,0.5290167759482985
2013-07-31,0.4693187236937024,0.5306812763062976
2013-08-31,0.4694085324426378,0.5305914675573622
2013-09-30,0.46801185924730065,0.5319881407526993
2013-10-31,0.47150312487354923,0.5284968751264508
2013-11-30,0.47366005208193207,0.5263399479180679
2013-12-31,0.4736545080119404,0.5263454919880596
2014-01-31,0.4732848576747503,0.5267151423252497
2014-02-28,0.47373960088855005,0.5262603991114498
2014-03-31,0.4717237840457462,0.5282762159542538
2014-04-30,0.47242413949863404,0.527575860501366
2014-05-31,0.4722182112498648,0.5277817887501353
2014-06-30,0.47006084857095576,0.5299391514290442
2014-07-31,0.4693306549995502,0.5306693450004499
2014-08-31,0.47111160391279555,0.5288883960872043
2014-09-30,0.4698002147788669,0.5301997852211332
2014-10-31,0.46972597586212483,0.5302740241378752
2014-11-30,0.4697281058133233,0.5302718941866768
2014-12-31,0.46973139531301156,0.5302686046869884
2015-01-31,0.46793930153365837,0.5320606984663417
2015-02-28,0.4674480110851679,0.5325519889148322
2015-03-31,0.4675419534620041,0.532458046537996
2015-04-30,0.46754510320308,0.5324548967969199
2015-05-31,0.46754818974713847,0.5324518102528615
2015-06-30,0.46755061690696587,0.5324493830930341
2015-07-31,0.4675528002027889,0.5324471997972111
2015-08-31,0.4670943005543362,0.5329056994456637
2015-09-30,0.46400865984612005,0.53599134015388
2015-10-31,0.4640725583136631,0.535927441686337
2015-11-30,0.46708430912666954,0.5329156908733305
2015-12-31,0.4646772853148855,0.5353227146851146
2016-01-31,0.4646276291271123,0.5353723708728877
2016-02-29,0.46483590901335375,0.5351640909866462
2016-03-31,0.46513627301236526,0.5348637269876347
2016-04-30,0.46619954163901417,0.5338004583609859
2016-05-31,0.4654422374059132,0.5345577625940867
2016-06-30,0.4678042910901305,0.5321957089098694
2016-07-31,0.46634484679439786,0.5336551532056021
2016-08-31,0.47018484670764027,0.5298151532923598
2016-09-30,0.46998331189562575,0.5300166881043742
2016-10-31,0.47145956034940106,0.5285404396505989
2016-11-30,0.4732669859243199,0.5267330140756801
2016-12-31,0.4733267944525493,0.5266732055474507
2017-01-31,0.47486256527085846,0.5251374347291415
2017-02-28,0.47285186289395637,0.5271481371060435
2017-03-31,0.4732647981149145,0.5267352018850855
2017-04-30,0.47359046830177365,0.5264095316982264
2017-05-31,0.47389392863640256,0.5261060713635974
2017-06-30,0.4738066435013923,0.5261933564986077
2017-07-31,0.474286526717977,0.525713473282023
2017-08-31,0.47240429693547975,0.5275957030645202
2017-09-30,0.46862733224451947,0.5313726677554805
2017-10-31,0.4705918067570319,0.5294081932429682
2017-11-30,0.4775190388143523,0.5224809611856477
2017-12-31,0.47459479792850046,0.5254052020714995
2018-01-31,0.47461877633554866,0.5253812236644513
2018-02-28,0.4753343775593839,0.5246656224406161
2018-03-31,0.4733029013610411,0.5266970986389589
2018-04-30,0.4749531819961381,0.5250468180038619
2018-05-31,0.47404575756544937,0.5259542424345506
2018-06-30,0.4723640246067857,0.5276359753932143
2018-07-31,0.47212484104686475,0.5278751589531352
2018-08-31,0.47222328013838416,0.5277767198616158
2018-09-30,0.4718931182625034,0.5281068817374966
2018-10-31,0.47261858490914177,0.5273814150908582
2018-11-30,0.4732796976671863,0.5267203023328136
2018-12-31,0.47434840584918364,0.5256515941508164
2019-01-31,0.4753872886614043,0.5246127113385958
2019-02-28,0.474710632622472,0.5252893673775282
2019-03-31,0.47308769597407063,0.5269123040259295
2019-04-30,0.4712952105971571,0.5287047894028429
2019-05-31,0.4685577188315548,0.5314422811684453
2019-06-30,0.46857845286416516,0.5314215471358348
2019-07-31,0.46883804057698564,0.5311619594230145
2019-08-31,0.4683182631588243,0.5316817368411757
2019-09-30,0.46835574600472357,0.5316442539952765
2019-10-31,0.470591782684039,0.529408217315961
2019-11-30,0.47165079136799043,0.5283492086320096
2019-12-31,0.4696005840422429,0.5303994159577571
2020-01-31,0.4701943311749213,0.5298056688250786
2020-02-29,0.4779625153309877,0.5220374846690122
2020-03-31,0.47434212008937526,0.5256578799106246
2020-04-30,0.4727654206259073,0.5272345793740927
2020-05-31,0.4710073705648313,0.5289926294351687
2020-06-30,0.47146446429780564,0.5285355357021942
2020-07-31,0.470799668581691,0.529200331418309
2020-08-31,0.4745152966298621,0.5254847033701379
2020-09-30,0.4740264381591787,0.5259735618408212
2020-10-31,0.47388780101438027,0.5261121989856198
2020-11-30,0.4735210710173524,0.5264789289826476
2020-12-31,0.47356141447607913,0.5264385855239208
2021-01-31,0.4709934444952252,0.5290065555047748
2021-02-28,0.47201273590791715,0.5279872640920827
2021-03-31,0.4711506611142124,0.5288493388857877
2021-04-30,0.471438086900678,0.528561913099322
2021-05-31,0.4731397141682428,0.5268602858317574
2021-06-30,0.4701254171833573,0.5298745828166427
2021-07-31,0.47446893674924656,0.5255310632507534
2021-08-31,0.47454649396854326,0.5254535060314568
2021-09-30,0.4696344056989773,0.5303655943010227
2021-10-31,0.4670896648424569,0.5329103351575432
2021-11-30,0.46891542664132974,0.5310845733586703
2021-12-31,0.4691284692049547,0.5308715307950453
2022-01-31,0.46810646558800295,0.5318935344119969
2022-02-28,0.4701178504682645,0.5298821495317354
2022-03-31,0.47214542445348817,0.5278545755465118
2022-04-30,0.4767577774452173,0.5232422225547827
2022-05-31,0.4759986488029788,0.5240013511970211
2022-06-30,0.4754385862056758,0.5245614137943243
2022-07-31,0.4759612841680486,0.5240387158319515
2022-08-31,0.47587204852674997,0.52412795147325
2022-09-30,0.4758825643192122,0.5241174356807878
2022-10-31,0.47650119020034915,0.5234988097996509
2022-11-30,0.4749604728936047,0.5250395271063952
2022-12-31,0.47451119627566624,0.5254888037243337
2023-01-31,0.47407431511125975,0.5259256848887404
2023-02-28,0.47425197048700746,0.5257480295129926
2023-03-31,0.4721442384293217,0.5278557615706783
2023-04-30,0.47224529815249333,0.5277547018475066
2023-05-31,0.47646269114788053,0.5235373088521195
2023-06-30,0.4775552403850907,0.5224447596149094
2023-07-31,0.47795330870961067,0.5220466912903893
2023-08-31,0.4779731538538678,0.5220268461461322
2023-09-30,0.4775270047990002,0.5224729952009999
2023-10-31,0.4776758535885536,0.5223241464114464
2023-11-30,0.47738684908626805,0.5226131509137318
2023-12-31,0.4774213229853524,0.5225786770146476
2024-01-31,0.4767899819674597,0.5232100180325403
2024-02-29,0.47492840004704373,0.5250715999529564
2024-03-31,0.47502644994752186,0.524973550052478
2024-04-30,0.47503666804358013,0.5249633319564199
2024-05-31,0.4749611255346142,0.5250388744653858
2024-06-30,0.4751629053701644,0.5248370946298355
