date,nav_3,nav_5,nav_10,hs300,ew_alla
2023-09-28,0.999,0.999,0.999,1.0,1.0
2023-10-09,0.9961983861401891,0.9930067480469874,0.9972597454151794,0.9987017270824339,0.9952602274965744
2023-10-10,0.9890276286026365,0.9755308942516093,0.9768230877583018,0.9912208020724665,0.9923400625693898
2023-10-11,0.9939184080255339,0.995697629120973,0.9977177955357083,0.9940455620613755,0.9949941261243671
2023-10-12,1.0024692011990988,0.9934623300838499,1.0028956351174088,1.0034869062806866,1.0002487806801617
2023-10-13,1.0021594153356816,0.9804739685006598,1.0000631317494095,0.9929240060419833,0.9934975098099363
2023-10-16,1.00155557280692,0.9795915663963284,0.9916920456125176,0.9829462772498406,0.9871067496841593
2023-10-17,0.9952724476670523,0.9657766659417795,0.978457325941514,0.9864169212392843,0.985524974023201
2023-10-18,0.9756823328030286,0.9431854340000961,0.951526567678751,0.9786042454879597,0.9678953061087219
2023-10-19,0.9563705202194093,0.931227535594013,0.9406650386565553,0.9577256318374465,0.9593436782291741
2023-10-20,0.9535588190196012,0.9656151665448534,0.953531685277991,0.9515036792078747,0.9505199506663757
2023-10-23,0.9383398564859158,0.9399488852129931,0.9264493289378789,0.9416527962874274,0.9275244248479422
2023-10-24,0.953630576402005,0.9523558210280494,0.9471061969790998,0.9451453943700491,0.9498345904777133
2023-10-25,0.9672283925758873,0.9545103057501071,0.9521842617561891,0.9498419440810275,0.9629423658649248
2023-10-26,0.9621156129640884,0.9504198039007343,0.9501968604099301,0.9524674910022098,0.9660808218081194
2023-10-27,0.9818754841593613,0.984888931195539,0.9874505801334896,0.965542373161582,0.981110732133544
2023-10-30,0.9800071570409628,0.9831898230722227,0.9905982365557446,0.9713390668751493,0.9933119612907194
2023-10-31,0.9821209207274577,0.9780659030576712,0.9911017189426543,0.9682855506560886,0.9893231250147436
2023-11-01,0.9868406341020527,0.9743244872009877,0.9870771811908693,0.9678846851769487,0.9910734442015062
2023-11-02,0.9834500788933208,0.9657875021953244,0.9769652288273917,0.963320944177788,0.9810403695823563
2023-11-03,0.9848509283260631,0.9743008288069207,0.9822457275309046,0.9714377247753568,0.9936900889787569
2023-11-06,0.9940490648950389,0.9942803751988578,1.004262614820468,0.9845754877942019,1.0136699985186846
2023-11-07,1.0091385889738818,1.0108348032504615,1.0111110918190147,0.9810929181245134,1.0191928768285707
2023-11-08,1.0203512718658447,1.0249025304023245,1.0328603654245057,0.9787384093907143,1.0222197637437542
2023-11-09,1.0089756677285047,1.0123626581504563,1.0149123423379391,0.9792138103713847,1.0165128106565349
2023-11-10,1.0056752783531646,1.0065262719263872,1.0116464109950165,0.9720754776302698,1.014974019525702
2023-11-13,1.0052817304171404,1.0106946684918368,1.01621474066157,0.9701578824545327,1.0252795595171527
2023-11-14,1.004522824945322,1.0172898580583931,1.017768848642063,0.9708745074219742,1.0312903006205258
2023-11-15,1.0037884262945211,1.0208330075090188,1.0210687372252871,0.9777011462475983,1.0378538310319263
2023-11-16,0.9956388693479521,1.009627834102846,1.0080854697347017,0.9682470632334802,1.0296791486094279
2023-11-17,0.9996215961212225,1.0095041638039195,1.0140018793681196,0.9670829542186687,1.0378555308205613
2023-11-20,1.003765657367286,1.0188417374303798,1.0230506437187257,0.9693201034173308,1.0491898749071578
2023-11-21,1.0093990274692841,1.016967179598466,1.0206043060329755,0.9706059085782773,1.0463553994664279
2023-11-22,0.9932195574883134,0.9959447505630217,1.006426194171533,0.9606720879724908,1.040990454221852
2023-11-23,1.0008188538160512,1.005183624014612,1.0182977314146198,0.9653079251294953,1.0500762532084469
2023-11-24,1.0032463891875731,0.9933039122737248,1.0200630122418275,0.9589355463059257,1.0424083910363335
2023-11-27,0.9982503381081542,0.9831756043573,1.0054775986753575,0.9518703938754043,1.0483689796031306
2023-11-28,1.0076077091949363,0.9922765366798907,1.0182027000001115,0.9536540961865742,1.0546458437858395
2023-11-29,0.9962775201260929,0.9762434724292498,1.002520576282093,0.9454644063165991,1.0456200149318273
2023-11-30,0.9998655970379337,0.983765662720509,1.0065491822128434,0.947604523844178,1.0395860400371857
2023-12-01,1.0072589623975399,0.9861756103668823,1.0164006703391149,0.9439937531118572,1.0436250610200675
2023-12-04,0.9961016370895893,0.9758237823854802,1.0111224001325811,0.937829531616198,1.043590563302969
2023-12-05,0.9828526904990771,0.9596055487182921,0.9882267822318709,0.9199732647931965,1.0295004182376313
2023-12-06,0.9760143082957538,0.9525844708081486,0.9846578354673754,0.9214208797520109,1.0343592570014777
2023-12-07,0.9693855689749993,0.9412505252275423,0.9873489447690494,0.9191669261857311,1.032820684948827
2023-12-08,0.9727766342177759,0.9481891078224027,0.9997045404243087,0.9213840185585268,1.0244749825093609
2023-12-11,0.9813643733760071,0.9556241645469871,1.004929585074108,0.9268028850388818,1.0341828876581547
2023-12-12,0.9910562354937971,0.9618500726783279,1.0026833719810302,0.9287944736397745,1.039467528006459
2023-12-13,0.9823257245833175,0.9580137955607875,1.003562823112397,0.9132916313978225,1.0349771292712788
2023-12-14,0.9845639176865975,0.9485202245680784,0.9943297630260698,0.9085102467341931,1.0334009533328088
2023-12-15,0.9759926161070578,0.9373001140783401,0.9779860488245222,0.9056881971271579,1.0297743803823933
2023-12-18,0.967579053575131,0.9252922224165205,0.9668827160927931,0.9023853257757045,1.0175077572947675
2023-12-19,0.9741694332983419,0.927104643206037,0.9689740272141599,0.9036524293017217,1.0192923612350935
2023-12-20,0.974426846221417,0.9264731986462371,0.968925337410144,0.893748964972922,1.0108974005072906
2023-12-21,0.9762244234320676,0.9246136080303053,0.9678943337045186,0.9027929672095291,1.013676382076742
2023-12-22,0.9702407858756135,0.9140424150720287,0.9503938880041184,0.9045162280049124,1.0012490554134135
2023-12-25,0.9692497613913134,0.9135839192660268,0.9498907861532556,0.9072870513945321,1.0002768126883514
2023-12-26,0.9622227578937992,0.8988321376303032,0.9350930569067398,0.9011450550302385,0.9881918486591096
2023-12-27,0.9610438393860756,0.8999906553146277,0.9394383947313809,0.9042801537437014,0.9955062653549298
2023-12-28,0.9728495407509599,0.9161899720947847,0.9525831435878925,0.9254707323478927,1.01469252860743
2023-12-29,0.9761369526101732,0.9188585815327724,0.9621756252891667,0.9299618351128346,1.0309241590363187
2024-01-02,0.9703943078400477,0.9169740556078921,0.957738948606133,0.9178307079219312,1.0340996535445088
2024-01-03,0.9725830483740213,0.9143842391257818,0.9611311213793974,0.9156474953225585,1.029540015077229
2024-01-04,1.006336929727204,0.945835970109518,0.974346828144553,0.9071789071577663,1.026346945678319
2024-01-05,1.0060887016760063,0.9382603080911837,0.9643087359841106,0.9023162110379218,1.007917026951443
2024-01-08,0.9831167564588612,0.9162706613969896,0.9395126989819778,0.8906466618801323,0.9871750654403946
2024-01-09,0.9766956667769406,0.9100427947585196,0.9384485949055535,0.892392960921443,0.9913170643517644
2024-01-10,0.9671100081900545,0.9048752463202643,0.9369726380221313,0.8882271039813613,0.9833900180381869
2024-01-11,0.9728204206452133,0.9106099240286939,0.9485259394898521,0.8932529650900105,0.9995372419334855
2024-01-12,0.9508901089174575,0.895518614406345,0.9379530353083887,0.8901346707441652,0.9889787603456383
2024-01-15,0.9446547874399425,0.8886754274238517,0.9280936534638973,0.8892546097497316,0.9856272293618846
2024-01-16,0.9339210718894662,0.8801452024083247,0.9217394156063887,0.8946634478171533,0.9843623368971038
2024-01-17,0.9171343148222375,0.860596815412175,0.8960596488416891,0.8752045321921541,0.9599434833336352
2024-01-18,0.9182192379149516,0.8547124401254462,0.8927498035226591,0.8875766123316412,0.9550635601702051
2024-01-19,0.9061585307117281,0.8474479385531628,0.885788402466735,0.8862341601895316,0.9444447259368856
2024-01-22,0.8677055660991266,0.8068023237162205,0.8405998933148986,0.8724453634445919,0.8902156000352894
2024-01-23,0.8735147208443617,0.8126653381268605,0.845370795546455,0.8759772620643841,0.8930860339391303
2024-01-24,0.8859046197475011,0.8232517381891693,0.8519232384792393,0.8882216832176136,0.9059878515276754
2024-01-25,0.9080048976381399,0.848380879073302,0.873847429840874,0.9060587063293108,0.9372808186488335
2024-01-26,0.9070475527652178,0.8420915575201556,0.8660748143625322,0.9035928009004973,0.9333286241451845
2024-01-29,0.887883444739457,0.823371771167631,0.844558237767346,0.8954993295870436,0.9033380098941114
2024-01-30,0.8716074417320423,0.805986577758417,0.8243042624713408,0.8795294885482301,0.8750371615713893
2024-01-31,0.8527262098659361,0.7825052310288988,0.7869381193580735,0.871483177879381,0.8356805192012817
2024-02-01,0.853741844461313,0.7892425835623558,0.7878112030137551,0.8721225569634182,0.8226996463479359
2024-02-02,0.827434452626806,0.7663220087598359,0.7594342287957492,0.8618006096732987,0.7869213242178918
2024-02-05,0.8167460391595333,0.7371201010689306,0.7215193522535822,0.8674365777417478,0.7231276978205566
2024-02-06,0.8648375383516427,0.784614711630643,0.7752928816467793,0.8975949968518915,0.744592628553075
2024-02-07,0.9006455290896433,0.8067469544159229,0.8011599216075161,0.9062514144805405,0.7345201688930584
2024-02-08,0.9284224396194629,0.8484699208321981,0.8455488163477397,0.9120245278718054,0.7839344267466883
2024-02-19,0.9085082335275643,0.8367207591592706,0.8430391495958279,0.9225619505208947,0.8098531327421395
2024-02-20,0.9083970141865538,0.835961209882831,0.8431445775159118,0.9244716855891977,0.8204861369404131
2024-02-21,0.9300350650107441,0.8481402591883711,0.852030739185502,0.9369440498580167,0.8336815765339755
2024-02-22,0.9465321710764187,0.8584246983651073,0.860631614523906,0.9450220719947896,0.8521397600222255
2024-02-23,0.9483501412439304,0.8611088832775158,0.8641766889382844,0.9458533461154943,0.8739556480979442
2024-02-26,0.9564419165534799,0.868845634485285,0.8683658522711328,0.9359921637439264,0.8865400440951876
2024-02-27,0.9578321699754114,0.8761197130196252,0.8800538937985813,0.9472207337708431,0.9119842096351058
2024-02-28,0.9561531160756753,0.8600450680842151,0.8594884865986168,0.9351522164012255,0.8570877232406963
2024-02-29,0.9691868069174494,0.8720326952875305,0.8779837401212172,0.9529927630093588,0.8896362558387099
2024-03-01,0.9708067846114915,0.8706441188975769,0.8790743497262377,0.9588799834775121,0.8996994926675276
2024-03-04,0.9728191032926394,0.8722117969066622,0.8826173254040321,0.9597107155218421,0.9008495488083212
2024-03-05,0.9690597882299168,0.8618936090264924,0.8691932598205988,0.9663904516499043,0.8865118323936222
2024-03-06,0.9711349217898566,0.8622547501719979,0.8696129729996439,0.9624696132312169,0.8957483343049746
2024-03-07,0.9575142222953834,0.8461213370080862,0.858965252834814,0.9566889107707052,0.8877442433192134
2024-03-08,0.9621696406612991,0.8499232371173682,0.860380937183344,0.960805980837058,0.8968377498922084
2024-03-11,0.9741713507730676,0.8604151256804772,0.8789522618412021,0.9728276086002586,0.9142976649744858
2024-03-12,0.9708912366637255,0.8637039008969555,0.8809993089324438,0.9750582528824234,0.925150486186848
2024-03-13,0.9734080887278858,0.8636966728539749,0.879033303770008,0.968246250118918,0.9261250264655331
2024-03-14,0.9738977445229149,0.8602613715126038,0.8738715289833703,0.9654984649752257,0.9208605905264737
2024-03-15,0.9935002769177746,0.8736150919057921,0.8855162560715764,0.9676044316911943,0.9351140273029453
2024-03-18,0.9848460692320891,0.8795941184921144,0.8952277307484542,0.9766936973050944,0.95356791999777
2024-03-19,0.988572769129963,0.8803110053962123,0.8905823022613566,0.9696743503282409,0.9507505326024197
2024-03-20,1.0281626747672865,0.9094879394031473,0.9125273734611341,0.9717759804332112,0.9613971886552994
2024-03-21,1.0469592351670436,0.9174090754132855,0.9191478960227121,0.9706121424565872,0.9618187925136125
2024-03-22,1.0511683332704507,0.9139141540675919,0.9030129875956422,0.9608309163502974,0.9480571196257507
2024-03-25,1.0127200929472844,0.8853419995515012,0.8759965840805869,0.9556164126632294,0.9247211899562942
2024-03-26,0.9884455384053064,0.8688034970167042,0.8670549211533942,0.9604907634251313,0.9245506443292503
2024-03-27,0.9610562725509125,0.8465275972351614,0.8451738447135919,0.9493890392699098,0.8960285194103694
2024-03-28,0.9621143898026456,0.8527612416506211,0.8584484251724325,0.9543159714401642,0.9162276261848787
2024-03-29,0.9680917381279146,0.8583428588769773,0.8651349695150428,0.9587932512575494,0.9272992088760789
2024-04-01,0.9796457124915547,0.872118714202496,0.8863160444901554,0.9745576453503264,0.9476981351212944
2024-04-02,0.9754797482936037,0.8620122348018113,0.8842136269930336,0.9704999326470105,0.9458506215947144
2024-04-03,0.9597992170049694,0.8563602653173509,0.8846196365086838,0.9670108580608248,0.9383868267870472
2024-04-08,0.9383750897529566,0.8320198453527916,0.8596343146896721,0.958501614167925,0.9154378783997402
2024-04-09,0.9676570810354429,0.8568927277643049,0.8867877242953389,0.9577099116225783,0.9287857575490186
2024-04-10,0.9455788618203476,0.8369802788832906,0.86750355609822,0.9499099746660606,0.9110291395922263
2024-04-11,0.9461884367414649,0.8308215740566653,0.8612415182039698,0.9497842129471148,0.912402453283084
2024-04-12,0.9316548763171533,0.8202752760478331,0.8496745384869935,0.9420851021963038,0.9058186574195316
2024-04-15,0.939440621588259,0.8191871210772099,0.8466002726039602,0.9619351259256971,0.8756890252767934
2024-04-16,0.9268208290469175,0.8052051778009279,0.8182954383750751,0.9516462452944383,0.8196740042970794
2024-04-17,0.9448927111799692,0.8189185518837941,0.8401631094354658,0.9663603664111048,0.869020986771241
2024-04-18,0.9373026425947756,0.8096939403975663,0.8362767738506804,0.9675526633974041,0.8680182542704449
2024-04-19,0.9366403560406731,0.8052828578921699,0.8419350460706263,0.959925648804437,0.862826884440374
2024-04-22,0.9264329669185747,0.8027855950944971,0.8410891049479887,0.9570100910227546,0.8577281571658119
2024-04-23,0.932494158203867,0.8095307190561125,0.8381057385886301,0.9503208685581338,0.8636988311528154
2024-04-24,0.9329140255932944,0.8091434908424533,0.8399766186307825,0.954494043529275,0.8800172399932434
2024-04-25,0.940704647707221,0.8120508327887371,0.8454490745113106,0.9568409631938273,0.883608900743705
2024-04-26,0.9488926323019469,0.8167813287001298,0.8506064278018177,0.9714737728542787,0.896452130298255
2024-04-29,0.9651857704187234,0.8419878998579576,0.8819287166479204,0.9822185397167164,0.9212859973735552
2024-04-30,0.9707152157066269,0.8480959858214724,0.8874257423079994,0.9769284163753683,0.916186468746592
2024-05-06,0.9670032159838537,0.8488816156203405,0.9047165134944207,0.9914243517511914,0.9363219969014586
2024-05-07,0.982710302647937,0.8702671125509266,0.9326923751164918,0.9917308959411218,0.9424483468707706
2024-05-08,1.0185937455137546,0.8992241396441121,0.9596970816474821,0.9839290617172926,0.9306068074599987
2024-05-09,1.0149350044031076,0.9016474236891858,0.96283625674333,0.9932359709956616,0.9432727652759999
2024-05-10,1.0083702409497985,0.894607255916351,0.9604114424085588,0.9937010725252113,0.9333556020655096
2024-05-13,0.9944779878267481,0.8734176754475428,0.9372633584439799,0.9932712059600213,0.918322560533995
2024-05-14,0.9893080708039915,0.8731303123191606,0.9310236883473961,0.9911988479792884,0.9257646324660233
2024-05-15,0.973813149321916,0.853408061486904,0.9195183892589196,0.9827996455904663,0.9190637699530304
2024-05-16,0.9702055268811769,0.8460000698277474,0.9128859633525153,0.98667630478461,0.9233730313854066
2024-05-17,0.9728686103609565,0.845816396071341,0.9277777364618109,0.9968703220502846,0.9356416992781377
2024-05-20,0.981104683079032,0.8486632992837324,0.9315398505723912,1.000391650180769,0.9389101134816418
2024-05-21,0.9697986974867554,0.8386286820059623,0.9198134985915876,0.9963800139693082,0.9297191667748208
2024-05-22,0.9688685690883051,0.8395979872017075,0.9170230788033831,0.9986269205427161,0.934737595280262
2024-05-23,0.9496236734681495,0.8181555504257411,0.8922276442355666,0.9870647025071304,0.9170863258245532
2024-05-24,0.9445381002136213,0.813280051299506,0.8916660550006564,0.9761372559063964,0.9078053610896178
2024-05-27,0.9490243783751962,0.8179570671188056,0.8972525388148069,0.9854157061750902,0.9133050268430163
2024-05-28,0.9447589601371003,0.8130207847855551,0.8942499607452067,0.978223436834686,0.9045788070386025
2024-05-29,0.945581320183333,0.8147226161530438,0.8939958081480939,0.9794024529498034,0.907006125436384
2024-05-30,0.9473489852763777,0.8165823614892965,0.9044124439964638,0.9741958093701696,0.90124656764187
2024-05-31,0.9587027323368339,0.8264857970693523,0.904961241387974,0.9702963829682857,0.9075753352778176
2024-06-03,0.9441921765419807,0.813842965898023,0.8954025256187059,0.9726877528955687,0.8909171510834868
2024-06-04,0.9495934732597107,0.8136632357328951,0.894898887933846,0.9799849140144903,0.8848467790690009
2024-06-05,0.9581046427604163,0.8215800699170911,0.8927695464820407,0.9743264497764884,0.8685220001362779
2024-06-06,0.9386547766063877,0.8017945044305604,0.8764267402373515,0.9736355734368483,0.8374489152368945
2024-06-07,0.9417670149542118,0.8060219479149019,0.8886694738841612,0.9687213800614011,0.852772194933814
2024-06-11,0.9430806817752261,0.8122822869861988,0.8885841706551172,0.9602549602021078,0.8584478382129331
2024-06-12,0.9504009563898357,0.8159653823065087,0.8948366485968627,0.9605926737835875,0.8695952550958839
2024-06-13,0.9519922057090027,0.8128576962722034,0.8878759825671338,0.9557161547161864,0.8668258032556876
2024-06-14,0.947784635724213,0.8092959733666832,0.8841813666002127,0.9598906848782646,0.8676305253940464
2024-06-17,0.9266467978844196,0.7981622836643865,0.8705259869667499,0.9584449671867619,0.8633628387763262
2024-06-18,0.9113069264792877,0.7885831093221667,0.8694239894226553,0.9609902868044788,0.8742691985086032
2024-06-19,0.9029469361702848,0.7801883067202614,0.8601012427805443,0.956425732690756,0.8700969407581449
2024-06-20,0.9169246796484183,0.7896240985340488,0.8603748670600679,0.9495232031726647,0.8537150428109949
2024-06-21,0.9321789943936256,0.7985835123187662,0.8701929829080016,0.9474465085809335,0.8531649671499276
2024-06-24,0.9093658636283111,0.7718311016503568,0.841332485295864,0.942348280276253,0.8220678885824692
2024-06-25,0.9025733050228713,0.7653733506668307,0.8374119161733229,0.9372234902292089,0.822327044385329
2024-06-26,0.9234089233184473,0.7885677429356714,0.86164916552386,0.9432847172136624,0.8453940985921345
2024-06-27,0.9074474184614763,0.7729875143610615,0.8431514461662111,0.9361978817281503,0.8299295331960747
2024-06-28,0.9125537192921361,0.7726107258752598,0.8419607506165152,0.9382412386228334,0.8339238051104704
2024-07-01,0.9252754004710557,0.7755324105384426,0.8444163560080019,0.9427204157075303,0.840860728198814
2024-07-02,0.922911576957542,0.7703859967787663,0.8405830152879097,0.9409865844228391,0.8408426111771456
2024-07-03,0.914226057768835,0.7658282641747187,0.8316974526604224,0.938717452718066,0.833442302574924
2024-07-04,0.8995073971832481,0.7511277749341575,0.8173097429370278,0.9339469095819318,0.8116926925062624
2024-07-05,0.910882487211828,0.7637610439883422,0.8300896135254221,0.9299485542416529,0.8202216548886847
2024-07-08,0.8928964762757274,0.7432679701796423,0.8061574533372458,0.9220068643131337,0.7983541877742333
2024-07-09,0.8949666498185144,0.7441838356223539,0.8105825372105473,0.932320138381257,0.8128099445540643
2024-07-10,0.8928019276726674,0.7456791769081537,0.8092259362205978,0.9293807292390847,0.8071287058927243
2024-07-11,0.9239884335813466,0.7726425443216131,0.8342577574799819,0.9400062392990736,0.8319641048243361
2024-07-12,0.9374422992575776,0.7781745338375854,0.833256810071578,0.9411532729080798,0.8299983428431241
2024-07-15,0.9273061012470472,0.7671721743566164,0.8243163807789553,0.9421956857767562,0.8179054954409427
2024-07-16,0.9239363541647102,0.7647719297043727,0.8217647182626486,0.9481682832739353,0.8205187104314585
2024-07-17,0.9229478516796397,0.7661020024988567,0.8227659166843644,0.9490629803304877,0.8146693535283435
2024-07-18,0.9304101259723028,0.7701828026599487,0.8221012303152282,0.9543067561417932,0.8132419551943275
2024-07-19,0.9235416722436196,0.7687206926545186,0.8231810694295023,0.9592084817606208,0.8181003153841765
2024-07-22,0.9278873829343188,0.7707028665546336,0.8219969067946254,0.9526789007883689,0.8216629566335427
2024-07-23,0.9089483267218327,0.76114026756455,0.8063602307929089,0.9323382979398117,0.8051416735762557
2024-07-24,0.8969882164705503,0.7507743479623109,0.7959858256832912,0.9264535168153447,0.7924351370414836
2024-07-25,0.9088401743567176,0.7645822462608685,0.8046774787175449,0.921332521302924,0.7967557442308403
2024-07-26,0.925040722444558,0.778034815218263,0.8151650320065735,0.9240485949786924,0.8097403965002609
2024-07-29,0.9061773086726093,0.767440064731305,0.8096414453499278,0.9190205655645441,0.8104908643669354
2024-07-30,0.9066516714657804,0.7682501777276879,0.8103672954639304,0.9132311898820361,0.8150974710817529
2024-07-31,0.9192656535124095,0.7881572261862964,0.8308498151170303,0.9329362081811793,0.8424076389210909
2024-08-01,0.9037724256538318,0.7814568990824211,0.8238303928084787,0.9267519298596537,0.8427496596543551
2024-08-02,0.9039047298219383,0.7884927951086043,0.8290222733750907,0.9172994730746599,0.8317625993333136
2024-08-05,0.8900127421880676,0.7739100967590552,0.8130648873327058,0.906167663680639,0.8110137831864251
2024-08-06,0.8989333485835607,0.7837936868655113,0.8240141060326125,0.9060749686205538,0.8264087014800923
2024-08-07,0.899101698739442,0.7826261341742806,0.8255727184050133,0.9056711217213528,0.8265474782096172
2024-08-08,0.9196183271043785,0.792494511493813,0.8313168252487951,0.9060635850166838,0.8247182587024615
2024-08-09,0.9048177957273618,0.7779483261072934,0.8185815366036995,0.9029981431173782,0.8189041490084996
2024-08-12,0.9284261310506909,0.7919954744838577,0.8325626904372165,0.9014364210816754,0.8133494581656108
2024-08-13,0.924635057040154,0.7942024634291828,0.8284678107671624,0.9037470216291184,0.8190062549944828
2024-08-14,0.8981848527875438,0.7734942786268504,0.8100127888007451,0.8969301401782401,0.8147253839410572
2024-08-15,0.9057822438333192,0.7796487696605265,0.8160659718198604,0.9057968834402986,0.8215714862168517
2024-08-16,0.921261147840307,0.7861273897883838,0.8275164900822459,0.9067945750080566,0.8178267344266296
2024-08-19,0.9133118625935884,0.7781731301022257,0.8184922561587571,0.9098665218238593,0.8143209455363389
2024-08-20,0.8979103597399309,0.7620990474073365,0.8026212592154436,0.9032897802070028,0.8009484775878989
2024-08-21,0.8902557105630189,0.7567635297014738,0.7946565491177264,0.9002899295490441,0.7987239021787402
2024-08-22,0.8819447260373879,0.7452042352188422,0.7823956476458128,0.8979863759944731,0.7865201637711499
2024-08-23,0.8744558025017948,0.7395393593816354,0.7766398296442802,0.9017958177181458,0.7829192339922656
2024-08-26,0.8902399541568373,0.7498766472259353,0.783788699179096,0.9009913763779921,0.7912642002509985
2024-08-27,0.8879405354513005,0.7525809992740708,0.7861093852426345,0.8958717360565082,0.780582590437976
2024-08-28,0.8998142002246976,0.7568275396214348,0.7900636751481012,0.890765918682581,0.7841740633149603
2024-08-29,0.9080024535372119,0.7682106596396623,0.7951346710697883,0.8883767170607969,0.7953890715206388
2024-08-30,0.9151463864125884,0.7807784482148171,0.8091389487157501,0.9002349087970051,0.8108590578506035
2024-09-02,0.8977084949227798,0.7637071504136063,0.7926326003019553,0.88494266322665,0.7972744915643493
2024-09-03,0.9010950031479903,0.7700034840767811,0.7980937605047725,0.8872239916498555,0.8048255595204
2024-09-04,0.9098538774340073,0.775837367038663,0.7985361316214986,0.8814609066715237,0.7995153745240186
2024-09-05,0.9188494400670695,0.7833052801346112,0.8036188789744845,0.8829768232535586,0.8066048190984029
2024-09-06,0.9043644942823322,0.7710307175382105,0.7915771140182386,0.8758181626483901,0.7918740085814502
2024-09-09,0.897448220678401,0.7674757350488839,0.7886445542510057,0.8654119224819944,0.7898036230161531
2024-09-10,0.9004286068777262,0.7708733879165555,0.788159444736565,0.8661716425212298,0.7940143387446721
2024-09-11,0.9023220086057333,0.7794679913262794,0.7942995913931327,0.8635628999676652,0.7905386369003276
2024-09-12,0.8960202390787091,0.7744237535717615,0.78957166441828,0.8598618735189457,0.7883455137024948
2024-09-13,0.883255346597563,0.7560357331254812,0.7763902935838788,0.856276580376239,0.7787455139834261
2024-09-18,0.8623959318935499,0.7370686545058714,0.7644221676727263,0.8594648025744293,0.7734913979457015
2024-09-19,0.8662348410282896,0.7416564975820378,0.7732745685966812,0.8662478042518845,0.7906887059271285
2024-09-20,0.8644196918535918,0.7357435487692681,0.7687562293030045,0.8676067897234246,0.7879490237330794
2024-09-23,0.8526825458899892,0.7249905885021357,0.7637679808558506,0.870781731050433,0.7892634801559655
2024-09-24,0.8844351395967596,0.7558292086904022,0.7954850698927883,0.9084953396338871,0.8170351239155484
2024-09-25,0.8982312697589455,0.7669451376335403,0.8076330302661736,0.9219453386445977,0.8269619748619098
2024-09-26,0.9282519202131618,0.7964904064631688,0.8418847040733761,0.9609171064938853,0.8551763559868307
2024-09-27,0.963834157620272,0.8497980349554546,0.892941621144576,1.0038400690388471,0.8990364973988546
2024-09-30,1.0749989529299182,0.9611278150907138,0.9916543498865138,1.0889921363690696,1.0020464413873182
2024-10-08,1.1820054177685457,1.0213190947706814,1.0555207934256317,1.1535645451694625,1.0899604417911195
2024-10-09,1.0478586413092306,0.9169950823559145,0.9466336561809401,1.0722227326774751,0.9902324877940722
2024-10-10,1.0343186700964127,0.9163705811669831,0.9460575249435129,1.083553213062848,0.990846769546551
2024-10-11,0.9672257207604757,0.8678747450843656,0.8969801245738922,1.0535706977363162,0.9506011161883884
2024-10-14,0.9977588223828335,0.8874428687143847,0.9193652501148181,1.0736749552854752,0.9815855418869412
2024-10-15,0.9688728117744658,0.8648421120155139,0.8984795802245242,1.045121895359203,0.966330311207705
2024-10-16,0.9632439990426764,0.858917252212965,0.8943867151217838,1.0385069373579252,0.9709635503243178
2024-10-17,0.9525786753523511,0.8459706982782961,0.8818176013890454,1.0267528242856723,0.9680305315614729
2024-10-18,0.9920459769171089,0.8756951174460008,0.9116718144077429,1.0638883084154376,1.001829117990347
2024-10-21,0.9961713381247435,0.8772922155275171,0.9146014043935897,1.0665886618763378,1.0244927361499006
2024-10-22,1.0227369321951958,0.8944321387728105,0.933512200457569,1.072708433109266,1.0329242572065958
2024-10-23,1.0230129287483494,0.9021216668584771,0.9421828237785724,1.076891365455153,1.0380113907937814
2024-10-24,1.0120157255910107,0.8867158288022621,0.9231458458879453,1.0648637748518304,1.0371467107201997
2024-10-25,1.0639998814705054,0.9216451618581494,0.960041244199808,1.0723411763653616,1.0594736155359925
2024-10-28,1.059697142208059,0.9223294595089172,0.9658896452421799,1.0744379277829592,1.0867460954087356
2024-10-29,1.0275896456552296,0.8988534725776793,0.9422478339328757,1.0637297510758184,1.0688424894690132
2024-10-30,1.0018053537520442,0.8810124662180301,0.9357136400953594,1.054189206879925,1.0703698283090053
2024-10-31,1.049848410392579,0.9080877984723781,0.9498181762956097,1.0546204286360519,1.0847440102462398
2024-11-01,1.026509994356167,0.9001331940747175,0.9417062477598954,1.0543439696849208,1.0503734977413632
2024-11-04,1.0314980022039324,0.9070579272416069,0.9552074119582806,1.0691811421386594,1.0741693823841414
2024-11-05,1.0669604213115322,0.9386539847608519,0.9823844573725459,1.0962337346595774,1.1090807388106838
2024-11-06,1.0760302519916292,0.9490685984677524,0.9844708064563957,1.0907343698375696,1.1190450366341957
2024-11-07,1.0824631437513372,0.9642985309195071,1.0030708878128314,1.123641658244155,1.1469573295123074
2024-11-08,1.089744522209182,0.9640564920460677,0.9988773441252867,1.1123534598160139,1.148557805267603
2024-11-11,1.123339519285984,0.9827706211194562,1.023930322570288,1.1196942580831042,1.1739642900545237
2024-11-12,1.1758406909992045,1.010525899110785,1.044539411945456,1.1073923768341494,1.1626067249069385
2024-11-13,1.1549666041839937,1.0044111182632625,1.0454137858061052,1.1142081741322782,1.1653084143921697
2024-11-14,1.097999093187485,0.9598776520582357,1.0039584188577,1.0948910114792805,1.1317731222297909
2024-11-15,1.0598100699297777,0.9348451643560001,0.9743837638831034,1.075704760270789,1.110776489479065
2024-11-18,1.0710988733871882,0.9408872774036647,0.9657184717656977,1.0707041057135662,1.0860009647310784
2024-11-19,1.1419992963125105,0.9836557419699393,1.016541375925922,1.0778893280610986,1.1113969569843976
2024-11-20,1.1557045342620107,0.9921471665028683,1.032003425499989,1.0802966892414374,1.1365992407437016
2024-11-21,1.1430391667864543,0.9816517236413971,1.0242403378406562,1.0812520988519636,1.1421844576546363
2024-11-22,1.0954986855552558,0.9434210757011933,0.9829274874447516,1.0477520499295707,1.1016790828035838
2024-11-25,1.1008047930288882,0.9448801993549123,0.9890630023894225,1.042979609526125,1.1164959065057425
2024-11-26,1.0738190020625291,0.9273185142775939,0.968848051138892,1.0408367816166724,1.1052909891656872
2024-11-27,1.0884113704168148,0.9398996649032629,0.9787104501539311,1.0589583948251222,1.1240864927481664
2024-11-28,1.0736793196351615,0.9256764026619576,0.9635166717891103,1.0496092035895215,1.1268576232531593
2024-11-29,1.1006983427526194,0.9450300405331497,0.9793688394817353,1.0615435570563845,1.144750910727737
2024-12-02,1.1096076121102825,0.9493487596256229,0.9873986961465911,1.0699590217364496,1.1702849262916255
2024-12-03,1.0973537964888667,0.9427587987733708,0.9825595456451242,1.0711133733765152,1.1729125731430385
2024-12-04,1.0706897818919534,0.9310276897736542,0.9668400783914739,1.0653310446868791,1.156118625144504
2024-12-05,1.0743539577113652,0.9370786687678628,0.97039097419206,1.062900103184238,1.1712203503923428
2024-12-06,1.085384335018043,0.9447075603472039,0.9802744238243348,1.0768729348584112,1.1823404703505018
2024-12-09,1.0766309829695375,0.9342230812505379,0.9727025835747143,1.0750922139673025,1.178311668772731
2024-12-10,1.0713760072739515,0.9337996903725339,0.9747782099047714,1.0829702099217866,1.187305365982781
2024-12-11,1.0682371151981167,0.9346640039359924,0.9770966389117016,1.0811255240184556,1.202342717501886
2024-12-12,1.0782820747968773,0.9447946763199351,0.9895812399147375,1.091878693064702,1.214453176031879
2024-12-13,1.0587424540818549,0.9277987215153325,0.966953156890144,1.066042248890573,1.1939684500087013
2024-12-16,1.053356176309552,0.9179540203690271,0.9528426938125192,1.06025856501,1.1865093099906219
2024-12-17,1.030438060513725,0.9077146563158112,0.9405490976888848,1.0630207151776236,1.1450837029643077
2024-12-18,1.0321944232883848,0.9075531141157009,0.9388444250324519,1.0684027204644944,1.1507950785519228
2024-12-19,1.026508481809692,0.90390896558372,0.9335973649937304,1.0693714109462025,1.1522710052216423
2024-12-20,1.0324712541030467,0.9058920218428771,0.9378028593636986,1.0645686142657698,1.1647999842134769
2024-12-23,1.0125846249021428,0.8901465194741063,0.9185761350525854,1.06614822482184,1.1180307101752351
2024-12-24,1.0210683681553574,0.9022115844104251,0.9315391892269608,1.0797315746207432,1.1288927131738002
2024-12-25,1.001583638308968,0.8867006092464912,0.9180029104475118,1.080257659742454,1.1064508701011373
2024-12-26,1.0085459128155247,0.8917218641354444,0.9214985266218731,1.0807593514273006,1.120043674740676
2024-12-27,1.0126447539148344,0.8910971416613499,0.9228051147731726,1.0790114261568655,1.1276113876139786
2024-12-30,1.008823795054069,0.8890256378159992,0.9184207860627713,1.0838966184462628,1.1154099311086298
2024-12-31,0.9779167225810542,0.8715419743067883,0.8958678927875671,1.0665111449547462,1.088943628859808
2025-01-02,0.9620551656243717,0.8589283313787992,0.8804189338090607,1.035472935888356,1.0693387017836768
2025-01-03,0.9439992730290964,0.8459995120252475,0.8673581347008591,1.0232138786730078,1.0319530976541327
2025-01-06,0.9620282665139337,0.8542738306400055,0.8786643678137454,1.0215347971021682,1.0271238772894806
2025-01-07,0.9619492798702902,0.8549340501477575,0.8818333208727795,1.0288896893550024,1.0498872183022083
2025-01-08,0.953581617949402,0.840189921762129,0.8714362522426276,1.0270219652057437,1.0494615195803496
2025-01-09,0.9527502542427311,0.8366933368657443,0.8694845036416954,1.0244910106119582,1.0534312199900164
2025-01-10,0.9438344651164257,0.8241602807993141,0.8444933089893958,1.0116448846827377,1.0244365715069879
2025-01-13,0.9461781368508855,0.8309385159155136,0.8485481872444223,1.0089431760309004,1.0256714261059605
2025-01-14,0.9700461836220631,0.8493622306092828,0.8700039794676842,1.0355122364255267,1.074636658722712
2025-01-15,0.9714856066047381,0.8550266667014572,0.8688573055499262,1.0288680063000117,1.0702460151004582
2025-01-16,0.9680659443268026,0.8477508553693266,0.8672774325559518,1.0300491907206282,1.0770245184108589
2025-01-17,0.9699446811535615,0.8507154156752751,0.8714531507474313,1.0332905364035456,1.0780792173732325
2025-01-20,0.9730384491174915,0.852838585301165,0.8708398170850148,1.037988441305461,1.0881271637252155
2025-01-21,0.9712420835583706,0.8445662821790352,0.8655651668594463,1.0387850225381805,1.087047798802651
2025-01-22,0.9641674286312669,0.8347289787734011,0.8597209894497421,1.0291366051437085,1.0750225452591058
2025-01-23,0.9601856682610967,0.8315910171563805,0.8565482630709831,1.0309598790302363,1.0733592613528316
2025-01-24,0.9659268827131513,0.8372347699337814,0.8624857813310708,1.038852511046839,1.0860794567591074
2025-01-27,0.9597964647527848,0.833067548297965,0.8605917669390396,1.0345744442971805,1.0746930787336921
2025-02-05,0.961166683075175,0.833930399265497,0.8566035665056922,1.0286129593656839,1.085240693306549
2025-02-06,0.9774171725302412,0.8483693255285947,0.8691431433813073,1.0415539486604888,1.110739959155881
2025-02-07,1.0019845747970229,0.8644306902821406,0.8810114075024159,1.0550711651416704,1.12665593216047
2025-02-10,1.0181418030855038,0.8749109115821516,0.8872407666628702,1.0573367733500076,1.1472585245873916
2025-02-11,1.0071959885900457,0.8687987488459898,0.8815574277247612,1.0524778717647867,1.14499899134286
2025-02-12,1.0174735566045663,0.8809463336499825,0.8898558589372068,1.0624322912728144,1.157027896375638
2025-02-13,1.0060978059835728,0.8727020403736057,0.8870348934722682,1.058442067078157,1.144995847303017
2025-02-14,1.0175442575696674,0.8789168575652975,0.891396337784405,1.0676218594466431,1.1483873282023611
2025-02-17,1.0197945667588284,0.8771233052958864,0.8895639777052079,1.0698955988006018,1.1631559407234489
2025-02-18,1.0051225492554396,0.8684369237460606,0.8759447318762922,1.0605136119443277,1.1357024445129145
2025-02-19,1.0166964762615442,0.8760618456076538,0.8770198998784382,1.0679338244003211,1.1608307784900653
2025-02-20,1.0314341240442715,0.8844262109701029,0.8842307726076366,1.0648808502576355,1.1722559446422616
2025-02-21,1.0226363362408968,0.8797901439068193,0.8805716652914533,1.0783102503661048,1.183158468281938
2025-02-24,1.0044097486422794,0.8684371633945954,0.8794205400931359,1.0759449001048105,1.1870468714332485
2025-02-25,1.0024697815723755,0.8634476540110598,0.8717862789033208,1.0640013313395764,1.1822070615248481
2025-02-26,1.0085846712138684,0.8712028370875362,0.8796371288928686,1.073295230784951,1.199395931224446
2025-02-27,1.0307556426883833,0.8856671256233667,0.8872060961371886,1.0755109679668098,1.1991878601528012
2025-02-28,1.0066102427564856,0.867310045272056,0.8733005517877586,1.054351829792355,1.1622540738531444
2025-03-03,1.0405034259194539,0.8876340263475169,0.8875940021822564,1.0539249446472263,1.169458600171417
2025-03-04,1.036755705748251,0.8820515168272717,0.8845549197281356,1.0530432574236683,1.185570759747859
2025-03-05,1.0378662498075806,0.8787713475558812,0.8807258635931462,1.057745769974769,1.1892576984963275
2025-03-06,1.0591472031766445,0.8930457829881231,0.8907635635865475,1.0722913053388832,1.2087294041822434
2025-03-07,1.036235019298115,0.8817972914645975,0.8819198806524126,1.0689784055744966,1.203662423807699
2025-03-10,1.0378333538524505,0.8834821150939445,0.8892731553598405,1.0648553726680214,1.2113222981121898
2025-03-11,1.0264872481924883,0.8854117820634329,0.8943008322797014,1.068274248363675,1.216879736836054
2025-03-12,1.0224203585786429,0.8791722384999597,0.890699360393989,1.0644298427138295,1.2225393057680158
2025-03-13,1.0111164332139386,0.8713061794613229,0.8921643227834632,1.0601872819667182,1.2097943176708454
2025-03-14,1.0282202601806771,0.889790927989535,0.9091514276436801,1.0859299469280126,1.2311383162377239
2025-03-17,1.0281052354667937,0.8920090139029796,0.9124598677499832,1.0832821748754649,1.2388981255659424
2025-03-18,1.0359113853169157,0.8951985663023274,0.9198393048975719,1.0862459774545015,1.2460986283773694
2025-03-19,1.028369547274749,0.891642669077177,0.9140054239670679,1.0869086658226539,1.237357950828257
2025-03-20,1.0224301765633208,0.8826554541721678,0.9054440017034961,1.0773746265432576,1.2345918878468114
2025-03-21,1.0071872010181167,0.87024910595298,0.892401730784448,1.061032107996792,1.2135430264034806
2025-03-24,1.0081340824567326,0.8711006969016939,0.9097812113892322,1.0664943405871283,1.1960238224911475
2025-03-25,1.0124813659676943,0.8753019617655703,0.9292400954483693,1.0658021090565515,1.1934236149113389
2025-03-26,1.0115945824807424,0.8742339750581939,0.9216400081785857,1.0622954169881857,1.2044616498934109
2025-03-27,1.0174002706697658,0.8766776722478318,0.9259865258391166,1.065833820524475,1.1992122136294865
2025-03-28,1.009289819921704,0.869213553904151,0.9026455979795941,1.0611594959448623,1.1821771621964878
2025-03-31,0.9880858184790762,0.8542577057528509,0.8863437653458953,1.0536083720443625,1.1687745678938009
2025-04-01,0.9977396147683273,0.8585966005786928,0.8989725922337399,1.0537108244791935,1.182337594656399
2025-04-02,0.9945442223924592,0.8557688180238047,0.8969901029870895,1.0528169405372032,1.1849227474574542
2025-04-03,0.9857693578236044,0.843702607936545,0.8855580903938653,1.0466147736953104,1.1782129213007504
2025-04-07,0.858742333854968,0.7524856468406483,0.8040030633310475,0.9728755823594254,1.0364493633015557
2025-04-08,0.8615790246340771,0.7568940385719356,0.8116072064101549,0.9894951019333967,1.0439320027386518
2025-04-09,0.8608360273519349,0.7577587498089582,0.8255849623445262,0.9992619630157552,1.0724190744412885
2025-04-10,0.8767674587558716,0.7739914940634889,0.8511880830272486,1.0123587992683052,1.1029373968289928
2025-04-11,0.8781746699201924,0.7707509671773358,0.862198365270233,1.0165333294303833,1.1121985126927105
2025-04-14,0.890074533300165,0.7757644477207639,0.8658744421915131,1.0188710337965647,1.132900512520226
2025-04-15,0.8903367316784963,0.7816801458856852,0.8736511187662268,1.019438316722758,1.133242899588189
2025-04-16,0.8848041113222468,0.780893118574212,0.8592978480347245,1.0225782941235941,1.1173878386349168
2025-04-17,0.8769113267047685,0.7745870429007642,0.8536628885814055,1.0224162132875387,1.1248151090235587
2025-04-18,0.8795844339250675,0.771851359005457,0.8468805690554586,1.0224977957819412,1.1232334315282648
2025-04-21,0.8878873957193207,0.7764934742665894,0.853346046548012,1.0258472857016243,1.1432111015847222
2025-04-22,0.893500838636673,0.7879585058953564,0.8593760650012288,1.0255954912255454,1.1448336909386865
2025-04-23,0.90028387929765,0.7872609746924499,0.8548283282674526,1.0263896331145785,1.1524115816418257
2025-04-24,0.905807118915539,0.7895700892656847,0.8578546563803247,1.0257052616914355,1.1426214098559209
2025-04-25,0.8874744549818646,0.7794744163289946,0.8509517925797825,1.0264199893915655,1.144773513973803
2025-04-28,0.8737419889847817,0.7672207686265144,0.8283216604946583,1.02496315913438,1.129393378480885
2025-04-29,0.871387334402757,0.7687575871937253,0.8394570793790853,1.0231900273125183,1.138890378729287
2025-04-30,0.8706493505625625,0.7705023037242302,0.8399678455133782,1.021968729240169,1.1499734245363433
2025-05-06,0.8873583852761191,0.7808568821872961,0.850868521449397,1.0322603202533014,1.1822818704993032
2025-05-07,0.88718569408229,0.7845034842183759,0.851566560485791,1.0385172368090458,1.1912474490103107
2025-05-08,0.8988352019950504,0.7901559866904415,0.8581036178320325,1.044281948016502,1.2040075650902247
2025-05-09,0.8916430258155547,0.7866638363575668,0.8501401681579372,1.0424554216717257,1.1917489806396773
2025-05-12,0.9124656151818151,0.7991007086726638,0.8598227984681239,1.054503882215477,1.2082229664787396
2025-05-13,0.911712517790141,0.7990992633873814,0.8619565840907405,1.0560347058978181,1.2059546791748694
2025-05-14,0.9209181877948247,0.8040047339806993,0.8662791012086873,1.068760761910028,1.2084074489909056
2025-05-15,0.9048756850419801,0.7917732695636648,0.8529855574799069,1.0590001347059792,1.1985945293398441
2025-05-16,0.9085045414471364,0.792424377362644,0.8539440604978349,1.0540905489797174,1.2046365383902202
2025-05-19,0.905666369341676,0.7919867578825134,0.8557029622224759,1.0508543530223604,1.2155254215004587
2025-05-20,0.9058362528194506,0.7965052125186284,0.8598682216877196,1.0565532019502824,1.228253405868086
2025-05-21,0.9105563682647329,0.7961588390807854,0.8602448638147124,1.0614888073425328,1.2226465041897159
2025-05-22,0.9010685777943647,0.7894308308913942,0.850984666446975,1.0608068752630764,1.2069321691314565
2025-05-23,0.8944952415296576,0.7825820142537139,0.8482256886760557,1.0522445078854494,1.1947670966267845
2025-05-26,0.8870814006617624,0.777791000710673,0.8417387999901441,1.046236404385723,1.206433163416913
2025-05-27,0.8907084235975361,0.7798309905659123,0.8445008769301795,1.0406232035250143,1.2092543567733638
2025-05-28,0.8751841168355594,0.7763261230936196,0.8359097581025486,1.039766722852883,1.2053272436084193
2025-05-29,0.8865790259654409,0.7838820636184273,0.8459053022004567,1.0458550536560747,1.225844605388618
2025-05-30,0.8791927218654609,0.7754480161198161,0.8395233947223142,1.0408495204114794,1.2101625451635498
2025-06-03,0.8782492401747084,0.7749977842771005,0.8441729814096689,1.0440426212970424,1.2204026201507963
2025-06-04,0.8974923044676995,0.7908067019609503,0.8565587168858277,1.0485770901719655,1.2331408194946618
2025-06-05,0.8916575424052431,0.7813780857875652,0.8668034604949841,1.050965749717375,1.237347890085597
2025-06-06,0.8927518106104938,0.7799076305635766,0.8692006402148482,1.0499976013120418,1.238813025950982
2025-06-09,0.8983891640553657,0.7845094060534862,0.8740965168048118,1.0530500333783528,1.2547354019520323
2025-06-10,0.8920339770199376,0.7779351077603825,0.865477438172435,1.0476886269937231,1.2455396874098905
2025-06-11,0.90622185509533,0.7863593923106393,0.872090380904049,1.055592100537821,1.2531642963200134
2025-06-12,0.8972515594724986,0.7772121876801774,0.8683936915398881,1.0549345618952293,1.2562250502880123
2025-06-13,0.8722804755108666,0.759981597177094,0.8530000496373245,1.0473408849993102,1.234831567480294
2025-06-16,0.87159286902327,0.759067637445152,0.8597271457190109,1.0499463750946263,1.2456509275234853
2025-06-17,0.8827886135345087,0.764746384604422,0.8628445319827722,1.0490205086465247,1.2444916436444315
2025-06-18,0.8767240975506789,0.7600477796717144,0.855869752741151,1.050265116002989,1.2405317896104626
2025-06-19,0.8840478575284914,0.7603454948757642,0.8522881098234661,1.0416244185892083,1.218987073877578
2025-06-20,0.8887322478197153,0.7629056197736854,0.855780021702315,1.0425874172689813,1.2107367053314606
2025-06-23,0.9113226899550257,0.7716433684060449,0.8677368247057764,1.045638765182543,1.2301978225241317
2025-06-24,0.9318159564471993,0.7882977241880766,0.8847136387382802,1.058142298842911,1.2547103304029854
2025-06-25,0.9322821264086811,0.7946040494291388,0.8877245301598096,1.073329110558374,1.2671190349741495
2025-06-26,0.9242331680068806,0.7864974621893037,0.8794851740820486,1.0695221081783877,1.2645163659102239
2025-06-27,0.9330614791196238,0.7917049107727847,0.8856365288106768,1.062946179676093,1.2712787466337099
2025-06-30,0.9268792629270466,0.7884752936470756,0.885173006406398,1.06682771755761,1.2882061404238507
2025-07-01,0.9394329565334859,0.7935994263137705,0.8856797651376873,1.0686390657638927,1.292946549830353
2025-07-02,0.968826092983692,0.8134292249228767,0.9100685915939598,1.0688892340108476,1.2871491537231692
2025-07-03,0.9617818917376204,0.8127719443605617,0.9102185452987274,1.0754979581338155,1.2946615568401976
2025-07-04,0.9487879738748415,0.8011194789691622,0.8965859136707192,1.0793290829124789,1.283611833477213
2025-07-07,0.9558747479630291,0.8032913851089025,0.8935714858450469,1.0747138446577154,1.291492675896387
2025-07-08,0.9966371834834616,0.8290797676892674,0.9276767440254473,1.083733453457458,1.3067483936994604
2025-07-09,0.987659444798257,0.8247247010775343,0.9231883646310468,1.0818220921600308,1.304853934497232
2025-07-10,0.9988667478324231,0.8317231584690146,0.932134022834633,1.0868696363236705,1.3082340824851026
2025-07-11,0.9855183071320148,0.824374685985393,0.924277126584646,1.088166011973925,1.3136537685652871
2025-07-14,0.9978745765780997,0.8476533823248615,0.9401837018643869,1.0889414522280287,1.3206793103327537
2025-07-15,0.9966029011510897,0.8388331211813695,0.9268924980861515,1.0893198215376159,1.3102652581912486
2025-07-16,1.0077399350184286,0.8416759315033637,0.9249776898638943,1.086104766558875,1.3173183929438852
2025-07-17,0.9933297402022714,0.8441135108374409,0.9361807027954284,1.0935011276543787,1.3291371473167959
2025-07-18,0.993585799326656,0.8474697372306613,0.9478254188137858,1.100021764366447,1.3322288509188656
2025-07-21,0.9916841331469808,0.8454263818251724,0.9499678845475201,1.1073555156406651,1.3500679139104135
2025-07-22,0.9948134832289621,0.8516343151613003,0.9634874768937826,1.1163949102280868,1.3553623192153925
2025-07-23,0.984179739425489,0.8452574245172944,0.9521845477787202,1.1166147221980547,1.346093397443467
2025-07-24,0.9940845124820278,0.8652161815354559,0.9929106279728478,1.1245474678663903,1.3629321400741266
2025-07-25,0.9950041428919731,0.866161810155777,0.9912949001470709,1.118618778555567,1.365261306419782
2025-07-28,0.9946766492616788,0.8587323828452746,0.9810105928164145,1.120966240296494,1.371929067592354
2025-07-29,0.992868394547026,0.8563963462398227,0.9799812618075663,1.1253573299702915,1.375364882375799
2025-07-30,0.9891260827773987,0.8522266810835335,0.9705249680211622,1.125144022916821,1.3686425751180573
2025-07-31,0.9707729912401099,0.8321449715087001,0.9446496393268394,1.1046407971558336,1.3541519761017669
2025-08-01,0.9919235422981167,0.8453649177526033,0.9545494847912093,1.0990406061281193,1.3606871985672833
2025-08-04,0.9867474237231416,0.8418930193296941,0.9510839456890838,1.1033156914577167,1.376519236702507
2025-08-05,0.9993507415659386,0.8483372660871396,0.9546995656924362,1.112191650018146,1.3885751649683213
2025-08-06,1.0023134047552236,0.8502426309153155,0.9556479275361852,1.1149115182285378,1.3998328612519788
2025-08-07,0.9940234977923659,0.8492690784331318,0.9592822491035128,1.1152316143278376,1.4005202124878326
2025-08-08,1.0000380728604696,0.8566101513560656,0.9694602143128257,1.1126028149484064,1.4003601506144683
2025-08-11,1.0204540142006926,0.8803132915217379,1.006426576218363,1.11735790890786,1.4203460876326417
2025-08-12,1.0232178253121567,0.8744243721736704,1.0007881258303009,1.123134816833748,1.4202909560430965
2025-08-13,1.0386077100849391,0.8786618133162846,1.002096693032376,1.1320121305851147,1.4297954853385781
2025-08-14,1.040063889923086,0.8741067474698798,0.9873291797071343,1.131127190903308,1.4044483631265012
2025-08-15,1.0804660209048589,0.8957231248542494,1.017789663878788,1.13899813986492,1.4299958945620699
2025-08-18,1.0969904875346663,0.9068713432654993,1.0324909764805403,1.1490428150893464,1.453627246914552
2025-08-19,1.0829437735423932,0.8986591655671147,1.0327450140738288,1.1446956336019052,1.4615787657917023
2025-08-20,1.0769279036929909,0.8964550535420504,1.0278051653247,1.1577114294364275,1.4729605466909488
2025-08-21,1.0742403595455459,0.8915164524699949,1.0304565470481488,1.1622309912110447,1.4687949334828907
2025-08-22,1.0766543110226852,0.8921530295262128,1.033523992148168,1.1866046422878658,1.4785014835507833
2025-08-25,1.0792342077804562,0.8996356407265961,1.0436425178697133,1.2113298298937232,1.493856859682945
2025-08-26,1.1006568490966138,0.9061003723566692,1.0382771997082012,1.206822193799351,1.4975081343797536
2025-08-27,1.056510151649579,0.8766133434722513,1.0080112138637285,1.1888079117131052,1.4619959454806806
2025-08-28,1.0721114251045432,0.8837286734199264,1.015097512051208,1.209855382154358,1.4715461653140545
2025-08-29,1.0673358967387188,0.8860792015119242,1.0250515753981464,1.218793408459698,1.4686553919252736
2025-09-01,1.0584831719404144,0.8816270373498298,1.0251416029564475,1.226098429686054,1.4827730008880742
2025-09-02,1.041079910405569,0.8690965555874681,1.0030052855222895,1.217084241650059,1.4603127266731983
2025-09-03,1.1076783461881798,0.901776355764419,1.0157688019303335,1.208784239237819,1.43334815787357
2025-09-04,1.0937788177439456,0.8965618985284564,1.0117375793072174,1.1831383349094204,1.4224239843511748
2025-09-05,1.1370982861555472,0.9302049329923875,1.0736553826810304,1.2089184031405737,1.4569945211519513
2025-09-08,1.1535527211088246,0.9451207713168207,1.087003154452616,1.2108828879227282,1.4756734590233087
2025-09-09,1.1176811772902644,0.9253612974451975,1.0616034664198668,1.2023953270848189,1.4611364125291049
2025-09-10,1.0991430374074826,0.9092096943218386,1.0393534620412168,1.204863671857319,1.463484556953092
2025-09-11,1.1061033575320465,0.9117849967506533,1.0460851432944995,1.232691162555966,1.485747221950277
2025-09-12,1.0936651198156615,0.9034579173348847,1.0388468795462025,1.225634141271066,1.484863489199829
2025-09-15,1.0830111113021967,0.8983758219111431,1.0438112350489825,1.228631281547151,1.483912888949394
2025-09-16,1.0832151546644695,0.8956974617317994,1.0337859692759988,1.2259970614039726,1.4996674014866407
2025-09-17,1.1012900803169103,0.9070831544085667,1.0431170162128809,1.2335010246598674,1.5053735106400237
2025-09-18,1.080546642781149,0.8879291286672306,1.020071411800045,1.2191593100126659,1.4856645884063049
2025-09-19,1.0908105059897983,0.8969619613682525,1.03481679559757,1.2201922365447835,1.4780073312753192
2025-09-22,1.0821338774507934,0.8879953492445737,1.0233009651875964,1.22579947456537,1.4792294019813979
2025-09-23,1.0692165853783762,0.874354617185924,1.0062677149928159,1.2250324364950753,1.4604439396797375
2025-09-24,1.0934267487675013,0.8948361341589609,1.0342858013982863,1.2375796073036118,1.4832658131363903
2025-09-25,1.0882278190673425,0.8939483103244792,1.0357050272815416,1.2450106612871008,1.4752074493898335
2025-09-26,1.069413916984724,0.8853333247009599,1.024107756137415,1.2332370334653562,1.463064793657418
2025-09-29,1.1129313446665956,0.9136285368478585,1.0524538592757184,1.2522107907349391,1.4764067121684885
2025-09-30,1.1295672959615752,0.9330119711811901,1.0767312284052106,1.2578052899607186,1.4827917892092766
2025-10-09,1.138482449524391,0.9521653501242793,1.1032830529799842,1.2764494647944433,1.4940958135801814
2025-10-10,1.089612715262186,0.9114327433250023,1.070357925909113,1.251338318809752,1.4890947418315261
2025-10-13,1.0689447293789214,0.9103052260497271,1.0722250761053096,1.245143741037106,1.4844776998877118
2025-10-14,1.0675754727753624,0.9071774970857841,1.0634536161830541,1.2302596789769502,1.4681312638004105
2025-10-15,1.083311005444406,0.9183811199152554,1.0794863476993908,1.2484799500856074,1.48877001032355
2025-10-16,1.0717855533875713,0.9071074794590428,1.0731438110534026,1.2517687274513167,1.4738780238371314
2025-10-17,1.0397225164940445,0.8691707679442995,1.0336362574881728,1.2235300718224091,1.440717540891682
2025-10-20,1.054704040451886,0.8774555243616906,1.0452321454205649,1.2300309227467987,1.458622369763604
2025-10-21,1.0738320157993317,0.8897170929861492,1.0550153289815463,1.2489092745744228,1.4834748564344877
2025-10-22,1.0666552445014092,0.8805986341936138,1.0383505336982524,1.2447618482310827,1.4815170658080634
2025-10-23,1.0703331246253394,0.880132761194458,1.0458700633672515,1.2484953992622885,1.4840783422049377
2025-10-24,1.0734225388715435,0.8849408225975535,1.0552781586985756,1.2632233433265114,1.4939430850109578
2025-10-27,1.0703573588493798,0.8853572751929201,1.0552162888602896,1.2782212414253682,1.5054355818916418
2025-10-28,1.0593107030772861,0.8966405593687203,1.063709039517951,1.2717038571715484,1.50608228830712
2025-10-29,1.0916649880363942,0.9239149465388601,1.0911185992963883,1.2868454055097185,1.5136003191176688
2025-10-30,1.090479056028149,0.9169787129096509,1.0853064090896565,1.2765657401768309,1.4969276951356063
2025-10-31,1.1277079312172031,0.9352529134308973,1.0984278143645791,1.2577982429678465,1.5098432554792305
2025-11-03,1.137436026641754,0.9422474078085596,1.1112424736078632,1.2612499142841733,1.5211713365308326
2025-11-04,1.134220664830404,0.9282664677818212,1.0853715007644402,1.251843805029222,1.5099953681563
2025-11-05,1.1566626501209527,0.9443613138072293,1.1006282059909487,1.2541633498368485,1.5205640395448508
2025-11-06,1.1649105414791814,0.9485376523435609,1.1124615103683446,1.2720914417795068,1.527288901236249
2025-11-07,1.1669352788902898,0.953711164626368,1.1208498332076626,1.2681318449000236,1.5249553311112256
2025-11-10,1.1587641870125904,0.9549712489540062,1.1255437026420005,1.2725381127123145,1.5353460909606782
2025-11-11,1.149341866792567,0.9482599271101306,1.1201639645320298,1.2609146400463802,1.5392557058608871
2025-11-12,1.125008968896692,0.9223414366823433,1.0980885630257138,1.2592184830697353,1.532124028788868
2025-11-13,1.1408226177408507,0.9354319633716859,1.124172934447682,1.2744416139023076,1.5493081604906607
2025-11-14,1.1199163078559562,0.9221053799138255,1.1163460737015125,1.254402676556308,1.5427716855159963
2025-11-17,1.1048737812197382,0.9129059944244515,1.1265502546485913,1.2462479506125057,1.5458666358547024
2025-11-18,1.0868418017411834,0.9032981137403796,1.1094424699782597,1.2381547503372394,1.5285101687217795
2025-11-19,1.0858901778142416,0.9039547163093259,1.1222807607196672,1.2436023468654571,1.51044123884357
2025-11-20,1.0661547144942352,0.8961957204501148,1.1177387493200939,1.2372752314191804,1.498895065131965
2025-11-21,1.0512515828276514,0.8676971645924993,1.070291572304183,1.20709783963592,1.4428084052064851
2025-11-24,1.0528965703068547,0.8613786623354888,1.0549283466013333,1.2055908673140685,1.4639018759040225
2025-11-25,1.0920582218791477,0.8849693008950061,1.0739912647070846,1.2170712318170644,1.4835372926423072
2025-11-26,1.0834589485694308,0.8787041009927197,1.0672516982109064,1.2244491623158262,1.4785541972125653
2025-11-27,1.0812114064810743,0.8758071454211724,1.07109159282061,1.2238466444252731,1.4825262009459843
2025-11-28,1.0930390926623859,0.8841264107624255,1.0825809173565704,1.226898263377022,1.4997945943944238
2025-12-01,1.0827723117922774,0.879661723132416,1.0863761181301619,1.2404024700252092,1.5101336353459391
2025-12-02,1.0896576740948714,0.8732616558533035,1.0758841106611527,1.2343987031364811,1.5020050048840419
2025-12-03,1.0879015830072574,0.8677474577718066,1.0699116016656691,1.2280873079050727,1.4902558587844845
2025-12-04,1.0776651635414265,0.860657376379994,1.0586650593004612,1.2322930074587,1.4786298342005915
2025-12-05,1.0837833059156423,0.8659720439676529,1.0619369610192306,1.2425845984718327,1.499343578580642
2025-12-08,1.0854890180802401,0.8689914627593118,1.0664721015249152,1.2526720977298655,1.5131388088186712
2025-12-09,1.0692043328711367,0.8627622232678606,1.0570774807121406,1.2462940271043608,1.5025358753115323
2025-12-10,1.0739609392215714,0.8686139499499359,1.0641194200303175,1.2445604668578572,1.5035347987954717
2025-12-11,1.0665234014904459,0.8576071015231617,1.0593188032799499,1.233815971033607,1.4821356785673157
2025-12-12,1.0794208178407558,0.8815238710067486,1.0711569792696811,1.2416123844936884,1.4865326795406137
2025-12-15,1.104392279379525,0.8939423253555725,1.0767982551591415,1.233782091260184,1.4837716969194106
2025-12-16,1.0884491849838671,0.87466852272546,1.0557711398252903,1.2190091548568553,1.4613469232853542
2025-12-17,1.0992835422556277,0.8995810614534124,1.0862900402162512,1.2413210184422514,1.4723652527449056
2025-12-18,1.085231038348197,0.9118903476377078,1.0875954545541544,1.233980762251536,1.4759184861643708
2025-12-19,1.094633224832665,0.9189531600846259,1.0981549032640963,1.2381506847644286,1.4971614241499398
2025-12-22,1.085079504719694,0.9247030730976261,1.104087342252058,1.249926209853485,1.5067139471892
2025-12-23,1.0839648471826648,0.9057503827604905,1.0963206526615306,1.2523953677405473,1.4979550879118615
2025-12-24,1.082693321782988,0.9273194516417828,1.1116063286055757,1.2560069515874301,1.5159602829231444
2025-12-25,1.087869589636237,0.9314493760151432,1.1206639288259121,1.2583045423018786,1.5307355751493248
2025-12-26,1.085354198696972,0.9526559231429561,1.1289386126819914,1.262289887809163,1.53050153502963
2025-12-29,1.0761664182926718,0.9599294144820103,1.1234596502201457,1.2574469774769979,1.5276740951476722
2025-12-30,1.075981616330631,0.9390959599874316,1.1160451962095517,1.2606750422887334,1.5241663662633587
2025-12-31,1.0535512910480538,0.9305192724776037,1.1043196743604637,1.254890545293598,1.5262439715996996
2026-01-05,1.0704209721802673,0.9480685559391995,1.127800288745858,1.2786893243749793,1.5517601572411135
2026-01-06,1.0887962724080897,0.969236708228304,1.142195532209804,1.2984610180682188,1.5719857856942845
2026-01-07,1.0893511021967552,0.9684591157866473,1.1375180847280677,1.2946588943756054,1.5757961777737826
2026-01-08,1.1116132657781734,0.9796765664441662,1.1498283598057362,1.2840851526094068,1.5925397190998372
2026-01-09,1.1208993736558197,0.9907114188582117,1.1552277502481556,1.2898495927786753,1.6141560847785168
2026-01-12,1.125836385848789,0.9925741228307626,1.1633874371940283,1.2982501503584345,1.6495755382764568
2026-01-13,1.1179351325416946,1.0038991707530383,1.1630075493910597,1.2904214833540544,1.631017316186047
2026-01-14,1.1098857365463952,0.9970453870392845,1.1509156813620725,1.2852443829368452,1.642393991242626
2026-01-15,1.1118703252303623,0.9972687107814087,1.1552946671652777,1.2878187036406121,1.635230049292839
2026-01-16,1.106385064211528,0.9932902750860919,1.1493640474539544,1.2825182808481435,1.6346070595690434
2026-01-19,1.142887106547434,1.0124010625161408,1.1606074824188375,1.2832183724861548,1.6502999725804024
2026-01-20,1.1749487881578924,1.0250717888129792,1.1629875745943739,1.278996139603097,1.6429635303172265
2026-01-21,1.1823520512320305,1.035750186588417,1.1621755138828167,1.2801320606464208,1.6550013418645382
2026-01-22,1.1967518815504934,1.045602362448331,1.1690153238407215,1.280305525086346,1.6691614093275524
2026-01-23,1.2219444709339855,1.0706877839428586,1.182708500308694,1.274556263055571,1.6939799396454482
2026-01-26,1.2655566539034617,1.0810456488913045,1.1912015408059342,1.275766990638612,1.675164234282007
2026-01-27,1.2833955030711017,1.0922910124073606,1.1906954486931327,1.2754222300642606,1.6725254347767615
2026-01-28,1.2746769507045597,1.0850919859169381,1.1821317674128415,1.2787557287308882,1.6639208084737107
2026-01-29,1.3005707701330087,1.1006173616395583,1.2010496083297009,1.2884803078560148,1.651866746066327
2026-01-30,1.2566438556045414,1.0703302454344452,1.1688932718536373,1.275597862809685,1.6471606616477648
2026-02-02,1.2396513751260945,1.0502108757466002,1.1593021485737784,1.2483964703238932,1.6081970521821347
2026-02-03,1.2708438139662208,1.0836822504633865,1.1863391948259727,1.2630669542923911,1.6444936157496883
2026-02-04,1.2716451186452136,1.0948243215288758,1.211381605889648,1.2735225234088907,1.6519818092742695
2026-02-05,1.2579544373063651,1.0795833176004654,1.2071726255559683,1.265861900080688,1.6379296826903518
2026-02-06,1.2555842415886178,1.07861310517926,1.2090932334705187,1.2585918427805047,1.6416389116417274
2026-02-09,1.2420049940655935,1.082163569588408,1.217878679682478,1.2790443844004513,1.6703006332050676
2026-02-10,1.2460470402871073,1.0840207770388277,1.2253086236954638,1.28046462450234,1.6704772559574166
2026-02-11,1.2815936589109813,1.1068099793067374,1.242336160684819,1.2776249574131249,1.6674234455944255
2026-02-12,1.2714267965379618,1.120143221727997,1.2460147848936007,1.2791858663342657,1.666853014825335
2026-02-13,1.2493801003887683,1.0940463241964884,1.2208932016886436,1.2631479947104187,1.6558573080602366
2026-02-24,1.2410009286309527,1.1150228169488419,1.2296640253566067,1.2759241927872944,1.6774320367692825
2026-02-25,1.2750078379166117,1.1404916223830068,1.2489802374161192,1.283605957094113,1.6949544476041654
2026-02-26,1.300411270643748,1.1540753588105717,1.2488065982246697,1.2811633609494142,1.7003351660909234
2026-02-27,1.291809153483678,1.1459723885332536,1.2504505469772802,1.276765224282745,1.7124882947305422
2026-03-02,1.338376748928151,1.1776443917286639,1.2720474464895342,1.2816498744957674,1.6840844873630456
2026-03-03,1.4222021832383849,1.1976773569642372,1.292422827354881,1.26192561248532,1.6300464599196234
2026-03-04,1.3992442026049137,1.1874787657754269,1.2778836504007425,1.2474871372052223,1.6217210285080568
2026-03-05,1.3648662131645712,1.1965714601870796,1.273812859451013,1.259702015196027,1.6411628259663467
2026-03-06,1.3661734484377726,1.2061595229444764,1.2810449179141474,1.2631569389706025,1.6666666298116788
2026-03-09,1.4411175050965999,1.228097688569102,1.2983047444751867,1.2509645571493504,1.6541826689768924
2026-03-10,1.4038301953153471,1.2271732190938256,1.2971921467578458,1.2670373926993697,1.6836344364400566
2026-03-11,1.4662244872068317,1.2536460330389296,1.3255080953246243,1.27509806839215,1.6829035048849825
2026-03-12,1.5341030262776614,1.270577050975655,1.3337004210474241,1.270507765650626,1.6708072060699053
2026-03-13,1.5420062642341925,1.2636320127778549,1.3280478391249089,1.265515242239025,1.6561389035083969
2026-03-16,1.5036164550618916,1.2366055636530646,1.31144472150016,1.266170883614305,1.6582999138174368
2026-03-17,1.4744243211813215,1.2056712312002924,1.2858734705462838,1.2569230606607857,1.6278481842011296
2026-03-18,1.4455595469721347,1.1944088191014817,1.2761991504518262,1.2625858615097858,1.6443903533532764
2026-03-19,1.4378701603711055,1.1746034257402944,1.2572836373784306,1.2422360433628576,1.6045330813126568
2026-03-20,1.5105246970296282,1.2056663759331747,1.2894949173838317,1.237836280467064,1.5680883966998813
2026-03-23,1.434691142325455,1.1399775977839075,1.2295359926916676,1.197445898745012,1.4872971608982732
2026-03-24,1.4460504732180492,1.1597227549891753,1.2439936762321395,1.2128205399243315,1.5378252438389968
2026-03-25,1.4105873524499632,1.1500682336121126,1.237920901075109,1.2298265599535116,1.567927776562624
2026-03-26,1.383856373447828,1.1312272962589753,1.2193851269646985,1.2135826993072534,1.5447211352714572
2026-03-27,1.380495750103083,1.1387294023570937,1.2267352347574993,1.2203684113665827,1.5667162056289414
2026-03-30,1.3667347082331416,1.1323142267011657,1.223942621102932,1.2174899858165718,1.5712412940946001
2026-03-31,1.3487031898454576,1.1139249522028651,1.2005248129534647,1.2061332147270225,1.5486374384738508
2026-04-01,1.355573287847673,1.1241658610316876,1.2152629844522256,1.226736995655529,1.574587188282508
2026-04-02,1.3385942650303693,1.1145351220772954,1.2016196147931153,1.2139567320058424,1.550563834166676
2026-04-03,1.3220238197937513,1.0970968159206222,1.1812600162269271,1.203623401111853,1.517757931994709
2026-04-07,1.3244414050922066,1.119140337285365,1.1921978603993724,1.2035765115054355,1.5383924686607997
2026-04-08,1.3245359206939797,1.1277985492379907,1.2083707820313097,1.2455711682586095,1.5985955184332605
2026-04-09,1.3186910919931818,1.115583302768215,1.1911731994406924,1.2376210761462816,1.5809974719075526
2026-04-10,1.3536441554582748,1.1418461730514418,1.2137043718245308,1.2566864443232,1.595725145369529
2026-04-13,1.3670435209643854,1.163502794973932,1.2241625239353195,1.2592854295020188,1.5983747625905844
2026-04-14,1.3450318923296951,1.1487390257764685,1.2164604398791155,1.2742274937342746,1.6140286012490435
2026-04-15,1.3009340661769864,1.1352073250267645,1.2020436968565582,1.2698805832850208,1.6084758443061375
2026-04-16,1.3093155645604204,1.1431950884256765,1.2226228169610278,1.2838016466654036,1.6314536836992093
2026-04-17,1.305010626094942,1.135027134141562,1.218329085331213,1.2816506876103295,1.636536832813674
2026-04-20,1.316297509035513,1.1387644689868262,1.2206100949485421,1.2894484562613482,1.6490813944391491
2026-04-21,1.3385183672517411,1.152986832324312,1.2237389009672963,1.2923092643291794,1.6446015853643985
2026-04-22,1.3392485599199975,1.1652086571653066,1.2333544686740874,1.3008822021961142,1.6535943323726907
2026-04-23,1.3385899033468287,1.152981470740307,1.2353171096443185,1.2972773943039158,1.6342550150427138
2026-04-24,1.329090320630907,1.1496287267712222,1.2300777993580092,1.292681128722269,1.6262971196878584
2026-04-27,1.3096371206782624,1.1427308895608792,1.2160731338971236,1.2931088269819602,1.6385739684381573
2026-04-28,1.3261383960839852,1.1618008331190692,1.2229974338309013,1.2896560715128835,1.6220499932971952
2026-04-29,1.3783465665940358,1.195091931058574,1.2559024993806172,1.3037877315648634,1.6423904661557047
2026-04-30,1.3863770630314716,1.195315873170016,1.2536244825628873,1.3029637754752181,1.6489877017498515
2026-05-06,1.3867362929157725,1.2056412520890454,1.2611165123249386,1.3218784464199516,1.6727308265447012
2026-05-07,1.3990297039965212,1.2428939332487368,1.279776880240686,1.3282253476539072,1.692164381230501
2026-05-08,1.3874661624963591,1.2517279534697445,1.2795330948608041,1.3204741975711185,1.7087569473913793
2026-05-11,1.4007783292151594,1.2653861857843607,1.2905779295253073,1.3421369246977317,1.7251570005937011
2026-05-12,1.3788252637504756,1.286144521425985,1.2912724025757008,1.3411096899675485,1.7095574910664122
2026-05-13,1.3785453095305424,1.3029301450626791,1.2940125741985775,1.3547415556019935,1.7251767617809632
2026-05-14,1.3659871256128169,1.2712632192738509,1.2680854474089895,1.332043462599576,1.6950719998376809
2026-05-15,1.3578121537548258,1.2500167629712282,1.250833345738896,1.317135278140743,1.6857781299566963
2026-05-18,1.383545404339708,1.2622649164120576,1.2659255786818848,1.3100695836338472,1.6862305447136428
2026-05-19,1.4009049152133055,1.267098506101312,1.2745904117489852,1.315316611903401,1.70272574424205
2026-05-20,1.4209081025718477,1.2902230028419799,1.2996256266904114,1.3147249355403432,1.6917449452839173
2026-05-21,1.3786858966865077,1.2658335894940214,1.2813785457507239,1.296402211996855,1.6430745205956019
2026-05-22,1.3728990306611526,1.2769965013450508,1.2842390364896124,1.3132060375382468,1.670577529391227
2026-05-25,1.329360935623844,1.2604661460316182,1.2724816141294408,1.3339407299112593,1.6705740420226918
2026-05-26,1.3224608901354962,1.2406480458152933,1.253318162341888,1.341056024406447,1.6484719881574645
2026-05-27,1.309920596886019,1.2020073274600205,1.238539529940755,1.330301771207451,1.6164558570830676
2026-05-28,1.2916155869735906,1.2112940560687369,1.2396936949385922,1.3319393839356208,1.6275581409812638
2026-05-29,1.3022459939751232,1.1918094447577905,1.2292929969320125,1.3259516082999483,1.5927282982326318
2026-06-01,1.3287180526226,1.1785553392113506,1.2330850712676908,1.3129783654608451,1.609497011529937
2026-06-02,1.3256690427226194,1.1734402611415293,1.2172723100369784,1.3320331631484557,1.5974190232364662
2026-06-03,1.3049501127710834,1.1718110530428143,1.2062345711628455,1.3386058391925015,1.5906628329322547
2026-06-04,1.276888921672967,1.1686947313428806,1.1930783771242823,1.3293731943774754,1.574594446684777
2026-06-05,1.2696824088423428,1.1846735951766547,1.1944500430711957,1.3055692655705342,1.5810537912968832
2026-06-08,1.2257244975076333,1.1500353789485946,1.16636050096911,1.2775753574248339,1.538765370777613
2026-06-09,1.2224368520648172,1.185202819026202,1.177780272880612,1.3014741495973592,1.5576668698367218
2026-06-10,1.2162575121781272,1.172849234997125,1.1726051728185038,1.287050039341193,1.537842822256402
2026-06-11,1.2277029721947794,1.1911070955984218,1.17704329065269,1.27995398855731,1.5203398006564595
2026-06-12,1.2374489815175096,1.1718864442343875,1.1709214849751546,1.2948364243883415,1.5375302015758572
2026-06-15,1.2591597204326628,1.2076547449913964,1.1806332686507746,1.3258410247194958,1.5683850944316264
2026-06-16,1.2525514293392277,1.226010914541188,1.182010189073433,1.3238133880396812,1.5790535262384477
2026-06-17,1.2426202845525776,1.2113237585582888,1.1718973107129826,1.336593922727555,1.5718320441305802
2026-06-18,1.2118951994886549,1.2021050213490527,1.1561932279835,1.3393620357353009,1.5676790333000203
2026-06-22,1.2223352252120727,1.237905488609364,1.1823953525229418,1.3713605330995902,1.5775668723554208
2026-06-23,1.2307274095748337,1.2174259899836966,1.155000689632031,1.333341464478955,1.5760206865206816
2026-06-24,1.2021143980258666,1.1920311500234269,1.1301129674045332,1.3397471809995727,1.558127777902558
2026-06-25,1.1953589936547067,1.2047214928801715,1.1363141193161688,1.3606398886358297,1.5369421181752192
2026-06-26,1.2143775455925696,1.2278702684252885,1.1387550944464264,1.3194737956214864,1.4981096443532802
2026-06-29,1.2176627126456523,1.217762979737832,1.1558059644496754,1.3353837372208883,1.4984264382573018
2026-06-30,1.2243237539533933,1.2083997083844702,1.1486014567422476,1.349616494516762,1.5171058831663786
2026-07-01,1.2033469342691896,1.210881473406203,1.1659617605256911,1.3440721373556486,1.5490875038734435
2026-07-02,1.163115010665652,1.1806054066850291,1.1414891876381081,1.3043159849920736,1.5377505100945992
2026-07-03,1.1741312663437706,1.1982134834213554,1.1533641421319527,1.3124140639547128,1.5551143253174688
2026-07-06,1.1675621683951813,1.1967680560892635,1.1492797687397727,1.3123663612337333,1.5364180736880726
2026-07-07,1.1439828592248522,1.1709835304214125,1.1293528533350472,1.2988860059460356,1.4959431136296069
2026-07-08,1.1448037677131162,1.1762289272681228,1.1127558473750117,1.2889313153998205,1.4737882333908272
2026-07-09,1.1635974498031685,1.1713938909754509,1.1055147034499528,1.3216670366337926,1.4821334737497476
2026-07-10,1.1502281411507171,1.168679437489491,1.1186929452007195,1.2957758427458121,1.4948581405861714
2026-07-13,1.1523970750081927,1.1636081439771309,1.098467314978987,1.2726280973905257,1.4340683208260558
2026-07-14,1.191583488391223,1.1876732433295927,1.1193352653161424,1.3000352078605413,1.4560081403679517
2026-07-15,1.1967085895560605,1.2118194284060975,1.1539481156072675,1.2974009877173627,1.4595058890051984
2026-07-16,1.178958042316179,1.212451580334161,1.1718450800924052,1.2734550349002323,1.4502620684601686
2026-07-17,1.1168234419324468,1.156877125769021,1.1202816439688603,1.2275576992869257,1.3835886676833666
2026-07-20,1.1545960803559359,1.1854034032488499,1.137844217890812,1.2463205888467244,1.3501743040314511
2026-07-21,1.171567092442738,1.200735951611968,1.1362877156006461,1.2845120377545354,1.369649162063581
2026-07-22,1.1396130020570696,1.1809767694121136,1.1275776647640778,1.2785532632049128,1.3568774408324031
2026-07-23,1.1298868140754263,1.1739035225273693,1.1224974712957443,1.2814690920247829,1.3816681220573208
2026-07-24,1.123377722937025,1.1599882947433986,1.0983452094893131,1.2601085724771022,1.3453352346172012
2026-07-27,1.152907759354785,1.186324621446012,1.1302930166805816,1.274537290382454,1.3861672317744753
2026-07-28,1.1015563997992643,1.1706654608652078,1.136708251980987,1.2385155021646466,1.3758943783262667
2026-07-29,1.1287870704441008,1.20796954010785,1.1653353369015944,1.2468466739684354,1.3935520371415688
2026-07-30,1.1089282879986753,1.196229877670651,1.1658785409925654,1.233147861901707,1.3679369095000737
2026-07-31,1.1163695064749533,1.1949526980910912,1.1651843095421917,1.2435765982376557,1.4033283882054983
2026-08-03,1.103195312356919,1.1768118027525136,1.157092363053464,1.2313747300798452,1.4201338833633939
2026-08-04,1.1221367646029519,1.1793236387398385,1.1500029601236628,1.2470277274776076,1.446677056197563
2026-08-05,1.116992196602941,1.1673424087133761,1.1438963090449996,1.2625378877506188,1.4723599803096514
2026-08-06,1.1173980501758782,1.1603682648441875,1.1379913519152076,1.26068263135798,1.4803242346045418
2026-08-07,1.1117755852626703,1.159499774789108,1.1468303374498667,1.272371695265261,1.4935611150771544
2026-08-10,1.1117755852626703,1.1606354335930666,1.147370067535673,1.2744282517196697,1.4932343688174359
