signal,start,end,n_days,fwd15,hit
SPREAD5_top,2024-10-09,2024-10-17,7,0.081,False
SPREAD5_top,2024-10-29,2024-11-04,5,0.0399,False
REB_bottom,2006-05-09,2006-05-09,1,0.2255,True
REB_bottom,2006-05-15,2006-05-15,1,0.1809,True
REB_bottom,2007-01-08,2007-01-08,1,0.2374,True
REB_bottom,2007-07-20,2007-07-23,2,0.1612,True
REB_bottom,2007-12-10,2007-12-10,1,0.1528,True
REB_bottom,2007-12-24,2007-12-24,1,0.1423,True
REB_bottom,2008-02-18,2008-02-18,1,-0.014,False
REB_bottom,2008-03-03,2008-03-03,1,-0.1784,False
REB_bottom,2008-04-24,2008-04-24,1,0.1049,True
REB_bottom,2008-06-18,2008-06-18,1,0.0643,True
REB_bottom,2008-07-03,2008-07-03,1,0.1063,True
REB_bottom,2008-07-07,2008-07-07,1,0.0616,True
REB_bottom,2008-07-09,2008-07-09,1,-0.0092,False
REB_bottom,2008-08-20,2008-08-20,1,-0.1689,False
REB_bottom,2008-09-19,2008-09-22,2,-0.1732,False
REB_bottom,2008-11-05,2008-11-05,1,0.1827,True
REB_bottom,2008-11-10,2008-11-10,1,0.152,True
REB_bottom,2008-11-13,2008-11-14,2,0.1495,True
REB_bottom,2008-12-02,2008-12-03,2,0.0696,True
REB_bottom,2008-12-22,2008-12-22,1,-0.0032,False
REB_bottom,2009-01-06,2009-01-06,1,0.138,True
REB_bottom,2009-02-03,2009-02-03,1,0.1641,True
REB_bottom,2009-03-17,2009-03-17,1,0.0843,True
REB_bottom,2009-11-03,2009-11-03,1,0.0843,True
REB_bottom,2009-11-16,2009-11-16,1,0.0572,True
REB_bottom,2010-02-24,2010-02-25,2,0.0251,True
REB_bottom,2010-05-24,2010-05-24,1,0.0068,True
REB_bottom,2010-07-09,2010-07-09,1,0.1048,True
REB_bottom,2010-07-20,2010-07-20,1,0.0759,True
REB_bottom,2010-12-13,2010-12-13,1,-0.0255,False
REB_bottom,2011-02-10,2011-02-10,1,0.0558,True
REB_bottom,2011-02-14,2011-02-14,1,0.0519,True
REB_bottom,2011-06-23,2011-06-24,2,0.1196,True
REB_bottom,2011-09-21,2011-09-21,1,-0.089,False
REB_bottom,2011-10-12,2011-10-13,2,0.0358,True
REB_bottom,2011-10-25,2011-10-25,1,0.1015,True
REB_bottom,2012-01-10,2012-01-10,1,-0.0033,False
REB_bottom,2012-02-03,2012-02-06,2,0.1187,True
REB_bottom,2012-02-22,2012-02-22,1,0.0119,True
REB_bottom,2012-08-06,2012-08-06,1,-0.0235,False
REB_bottom,2012-08-21,2012-08-21,1,0.0244,True
REB_bottom,2012-09-07,2012-09-07,1,-0.0521,False
REB_bottom,2012-10-09,2012-10-09,1,-0.0258,False
REB_bottom,2012-12-05,2012-12-05,1,0.1371,True
REB_bottom,2012-12-07,2012-12-07,1,0.112,True
REB_bottom,2012-12-14,2012-12-14,1,0.1029,True
REB_bottom,2012-12-25,2012-12-26,2,0.0964,True
REB_bottom,2013-04-19,2013-04-19,1,0.0372,True
REB_bottom,2013-05-20,2013-05-20,1,-0.0568,False
REB_bottom,2013-07-11,2013-07-11,1,0.0393,True
REB_bottom,2013-11-15,2013-11-18,2,0.0403,True
REB_bottom,2014-02-10,2014-02-10,1,0.0138,True
REB_bottom,2014-06-26,2014-06-26,1,0.0455,True
REB_bottom,2014-09-02,2014-09-02,1,0.0829,True
REB_bottom,2015-01-20,2015-01-21,2,0.035,True
REB_bottom,2015-02-13,2015-02-13,1,0.1263,True
REB_bottom,2015-03-02,2015-03-02,1,0.1795,True
REB_bottom,2015-03-16,2015-03-16,1,0.249,True
REB_bottom,2015-05-11,2015-05-11,1,0.3405,True
REB_bottom,2015-07-14,2015-07-14,1,0.0284,True
REB_bottom,2015-09-09,2015-09-09,1,-0.0476,False
REB_bottom,2015-10-12,2015-10-12,1,0.0763,True
REB_bottom,2015-12-17,2015-12-17,1,-0.1481,False
REB_bottom,2016-03-14,2016-03-14,1,0.1492,True
REB_bottom,2016-03-17,2016-03-18,2,0.1065,True
REB_bottom,2016-05-31,2016-05-31,1,0.038,True
REB_bottom,2016-08-15,2016-08-15,1,0.0149,True
REB_bottom,2016-10-10,2016-10-10,1,0.0293,True
REB_bottom,2017-04-27,2017-04-27,1,-0.0226,False
REB_bottom,2017-06-07,2017-06-07,1,0.0139,True
REB_bottom,2017-06-15,2017-06-15,1,0.0267,True
REB_bottom,2017-07-27,2017-07-27,1,0.0316,True
REB_bottom,2017-08-16,2017-08-16,1,0.0601,True
REB_bottom,2017-08-28,2017-08-28,1,0.042,True
REB_bottom,2018-02-26,2018-02-26,1,0.0536,True
REB_bottom,2018-03-09,2018-03-09,1,0.0027,True
REB_bottom,2018-10-22,2018-10-22,1,0.0661,True
REB_bottom,2018-11-02,2018-11-02,1,0.0222,True
REB_bottom,2018-11-13,2018-11-13,1,0.0127,True
REB_bottom,2018-11-15,2018-11-15,1,-0.0321,False
REB_bottom,2018-12-03,2018-12-03,1,-0.0429,False
REB_bottom,2019-02-13,2019-02-13,1,0.2053,True
REB_bottom,2019-02-18,2019-02-18,1,0.1749,True
REB_bottom,2019-02-25,2019-02-25,1,0.104,True
REB_bottom,2019-03-06,2019-03-06,1,0.0193,True
REB_bottom,2019-04-01,2019-04-01,1,-0.0014,False
REB_bottom,2019-06-11,2019-06-11,1,0.0439,True
REB_bottom,2019-06-21,2019-06-21,1,-0.0286,False
REB_bottom,2019-08-19,2019-08-19,1,0.0758,True
REB_bottom,2020-07-06,2020-07-06,1,0.011,True
REB_bottom,2020-10-12,2020-10-12,1,-0.0517,False
REB_bottom,2023-01-30,2023-01-30,1,0.0358,True
REB_bottom,2023-08-29,2023-08-29,1,-0.009,False
REB_bottom,2024-07-31,2024-07-31,1,-0.0519,False
REB_bottom,2024-08-30,2024-08-30,1,0.0076,True
REB_bottom,2024-09-24,2024-09-25,2,0.2644,True
REB_bottom,2024-09-27,2024-10-08,3,0.1786,True
FLOW_pos_cross,2006-01-18,2006-01-18,1,0.0119,True
FLOW_pos_cross,2006-02-06,2006-02-06,1,0.0033,True
FLOW_pos_cross,2006-02-22,2006-02-22,1,-0.0188,False
FLOW_pos_cross,2006-03-10,2006-03-10,1,0.0738,True
FLOW_pos_cross,2006-04-14,2006-04-14,1,0.1598,True
FLOW_pos_cross,2006-04-21,2006-04-21,1,0.261,True
FLOW_pos_cross,2006-04-27,2006-04-27,1,0.2349,True
FLOW_pos_cross,2006-05-26,2006-05-26,1,0.0514,True
FLOW_pos_cross,2006-06-14,2006-06-14,1,0.1269,True
FLOW_pos_cross,2006-06-23,2006-06-23,1,0.0436,True
FLOW_pos_cross,2006-07-17,2006-07-17,1,-0.1197,False
FLOW_pos_cross,2006-08-03,2006-08-03,1,0.0098,True
FLOW_pos_cross,2006-08-08,2006-08-08,1,0.0706,True
FLOW_pos_cross,2006-08-22,2006-08-22,1,0.0655,True
FLOW_pos_cross,2006-09-18,2006-09-18,1,0.0514,True
FLOW_pos_cross,2006-09-27,2006-09-27,1,0.0334,True
FLOW_pos_cross,2006-10-17,2006-10-17,1,-0.0264,False
FLOW_pos_cross,2006-10-24,2006-10-24,1,-0.0672,False
FLOW_pos_cross,2006-11-01,2006-11-01,1,-0.0236,False
FLOW_pos_cross,2006-11-09,2006-11-09,1,0.0477,True
FLOW_pos_cross,2006-11-15,2006-11-15,1,0.1017,True
FLOW_pos_cross,2006-11-21,2006-11-21,1,0.0884,True
FLOW_pos_cross,2006-12-12,2006-12-12,1,0.0874,True
FLOW_pos_cross,2007-01-05,2007-01-05,1,0.2448,True
FLOW_pos_cross,2007-01-29,2007-01-29,1,0.1831,True
FLOW_pos_cross,2007-02-05,2007-02-05,1,0.1914,True
FLOW_pos_cross,2007-03-02,2007-03-02,1,0.1839,True
FLOW_pos_cross,2007-04-02,2007-04-02,1,0.2931,True
FLOW_pos_cross,2007-05-08,2007-05-08,1,0.2008,True
FLOW_pos_cross,2007-05-16,2007-05-16,1,-0.0877,False
FLOW_pos_cross,2007-06-07,2007-06-07,1,-0.0464,False
FLOW_pos_cross,2007-06-27,2007-06-27,1,-0.0984,False
FLOW_pos_cross,2007-07-03,2007-07-03,1,0.0784,True
FLOW_pos_cross,2007-07-09,2007-07-09,1,0.1837,True
FLOW_pos_cross,2007-08-14,2007-08-14,1,0.1377,True
FLOW_pos_cross,2007-08-30,2007-08-30,1,0.0563,True
FLOW_pos_cross,2007-09-10,2007-09-10,1,0.0092,True
FLOW_pos_cross,2007-09-14,2007-09-14,1,-0.0068,False
FLOW_pos_cross,2007-09-24,2007-09-24,1,-0.0647,False
FLOW_pos_cross,2007-09-27,2007-09-27,1,-0.1379,False
FLOW_pos_cross,2007-10-17,2007-10-17,1,-0.1011,False
FLOW_pos_cross,2007-10-30,2007-10-30,1,0.0096,True
FLOW_pos_cross,2007-11-06,2007-11-06,1,-0.0508,False
FLOW_pos_cross,2007-11-14,2007-11-14,1,0.0167,True
FLOW_pos_cross,2007-11-29,2007-11-29,1,0.1124,True
FLOW_pos_cross,2008-01-09,2008-01-09,1,-0.1077,False
FLOW_pos_cross,2008-01-24,2008-01-24,1,0.0091,True
FLOW_pos_cross,2008-02-05,2008-02-05,1,0.0702,True
FLOW_pos_cross,2008-02-27,2008-02-27,1,-0.1579,False
FLOW_pos_cross,2008-03-20,2008-03-20,1,-0.1147,False
FLOW_pos_cross,2008-03-28,2008-03-28,1,-0.2227,False
FLOW_pos_cross,2008-04-07,2008-04-07,1,-0.0283,False
FLOW_pos_cross,2008-04-23,2008-04-23,1,0.2067,True
FLOW_pos_cross,2008-05-21,2008-05-21,1,-0.1768,False
FLOW_pos_cross,2008-05-28,2008-05-28,1,-0.2825,False
FLOW_pos_cross,2008-06-06,2008-06-06,1,-0.2373,False
FLOW_pos_cross,2008-06-18,2008-06-18,1,0.0643,True
FLOW_pos_cross,2008-06-20,2008-06-20,1,0.1164,True
FLOW_pos_cross,2008-06-24,2008-06-24,1,0.1009,True
FLOW_pos_cross,2008-07-02,2008-07-02,1,0.1226,True
FLOW_pos_cross,2008-07-21,2008-07-21,1,-0.1883,False
FLOW_pos_cross,2008-08-15,2008-08-15,1,-0.123,False
FLOW_pos_cross,2008-08-20,2008-08-20,1,-0.1689,False
FLOW_pos_cross,2008-08-29,2008-08-29,1,-0.063,False
FLOW_pos_cross,2008-09-04,2008-09-04,1,-0.0621,False
FLOW_pos_cross,2008-09-11,2008-09-11,1,-0.1017,False
FLOW_pos_cross,2008-09-19,2008-09-19,1,-0.1732,False
FLOW_pos_cross,2008-10-20,2008-10-20,1,-0.0409,False
FLOW_pos_cross,2008-10-30,2008-10-30,1,0.2354,True
FLOW_pos_cross,2008-11-05,2008-11-05,1,0.1827,True
FLOW_pos_cross,2008-11-27,2008-11-27,1,0.1825,True
FLOW_pos_cross,2008-12-16,2008-12-16,1,-0.0067,False
FLOW_pos_cross,2008-12-30,2008-12-30,1,0.1507,True
FLOW_pos_cross,2009-01-20,2009-01-20,1,0.2394,True
FLOW_pos_cross,2009-02-20,2009-02-20,1,-0.0598,False
FLOW_pos_cross,2009-03-03,2009-03-03,1,0.1603,True
FLOW_pos_cross,2009-03-11,2009-03-11,1,0.1627,True
FLOW_pos_cross,2009-03-16,2009-03-16,1,0.1612,True
FLOW_pos_cross,2009-04-29,2009-04-29,1,0.0766,True
FLOW_pos_cross,2009-05-13,2009-05-13,1,0.0583,True
FLOW_pos_cross,2009-05-26,2009-05-26,1,0.0773,True
FLOW_pos_cross,2009-06-09,2009-06-09,1,0.0319,True
FLOW_pos_cross,2009-06-15,2009-06-15,1,0.066,True
FLOW_pos_cross,2009-06-24,2009-06-24,1,0.1218,True
FLOW_pos_cross,2009-08-11,2009-08-11,1,-0.1747,False
FLOW_pos_cross,2009-08-20,2009-08-20,1,0.0686,True
FLOW_pos_cross,2009-09-03,2009-09-03,1,0.0564,True
FLOW_pos_cross,2009-10-09,2009-10-09,1,0.0671,True
FLOW_pos_cross,2009-10-30,2009-10-30,1,0.1772,True
FLOW_pos_cross,2009-11-27,2009-11-27,1,0.0032,True
FLOW_pos_cross,2009-12-23,2009-12-23,1,0.1126,True
FLOW_pos_cross,2010-01-11,2010-01-11,1,-0.0576,False
FLOW_pos_cross,2010-01-29,2010-01-29,1,0.0675,True
FLOW_pos_cross,2010-02-04,2010-02-04,1,0.0533,True
FLOW_pos_cross,2010-02-08,2010-02-08,1,0.0902,True
FLOW_pos_cross,2010-02-10,2010-02-10,1,0.0642,True
FLOW_pos_cross,2010-03-08,2010-03-08,1,0.031,True
FLOW_pos_cross,2010-03-15,2010-03-15,1,0.1056,True
FLOW_pos_cross,2010-03-17,2010-03-17,1,0.0714,True
FLOW_pos_cross,2010-04-21,2010-04-21,1,-0.1559,False
FLOW_pos_cross,2010-05-05,2010-05-05,1,-0.097,False
FLOW_pos_cross,2010-05-14,2010-05-14,1,-0.0218,False
FLOW_pos_cross,2010-05-19,2010-05-19,1,0.0674,True
FLOW_pos_cross,2010-06-03,2010-06-03,1,-0.0677,False
FLOW_pos_cross,2010-06-23,2010-06-23,1,-0.0624,False
FLOW_pos_cross,2010-07-06,2010-07-06,1,0.1156,True
FLOW_pos_cross,2010-07-19,2010-07-19,1,0.1487,True
FLOW_pos_cross,2010-08-13,2010-08-13,1,0.0753,True
FLOW_pos_cross,2010-08-24,2010-08-24,1,0.0713,True
FLOW_pos_cross,2010-09-28,2010-09-28,1,0.0941,True
FLOW_pos_cross,2010-10-19,2010-10-19,1,0.1357,True
FLOW_pos_cross,2010-11-05,2010-11-05,1,-0.0062,False
FLOW_pos_cross,2010-11-19,2010-11-19,1,-0.0027,False
FLOW_pos_cross,2010-12-13,2010-12-13,1,-0.0255,False
FLOW_pos_cross,2010-12-30,2010-12-30,1,-0.0578,False
FLOW_pos_cross,2011-01-19,2011-01-19,1,0.0672,True
FLOW_pos_cross,2011-01-27,2011-01-27,1,0.1074,True
FLOW_pos_cross,2011-03-07,2011-03-07,1,0.0117,True
FLOW_pos_cross,2011-03-18,2011-03-18,1,-0.0025,False
FLOW_pos_cross,2011-03-22,2011-03-22,1,0.0111,True
FLOW_pos_cross,2011-04-01,2011-04-01,1,-0.0227,False
FLOW_pos_cross,2011-04-14,2011-04-14,1,-0.0674,False
FLOW_pos_cross,2011-04-20,2011-04-20,1,-0.0626,False
FLOW_pos_cross,2011-05-03,2011-05-03,1,-0.0455,False
FLOW_pos_cross,2011-05-17,2011-05-17,1,-0.0596,False
FLOW_pos_cross,2011-05-31,2011-05-31,1,-0.0267,False
FLOW_pos_cross,2011-06-14,2011-06-14,1,0.0559,True
FLOW_pos_cross,2011-06-21,2011-06-21,1,0.1054,True
FLOW_pos_cross,2011-07-13,2011-07-13,1,-0.0234,False
FLOW_pos_cross,2011-07-22,2011-07-22,1,-0.0545,False
FLOW_pos_cross,2011-07-26,2011-07-26,1,-0.0089,False
FLOW_pos_cross,2011-08-11,2011-08-11,1,0.0086,True
FLOW_pos_cross,2011-08-23,2011-08-23,1,-0.0421,False
FLOW_pos_cross,2011-09-09,2011-09-09,1,-0.0915,False
FLOW_pos_cross,2011-09-15,2011-09-15,1,-0.0453,False
FLOW_pos_cross,2011-09-21,2011-09-21,1,-0.089,False
FLOW_pos_cross,2011-10-12,2011-10-12,1,0.0358,True
FLOW_pos_cross,2011-10-25,2011-10-25,1,0.1015,True
FLOW_pos_cross,2011-11-09,2011-11-09,1,-0.0745,False
FLOW_pos_cross,2011-11-23,2011-11-23,1,-0.1376,False
FLOW_pos_cross,2011-11-29,2011-11-29,1,-0.144,False
FLOW_pos_cross,2011-12-01,2011-12-01,1,-0.1579,False
FLOW_pos_cross,2011-12-07,2011-12-07,1,-0.1478,False
FLOW_pos_cross,2011-12-19,2011-12-19,1,-0.0458,False
FLOW_pos_cross,2011-12-30,2011-12-30,1,-0.0106,False
FLOW_pos_cross,2012-01-09,2012-01-09,1,0.0572,True
FLOW_pos_cross,2012-01-19,2012-01-19,1,0.1141,True
FLOW_pos_cross,2012-02-21,2012-02-21,1,0.0835,True
FLOW_pos_cross,2012-03-02,2012-03-02,1,-0.0271,False
FLOW_pos_cross,2012-03-08,2012-03-08,1,-0.0991,False
FLOW_pos_cross,2012-03-19,2012-03-19,1,-0.0533,False
FLOW_pos_cross,2012-04-05,2012-04-05,1,0.0411,True
FLOW_pos_cross,2012-04-18,2012-04-18,1,-0.0,False
FLOW_pos_cross,2012-04-27,2012-04-27,1,0.0131,True
FLOW_pos_cross,2012-05-14,2012-05-14,1,-0.0296,False
FLOW_pos_cross,2012-05-17,2012-05-17,1,-0.0382,False
FLOW_pos_cross,2012-05-29,2012-05-29,1,-0.0083,False
FLOW_pos_cross,2012-06-11,2012-06-11,1,-0.0153,False
FLOW_pos_cross,2012-06-28,2012-06-28,1,-0.0195,False
FLOW_pos_cross,2012-07-12,2012-07-12,1,-0.0795,False
FLOW_pos_cross,2012-07-19,2012-07-19,1,0.0078,True
FLOW_pos_cross,2012-08-02,2012-08-02,1,0.0688,True
FLOW_pos_cross,2012-08-21,2012-08-21,1,0.0244,True
FLOW_pos_cross,2012-08-29,2012-08-29,1,0.026,True
FLOW_pos_cross,2012-09-28,2012-09-28,1,0.0011,True
FLOW_pos_cross,2012-10-18,2012-10-18,1,-0.0422,False
FLOW_pos_cross,2012-10-30,2012-10-30,1,-0.0416,False
FLOW_pos_cross,2012-11-12,2012-11-12,1,-0.1296,False
FLOW_pos_cross,2012-11-19,2012-11-19,1,-0.0088,False
FLOW_pos_cross,2012-12-04,2012-12-04,1,0.1598,True
FLOW_pos_cross,2012-12-14,2012-12-14,1,0.1029,True
FLOW_pos_cross,2013-01-14,2013-01-14,1,0.0203,True
FLOW_pos_cross,2013-01-21,2013-01-21,1,0.0352,True
FLOW_pos_cross,2013-01-28,2013-01-28,1,0.0424,True
FLOW_pos_cross,2013-02-05,2013-02-05,1,0.0353,True
FLOW_pos_cross,2013-03-19,2013-03-19,1,-0.0079,False
FLOW_pos_cross,2013-04-09,2013-04-09,1,-0.0008,False
FLOW_pos_cross,2013-04-17,2013-04-17,1,0.0601,True
FLOW_pos_cross,2013-05-03,2013-05-03,1,0.107,True
FLOW_pos_cross,2013-06-14,2013-06-14,1,-0.0654,False
FLOW_pos_cross,2013-06-26,2013-06-26,1,0.0557,True
FLOW_pos_cross,2013-07-10,2013-07-10,1,0.0382,True
FLOW_pos_cross,2013-07-22,2013-07-22,1,0.0777,True
FLOW_pos_cross,2013-08-01,2013-08-01,1,0.0517,True
FLOW_pos_cross,2013-08-12,2013-08-12,1,0.0188,True
FLOW_pos_cross,2013-08-20,2013-08-20,1,0.0697,True
FLOW_pos_cross,2013-09-03,2013-09-03,1,0.0182,True
FLOW_pos_cross,2013-09-16,2013-09-16,1,0.0257,True
FLOW_pos_cross,2013-09-30,2013-09-30,1,-0.0043,False
FLOW_pos_cross,2013-10-18,2013-10-18,1,-0.0677,False
FLOW_pos_cross,2013-10-30,2013-10-30,1,0.0484,True
FLOW_pos_cross,2013-11-01,2013-11-01,1,0.0534,True
FLOW_pos_cross,2013-11-05,2013-11-05,1,0.0398,True
FLOW_pos_cross,2013-11-11,2013-11-11,1,0.0395,True
FLOW_pos_cross,2013-11-25,2013-11-25,1,0.0061,True
FLOW_pos_cross,2013-12-05,2013-12-05,1,-0.0304,False
FLOW_pos_cross,2013-12-09,2013-12-09,1,-0.0148,False
FLOW_pos_cross,2013-12-24,2013-12-24,1,0.0014,True
FLOW_pos_cross,2014-01-08,2014-01-08,1,0.0415,True
FLOW_pos_cross,2014-01-14,2014-01-14,1,0.1061,True
FLOW_pos_cross,2014-01-21,2014-01-21,1,0.1415,True
FLOW_pos_cross,2014-02-07,2014-02-07,1,0.0214,True
FLOW_pos_cross,2014-02-24,2014-02-24,1,-0.0236,False
FLOW_pos_cross,2014-03-03,2014-03-03,1,-0.0048,False
FLOW_pos_cross,2014-03-13,2014-03-13,1,-0.0048,False
FLOW_pos_cross,2014-03-25,2014-03-25,1,0.0055,True
FLOW_pos_cross,2014-04-01,2014-04-01,1,0.0119,True
FLOW_pos_cross,2014-04-30,2014-04-30,1,0.0206,True
FLOW_pos_cross,2014-05-12,2014-05-12,1,0.0098,True
FLOW_pos_cross,2014-05-20,2014-05-20,1,0.0477,True
FLOW_pos_cross,2014-06-04,2014-06-04,1,0.0242,True
FLOW_pos_cross,2014-06-23,2014-06-23,1,0.0846,True
FLOW_pos_cross,2014-07-14,2014-07-14,1,0.0467,True
FLOW_pos_cross,2014-07-22,2014-07-22,1,0.0872,True
FLOW_pos_cross,2014-07-24,2014-07-24,1,0.0973,True
FLOW_pos_cross,2014-07-28,2014-07-28,1,0.0961,True
FLOW_pos_cross,2014-08-29,2014-08-29,1,0.0884,True
FLOW_pos_cross,2014-09-19,2014-09-19,1,0.0388,True
FLOW_pos_cross,2014-10-15,2014-10-15,1,0.016,True
FLOW_pos_cross,2014-10-20,2014-10-20,1,0.0383,True
FLOW_pos_cross,2014-10-28,2014-10-28,1,0.0231,True
FLOW_pos_cross,2014-11-12,2014-11-12,1,0.0823,True
FLOW_pos_cross,2014-11-18,2014-11-18,1,0.0246,True
FLOW_pos_cross,2014-12-02,2014-12-02,1,-0.0556,False
FLOW_pos_cross,2014-12-11,2014-12-11,1,-0.0335,False
FLOW_pos_cross,2014-12-24,2014-12-24,1,0.0355,True
FLOW_pos_cross,2015-01-06,2015-01-06,1,0.0739,True
FLOW_pos_cross,2015-01-13,2015-01-13,1,0.081,True
FLOW_pos_cross,2015-02-03,2015-02-03,1,0.089,True
FLOW_pos_cross,2015-02-11,2015-02-11,1,0.1435,True
FLOW_pos_cross,2015-02-27,2015-02-27,1,0.1734,True
FLOW_pos_cross,2015-03-31,2015-03-31,1,0.1775,True
FLOW_pos_cross,2015-04-21,2015-04-21,1,0.1416,True
FLOW_pos_cross,2015-04-29,2015-04-29,1,0.2384,True
FLOW_pos_cross,2015-05-08,2015-05-08,1,0.3296,True
FLOW_pos_cross,2015-06-02,2015-06-02,1,-0.029,False
FLOW_pos_cross,2015-06-10,2015-06-10,1,-0.3238,False
FLOW_pos_cross,2015-06-24,2015-06-24,1,-0.3123,False
FLOW_pos_cross,2015-07-10,2015-07-10,1,0.1431,True
FLOW_pos_cross,2015-07-31,2015-07-31,1,0.0089,True
FLOW_pos_cross,2015-08-04,2015-08-04,1,-0.1934,False
FLOW_pos_cross,2015-08-28,2015-08-28,1,-0.0599,False
FLOW_pos_cross,2015-09-08,2015-09-08,1,-0.0058,False
FLOW_pos_cross,2015-09-18,2015-09-18,1,0.2345,True
FLOW_pos_cross,2015-09-28,2015-09-28,1,0.2222,True
FLOW_pos_cross,2015-09-30,2015-09-30,1,0.2257,True
FLOW_pos_cross,2015-10-22,2015-10-22,1,0.1918,True
FLOW_pos_cross,2015-11-20,2015-11-20,1,-0.035,False
FLOW_pos_cross,2015-12-03,2015-12-03,1,0.0658,True
FLOW_pos_cross,2015-12-15,2015-12-15,1,-0.0337,False
FLOW_pos_cross,2015-12-29,2015-12-29,1,-0.2147,False
FLOW_pos_cross,2016-01-08,2016-01-08,1,-0.1718,False
FLOW_pos_cross,2016-01-14,2016-01-14,1,-0.0453,False
FLOW_pos_cross,2016-01-18,2016-01-18,1,-0.0357,False
FLOW_pos_cross,2016-01-25,2016-01-25,1,0.0323,True
FLOW_pos_cross,2016-02-02,2016-02-02,1,-0.0203,False
FLOW_pos_cross,2016-03-02,2016-03-02,1,0.1013,True
FLOW_pos_cross,2016-03-08,2016-03-08,1,0.0628,True
FLOW_pos_cross,2016-03-14,2016-03-14,1,0.1492,True
FLOW_pos_cross,2016-03-30,2016-03-30,1,-0.0095,False
FLOW_pos_cross,2016-04-11,2016-04-11,1,-0.0021,False
FLOW_pos_cross,2016-04-26,2016-04-26,1,-0.0789,False
FLOW_pos_cross,2016-05-16,2016-05-16,1,0.0708,True
FLOW_pos_cross,2016-05-20,2016-05-20,1,0.0346,True
FLOW_pos_cross,2016-06-15,2016-06-15,1,0.0923,True
FLOW_pos_cross,2016-07-14,2016-07-14,1,-0.0409,False
FLOW_pos_cross,2016-07-20,2016-07-20,1,-0.0236,False
FLOW_pos_cross,2016-07-26,2016-07-26,1,-0.0023,False
FLOW_pos_cross,2016-08-02,2016-08-02,1,0.0624,True
FLOW_pos_cross,2016-08-24,2016-08-24,1,-0.0096,False
FLOW_pos_cross,2016-08-31,2016-08-31,1,0.0047,True
FLOW_pos_cross,2016-09-06,2016-09-06,1,-0.0192,False
FLOW_pos_cross,2016-09-19,2016-09-19,1,0.0278,True
FLOW_pos_cross,2016-09-29,2016-09-29,1,0.0683,True
FLOW_pos_cross,2016-10-18,2016-10-18,1,0.0356,True
FLOW_pos_cross,2016-11-21,2016-11-21,1,-0.0724,False
FLOW_pos_cross,2016-12-07,2016-12-07,1,-0.0369,False
FLOW_pos_cross,2016-12-15,2016-12-15,1,0.0314,True
FLOW_pos_cross,2016-12-28,2016-12-28,1,-0.0525,False
FLOW_pos_cross,2017-01-03,2017-01-03,1,-0.038,False
FLOW_pos_cross,2017-01-19,2017-01-19,1,0.0859,True
FLOW_pos_cross,2017-02-21,2017-02-21,1,0.0304,True
FLOW_pos_cross,2017-03-13,2017-03-13,1,0.0013,True
FLOW_pos_cross,2017-04-06,2017-04-06,1,-0.0841,False
FLOW_pos_cross,2017-04-13,2017-04-13,1,-0.0831,False
FLOW_pos_cross,2017-04-26,2017-04-26,1,-0.0115,False
FLOW_pos_cross,2017-05-11,2017-05-11,1,-0.0255,False
FLOW_pos_cross,2017-05-26,2017-05-26,1,0.0453,True
FLOW_pos_cross,2017-06-05,2017-06-05,1,0.0516,True
FLOW_pos_cross,2017-06-13,2017-06-13,1,0.0299,True
FLOW_pos_cross,2017-06-27,2017-06-27,1,-0.0509,False
FLOW_pos_cross,2017-06-30,2017-06-30,1,-0.0343,False
FLOW_pos_cross,2017-07-20,2017-07-20,1,0.0275,True
FLOW_pos_cross,2017-07-25,2017-07-25,1,0.0321,True
FLOW_pos_cross,2017-08-07,2017-08-07,1,0.0461,True
FLOW_pos_cross,2017-08-09,2017-08-09,1,0.0418,True
FLOW_pos_cross,2017-08-14,2017-08-14,1,0.0678,True
FLOW_pos_cross,2017-09-15,2017-09-15,1,0.0275,True
FLOW_pos_cross,2017-09-19,2017-09-19,1,0.0033,True
FLOW_pos_cross,2017-09-29,2017-09-29,1,0.0083,True
FLOW_pos_cross,2017-10-17,2017-10-17,1,-0.0137,False
FLOW_pos_cross,2017-10-23,2017-10-23,1,0.0022,True
FLOW_pos_cross,2017-10-31,2017-10-31,1,-0.0404,False
FLOW_pos_cross,2017-11-28,2017-11-28,1,-0.0118,False
FLOW_pos_cross,2017-11-30,2017-11-30,1,-0.0179,False
FLOW_pos_cross,2017-12-07,2017-12-07,1,0.0074,True
FLOW_pos_cross,2017-12-21,2017-12-21,1,0.0228,True
FLOW_pos_cross,2017-12-25,2017-12-25,1,0.0194,True
FLOW_pos_cross,2018-01-09,2018-01-09,1,-0.023,False
FLOW_pos_cross,2018-01-15,2018-01-15,1,-0.0744,False
FLOW_pos_cross,2018-01-24,2018-01-24,1,-0.1398,False
FLOW_pos_cross,2018-02-09,2018-02-09,1,0.1456,True
FLOW_pos_cross,2018-02-14,2018-02-14,1,0.1109,True
FLOW_pos_cross,2018-03-05,2018-03-05,1,-0.0123,False
FLOW_pos_cross,2018-03-19,2018-03-19,1,0.0159,True
FLOW_pos_cross,2018-03-26,2018-03-26,1,0.0312,True
FLOW_pos_cross,2018-04-24,2018-04-24,1,0.0145,True
FLOW_pos_cross,2018-05-03,2018-05-03,1,0.0373,True
FLOW_pos_cross,2018-05-15,2018-05-15,1,-0.0342,False
FLOW_pos_cross,2018-06-04,2018-06-04,1,-0.1081,False
FLOW_pos_cross,2018-06-12,2018-06-12,1,-0.1126,False
FLOW_pos_cross,2018-06-22,2018-06-22,1,0.0217,True
FLOW_pos_cross,2018-07-09,2018-07-09,1,0.0185,True
FLOW_pos_cross,2018-07-24,2018-07-24,1,-0.053,False
FLOW_pos_cross,2018-08-09,2018-08-09,1,-0.0294,False
FLOW_pos_cross,2018-08-21,2018-08-21,1,-0.0373,False
FLOW_pos_cross,2018-08-27,2018-08-27,1,-0.0656,False
FLOW_pos_cross,2018-09-05,2018-09-05,1,-0.0123,False
FLOW_pos_cross,2018-09-12,2018-09-12,1,-0.0883,False
FLOW_pos_cross,2018-09-19,2018-09-19,1,-0.1532,False
FLOW_pos_cross,2018-09-26,2018-09-26,1,-0.1122,False
FLOW_pos_cross,2018-09-28,2018-09-28,1,-0.106,False
FLOW_pos_cross,2018-10-09,2018-10-09,1,-0.0792,False
FLOW_pos_cross,2018-10-19,2018-10-19,1,0.0875,True
FLOW_pos_cross,2018-10-30,2018-10-30,1,0.1117,True
FLOW_pos_cross,2018-11-12,2018-11-12,1,0.0236,True
FLOW_pos_cross,2018-11-28,2018-11-28,1,-0.0377,False
FLOW_pos_cross,2018-12-11,2018-12-11,1,-0.0599,False
FLOW_pos_cross,2018-12-21,2018-12-21,1,0.0349,True
FLOW_pos_cross,2019-01-04,2019-01-04,1,0.0273,True
FLOW_pos_cross,2019-01-17,2019-01-17,1,0.0351,True
FLOW_pos_cross,2019-02-11,2019-02-11,1,0.1866,True
FLOW_pos_cross,2019-02-22,2019-02-22,1,0.1326,True
FLOW_pos_cross,2019-03-01,2019-03-01,1,0.1188,True
FLOW_pos_cross,2019-03-18,2019-03-18,1,0.0711,True
FLOW_pos_cross,2019-03-29,2019-03-29,1,0.0535,True
FLOW_pos_cross,2019-04-16,2019-04-16,1,-0.1169,False
FLOW_pos_cross,2019-05-07,2019-05-07,1,0.0169,True
FLOW_pos_cross,2019-05-09,2019-05-09,1,0.0256,True
FLOW_pos_cross,2019-05-22,2019-05-22,1,-0.0,False
FLOW_pos_cross,2019-05-27,2019-05-27,1,-0.0198,False
FLOW_pos_cross,2019-06-11,2019-06-11,1,0.0439,True
FLOW_pos_cross,2019-06-19,2019-06-19,1,0.0011,True
FLOW_pos_cross,2019-06-27,2019-06-27,1,-0.0301,False
FLOW_pos_cross,2019-07-01,2019-07-01,1,-0.0669,False
FLOW_pos_cross,2019-07-15,2019-07-15,1,-0.0349,False
FLOW_pos_cross,2019-07-24,2019-07-24,1,-0.0422,False
FLOW_pos_cross,2019-08-12,2019-08-12,1,0.0653,True
FLOW_pos_cross,2019-08-27,2019-08-27,1,0.0451,True
FLOW_pos_cross,2019-09-02,2019-09-02,1,0.043,True
FLOW_pos_cross,2019-10-09,2019-10-09,1,-0.0037,False
FLOW_pos_cross,2019-10-23,2019-10-23,1,-0.0315,False
FLOW_pos_cross,2019-10-28,2019-10-28,1,-0.053,False
FLOW_pos_cross,2019-11-04,2019-11-04,1,-0.0292,False
FLOW_pos_cross,2019-11-07,2019-11-07,1,-0.0334,False
FLOW_pos_cross,2019-11-14,2019-11-14,1,0.0086,True
FLOW_pos_cross,2019-11-18,2019-11-18,1,0.0244,True
FLOW_pos_cross,2019-11-29,2019-11-29,1,0.073,True
FLOW_pos_cross,2019-12-16,2019-12-16,1,0.0713,True
FLOW_pos_cross,2019-12-25,2019-12-25,1,0.0619,True
FLOW_pos_cross,2020-01-02,2020-01-02,1,-0.0087,False
FLOW_pos_cross,2020-01-20,2020-01-20,1,-0.0067,False
FLOW_pos_cross,2020-02-05,2020-02-05,1,0.1341,True
FLOW_pos_cross,2020-03-02,2020-03-02,1,-0.0842,False
FLOW_pos_cross,2020-03-10,2020-03-10,1,-0.1019,False
FLOW_pos_cross,2020-03-19,2020-03-19,1,0.0129,True
FLOW_pos_cross,2020-03-25,2020-03-25,1,0.004,True
FLOW_pos_cross,2020-04-02,2020-04-02,1,0.0194,True
FLOW_pos_cross,2020-04-15,2020-04-15,1,0.0223,True
FLOW_pos_cross,2020-04-30,2020-04-30,1,0.0256,True
FLOW_pos_cross,2020-05-19,2020-05-19,1,0.0318,True
FLOW_pos_cross,2020-05-26,2020-05-26,1,0.0572,True
FLOW_pos_cross,2020-06-01,2020-06-01,1,0.0371,True
FLOW_pos_cross,2020-06-11,2020-06-11,1,0.1112,True
FLOW_pos_cross,2020-06-30,2020-06-30,1,0.127,True
FLOW_pos_cross,2020-07-21,2020-07-21,1,0.0224,True
FLOW_pos_cross,2020-07-29,2020-07-29,1,0.043,True
FLOW_pos_cross,2020-08-17,2020-08-17,1,-0.0118,False
FLOW_pos_cross,2020-08-24,2020-08-24,1,-0.0303,False
FLOW_pos_cross,2020-08-31,2020-08-31,1,-0.0201,False
FLOW_pos_cross,2020-09-04,2020-09-04,1,-0.0612,False
FLOW_pos_cross,2020-09-08,2020-09-08,1,-0.0655,False
FLOW_pos_cross,2020-09-14,2020-09-14,1,0.028,True
FLOW_pos_cross,2020-09-23,2020-09-23,1,0.002,True
FLOW_pos_cross,2020-10-09,2020-10-09,1,-0.0241,False
FLOW_pos_cross,2020-10-20,2020-10-20,1,-0.0114,False
FLOW_pos_cross,2020-10-28,2020-10-28,1,0.0089,True
FLOW_pos_cross,2020-11-03,2020-11-03,1,0.0291,True
FLOW_pos_cross,2020-11-16,2020-11-16,1,0.0005,True
FLOW_pos_cross,2020-12-01,2020-12-01,1,-0.0487,False
FLOW_pos_cross,2020-12-21,2020-12-21,1,-0.0598,False
FLOW_pos_cross,2020-12-31,2020-12-31,1,-0.0152,False
FLOW_pos_cross,2021-01-15,2021-01-15,1,-0.0627,False
FLOW_pos_cross,2021-02-02,2021-02-02,1,0.0381,True
FLOW_pos_cross,2021-02-18,2021-02-18,1,0.0154,True
FLOW_pos_cross,2021-03-01,2021-03-01,1,0.0092,True
FLOW_pos_cross,2021-03-05,2021-03-05,1,-0.007,False
FLOW_pos_cross,2021-03-17,2021-03-17,1,0.0225,True
FLOW_pos_cross,2021-03-26,2021-03-26,1,0.0348,True
FLOW_pos_cross,2021-04-02,2021-04-02,1,0.0156,True
FLOW_pos_cross,2021-04-16,2021-04-16,1,0.0042,True
FLOW_pos_cross,2021-05-11,2021-05-11,1,0.0662,True
FLOW_pos_cross,2021-05-25,2021-05-25,1,0.0174,True
FLOW_pos_cross,2021-06-09,2021-06-09,1,0.0072,True
FLOW_pos_cross,2021-06-18,2021-06-18,1,0.029,True
FLOW_pos_cross,2021-06-29,2021-06-29,1,0.0171,True
FLOW_pos_cross,2021-07-06,2021-07-06,1,-0.0118,False
FLOW_pos_cross,2021-07-21,2021-07-21,1,0.0233,True
FLOW_pos_cross,2021-07-29,2021-07-29,1,0.0487,True
FLOW_pos_cross,2021-08-18,2021-08-18,1,0.0663,True
FLOW_pos_cross,2021-08-23,2021-08-23,1,0.0486,True
FLOW_pos_cross,2021-09-02,2021-09-02,1,-0.0192,False
FLOW_pos_cross,2021-10-08,2021-10-08,1,-0.036,False
FLOW_pos_cross,2021-11-01,2021-11-01,1,0.0802,True
FLOW_pos_cross,2021-11-19,2021-11-19,1,0.0237,True
FLOW_pos_cross,2021-12-01,2021-12-01,1,0.0128,True
FLOW_pos_cross,2021-12-09,2021-12-09,1,0.0256,True
FLOW_pos_cross,2021-12-22,2021-12-22,1,0.003,True
FLOW_pos_cross,2021-12-29,2021-12-29,1,-0.0089,False
FLOW_pos_cross,2022-01-06,2022-01-06,1,-0.107,False
FLOW_pos_cross,2022-01-10,2022-01-10,1,-0.0767,False
FLOW_pos_cross,2022-01-19,2022-01-19,1,-0.0571,False
FLOW_pos_cross,2022-02-08,2022-02-08,1,0.0263,True
FLOW_pos_cross,2022-02-16,2022-02-16,1,-0.0529,False
FLOW_pos_cross,2022-02-25,2022-02-25,1,-0.0549,False
FLOW_pos_cross,2022-03-01,2022-03-01,1,-0.0522,False
FLOW_pos_cross,2022-03-11,2022-03-11,1,-0.02,False
FLOW_pos_cross,2022-03-17,2022-03-17,1,-0.04,False
FLOW_pos_cross,2022-04-14,2022-04-14,1,-0.072,False
FLOW_pos_cross,2022-04-18,2022-04-18,1,-0.0522,False
FLOW_pos_cross,2022-04-29,2022-04-29,1,0.0805,True
FLOW_pos_cross,2022-05-19,2022-05-19,1,0.0587,True
FLOW_pos_cross,2022-05-27,2022-05-27,1,0.0809,True
FLOW_pos_cross,2022-06-13,2022-06-13,1,0.0553,True
FLOW_pos_cross,2022-06-17,2022-06-17,1,0.0341,True
FLOW_pos_cross,2022-07-04,2022-07-04,1,0.0006,True
FLOW_pos_cross,2022-07-08,2022-07-08,1,0.0323,True
FLOW_pos_cross,2022-07-14,2022-07-14,1,0.0133,True
FLOW_pos_cross,2022-07-26,2022-07-26,1,0.0434,True
FLOW_pos_cross,2022-08-05,2022-08-05,1,0.0025,True
FLOW_pos_cross,2022-08-17,2022-08-17,1,-0.0335,False
FLOW_pos_cross,2022-09-05,2022-09-05,1,-0.0562,False
FLOW_pos_cross,2022-09-14,2022-09-14,1,-0.0862,False
FLOW_pos_cross,2022-09-21,2022-09-21,1,-0.0043,False
FLOW_pos_cross,2022-10-12,2022-10-12,1,0.0605,True
FLOW_pos_cross,2022-10-26,2022-10-26,1,0.0566,True
FLOW_pos_cross,2022-11-01,2022-11-01,1,0.0485,True
FLOW_pos_cross,2022-11-15,2022-11-15,1,0.0073,True
FLOW_pos_cross,2022-11-30,2022-11-30,1,-0.0355,False
FLOW_pos_cross,2022-12-12,2022-12-12,1,-0.0298,False
FLOW_pos_cross,2022-12-15,2022-12-15,1,-0.0183,False
FLOW_pos_cross,2022-12-27,2022-12-27,1,0.0401,True
FLOW_pos_cross,2023-01-03,2023-01-03,1,0.0592,True
FLOW_pos_cross,2023-01-16,2023-01-16,1,0.082,True
FLOW_pos_cross,2023-02-21,2023-02-21,1,-0.0279,False
FLOW_pos_cross,2023-02-28,2023-02-28,1,-0.0142,False
FLOW_pos_cross,2023-03-08,2023-03-08,1,-0.0125,False
FLOW_pos_cross,2023-03-17,2023-03-17,1,0.0134,True
FLOW_pos_cross,2023-03-21,2023-03-21,1,0.0112,True
FLOW_pos_cross,2023-03-31,2023-03-31,1,-0.0344,False
FLOW_pos_cross,2023-04-12,2023-04-12,1,-0.0322,False
FLOW_pos_cross,2023-04-28,2023-04-28,1,0.0046,True
FLOW_pos_cross,2023-05-11,2023-05-11,1,0.0118,True
FLOW_pos_cross,2023-06-07,2023-06-07,1,0.0256,True
FLOW_pos_cross,2023-06-09,2023-06-09,1,0.0363,True
FLOW_pos_cross,2023-06-16,2023-06-16,1,0.0099,True
FLOW_pos_cross,2023-06-29,2023-06-29,1,0.0038,True
FLOW_pos_cross,2023-07-10,2023-07-10,1,0.0088,True
FLOW_pos_cross,2023-07-25,2023-07-25,1,-0.0291,False
FLOW_pos_cross,2023-08-08,2023-08-08,1,-0.0304,False
FLOW_pos_cross,2023-08-29,2023-08-29,1,-0.009,False
FLOW_pos_cross,2023-09-06,2023-09-06,1,-0.0269,False
FLOW_pos_cross,2023-09-12,2023-09-12,1,-0.0158,False
FLOW_pos_cross,2023-09-25,2023-09-25,1,-0.0411,False
FLOW_pos_cross,2023-09-28,2023-09-28,1,-0.0189,False
FLOW_pos_cross,2023-10-25,2023-10-25,1,0.0778,True
FLOW_pos_cross,2023-11-03,2023-11-03,1,0.0491,True
FLOW_pos_cross,2023-11-13,2023-11-13,1,0.0179,True
FLOW_pos_cross,2023-11-28,2023-11-28,1,-0.0335,False
FLOW_pos_cross,2023-12-12,2023-12-12,1,-0.0095,False
FLOW_pos_cross,2023-12-21,2023-12-21,1,-0.0244,False
FLOW_pos_cross,2023-12-28,2023-12-28,1,-0.0693,False
FLOW_pos_cross,2024-01-11,2024-01-11,1,-0.177,False
FLOW_pos_cross,2024-01-15,2024-01-15,1,-0.2664,False
FLOW_pos_cross,2024-01-25,2024-01-25,1,-0.0676,False
FLOW_pos_cross,2024-02-08,2024-02-08,1,0.144,True
FLOW_pos_cross,2024-03-06,2024-03-06,1,0.0003,True
FLOW_pos_cross,2024-03-08,2024-03-08,1,0.034,True
FLOW_pos_cross,2024-03-28,2024-03-28,1,-0.0638,False
FLOW_pos_cross,2024-04-19,2024-04-19,1,0.0653,True
FLOW_pos_cross,2024-04-23,2024-04-23,1,0.0834,True
FLOW_pos_cross,2024-05-16,2024-05-16,1,-0.0931,False
FLOW_pos_cross,2024-05-29,2024-05-29,1,-0.0588,False
FLOW_pos_cross,2024-05-31,2024-05-31,1,-0.0942,False
FLOW_pos_cross,2024-06-11,2024-06-11,1,-0.0205,False
FLOW_pos_cross,2024-06-26,2024-06-26,1,-0.0364,False
FLOW_pos_cross,2024-07-02,2024-07-02,1,-0.0425,False
FLOW_pos_cross,2024-07-09,2024-07-09,1,0.0028,True
FLOW_pos_cross,2024-07-11,2024-07-11,1,0.013,True
FLOW_pos_cross,2024-07-22,2024-07-22,1,-0.0101,False
FLOW_pos_cross,2024-07-26,2024-07-26,1,0.01,True
FLOW_pos_cross,2024-08-07,2024-08-07,1,-0.0513,False
FLOW_pos_cross,2024-08-14,2024-08-14,1,-0.0187,False
FLOW_pos_cross,2024-08-28,2024-08-28,1,0.0048,True
FLOW_pos_cross,2024-09-05,2024-09-05,1,0.2425,True
FLOW_pos_cross,2024-09-11,2024-09-11,1,0.2025,True
FLOW_pos_cross,2024-09-20,2024-09-20,1,0.2716,True
FLOW_pos_cross,2024-10-14,2024-10-14,1,0.0945,True
FLOW_pos_cross,2024-10-16,2024-10-16,1,0.1528,True
FLOW_pos_cross,2024-10-18,2024-10-18,1,0.1467,True
FLOW_pos_cross,2024-10-25,2024-10-25,1,0.0485,True
FLOW_pos_cross,2024-11-04,2024-11-04,1,0.0395,True
FLOW_pos_cross,2024-11-20,2024-11-20,1,0.058,True
FLOW_pos_cross,2024-11-27,2024-11-27,1,0.0238,True
FLOW_pos_cross,2024-12-20,2024-12-20,1,-0.1197,False
FLOW_pos_cross,2024-12-24,2024-12-24,1,-0.0521,False
FLOW_pos_cross,2024-12-26,2024-12-26,1,-0.0376,False
FLOW_pos_cross,2025-01-08,2025-01-08,1,0.0585,True
FLOW_pos_cross,2025-01-14,2025-01-14,1,0.0768,True
FLOW_pos_cross,2025-01-20,2025-01-20,1,0.0438,True
FLOW_pos_cross,2025-02-05,2025-02-05,1,0.1053,True
FLOW_pos_cross,2025-02-17,2025-02-17,1,0.0415,True
FLOW_pos_cross,2025-03-04,2025-03-04,1,0.0066,True
FLOW_pos_cross,2025-03-14,2025-03-14,1,-0.1584,False
FLOW_pos_cross,2025-03-27,2025-03-27,1,-0.0635,False
FLOW_pos_cross,2025-04-02,2025-04-02,1,-0.0358,False
FLOW_pos_cross,2025-04-10,2025-04-10,1,0.0721,True
FLOW_pos_cross,2025-04-21,2025-04-21,1,0.0486,True
FLOW_pos_cross,2025-04-29,2025-04-29,1,0.0492,True
FLOW_pos_cross,2025-05-14,2025-05-14,1,0.024,True
FLOW_pos_cross,2025-05-16,2025-05-16,1,0.0417,True
FLOW_pos_cross,2025-05-27,2025-05-27,1,0.0259,True
FLOW_pos_cross,2025-06-03,2025-06-03,1,0.0282,True
FLOW_pos_cross,2025-06-16,2025-06-16,1,0.0369,True
FLOW_pos_cross,2025-06-18,2025-06-18,1,0.052,True
FLOW_pos_cross,2025-06-24,2025-06-24,1,0.0444,True
FLOW_pos_cross,2025-07-07,2025-07-07,1,0.0624,True
FLOW_pos_cross,2025-07-14,2025-07-14,1,0.0424,True
FLOW_pos_cross,2025-07-16,2025-07-16,1,0.0628,True
FLOW_pos_cross,2025-07-25,2025-07-25,1,0.0475,True
FLOW_pos_cross,2025-08-04,2025-08-04,1,0.0854,True
FLOW_pos_cross,2025-08-15,2025-08-15,1,0.0189,True
FLOW_pos_cross,2025-09-05,2025-09-05,1,0.0042,True
FLOW_pos_cross,2025-09-24,2025-09-24,1,0.0006,True
FLOW_pos_cross,2025-09-26,2025-09-26,1,0.029,True
FLOW_pos_cross,2025-09-30,2025-09-30,1,0.0208,True
FLOW_pos_cross,2025-10-15,2025-10-15,1,0.0214,True
FLOW_pos_cross,2025-10-21,2025-10-21,1,0.0377,True
FLOW_pos_cross,2025-11-03,2025-11-03,1,-0.0377,False
FLOW_pos_cross,2025-11-25,2025-11-25,1,-0.015,False
FLOW_pos_cross,2025-12-08,2025-12-08,1,0.0096,True
FLOW_pos_cross,2025-12-19,2025-12-19,1,0.0896,True
FLOW_pos_cross,2026-01-05,2026-01-05,1,0.0797,True
FLOW_pos_cross,2026-01-16,2026-01-16,1,0.0043,True
FLOW_pos_cross,2026-02-03,2026-02-03,1,-0.0139,False
FLOW_pos_cross,2026-02-24,2026-02-24,1,-0.0296,False
FLOW_pos_cross,2026-03-06,2026-03-06,1,-0.06,False
FLOW_pos_cross,2026-03-18,2026-03-18,1,-0.0386,False
FLOW_pos_cross,2026-03-25,2026-03-25,1,0.0406,True
FLOW_pos_cross,2026-04-08,2026-04-08,1,0.0275,True
FLOW_pos_cross,2026-04-27,2026-04-27,1,0.0029,True
FLOW_pos_cross,2026-05-19,2026-05-19,1,-0.0853,False
FLOW_pos_cross,2026-06-01,2026-06-01,1,-0.0208,False
FLOW_pos_cross,2026-06-15,2026-06-15,1,-0.0463,False
FLOW_pos_cross,2026-06-23,2026-06-23,1,-0.0763,False
FLOW_pos_cross,2026-07-01,2026-07-01,1,-0.1242,False
FLOW_pos_cross,2026-07-14,2026-07-14,1,-0.0064,False
FLOW_pos_cross,2026-07-23,2026-07-23,1,,False
FLOW_pos_cross,2026-07-27,2026-07-27,1,,False
FLOW_pos_cross,2026-07-31,2026-07-31,1,,False
dd60,2006-06-09,2006-06-12,2,0.1215,True
dd60,2006-06-14,2006-06-14,1,0.1269,True
dd60,2006-08-02,2006-08-23,16,-0.0022,False
dd60,2007-05-31,2007-06-15,12,0.0172,True
dd60,2007-06-21,2007-07-30,28,-0.1638,False
dd60,2007-08-01,2007-08-02,2,0.1334,True
dd60,2007-08-13,2007-08-13,1,0.1769,True
dd60,2007-10-25,2007-10-30,4,0.0064,True
dd60,2007-11-01,2007-12-07,27,-0.0554,False
dd60,2008-01-22,2008-01-23,2,0.0845,True
dd60,2008-01-28,2008-02-15,10,0.0238,True
dd60,2008-02-25,2008-02-28,4,-0.1048,False
dd60,2008-03-10,2008-03-10,1,-0.1854,False
dd60,2008-03-12,2008-12-02,180,-0.2841,False
dd60,2008-12-31,2008-12-31,1,0.161,True
dd60,2009-02-27,2009-03-03,3,0.1597,True
dd60,2009-03-09,2009-03-09,1,0.1576,True
dd60,2009-08-14,2009-09-10,20,-0.0268,False
dd60,2009-09-24,2009-10-12,7,0.0925,True
dd60,2009-12-22,2009-12-22,1,0.1035,True
dd60,2010-01-26,2010-01-28,3,0.0348,True
dd60,2010-02-01,2010-02-03,3,0.0984,True
dd60,2010-02-05,2010-02-09,3,0.079,True
dd60,2010-04-30,2010-05-04,2,-0.0702,False
dd60,2010-05-06,2010-07-26,55,-0.047,False
dd60,2010-11-17,2010-11-17,1,0.0458,True
dd60,2010-12-28,2010-12-29,2,-0.0135,False
dd60,2011-01-11,2011-01-11,1,-0.0351,False
dd60,2011-01-14,2011-02-10,15,0.0116,True
dd60,2011-05-23,2011-07-01,29,-0.0255,False
dd60,2011-08-08,2011-08-10,3,0.0616,True
dd60,2011-09-05,2011-09-06,2,-0.036,False
dd60,2011-09-08,2011-09-20,8,-0.0923,False
dd60,2011-09-22,2011-11-01,24,-0.0897,False
dd60,2011-11-18,2011-11-28,7,-0.0801,False
dd60,2011-11-30,2011-11-30,1,-0.1254,False
dd60,2011-12-02,2012-02-21,51,-0.1324,False
dd60,2012-03-28,2012-04-05,4,0.0492,True
dd60,2012-04-09,2012-04-09,1,0.0503,True
dd60,2012-07-10,2012-07-10,1,-0.0675,False
dd60,2012-07-16,2012-08-06,16,0.0145,True
dd60,2012-08-13,2012-08-13,1,-0.0141,False
dd60,2012-08-15,2012-08-20,4,-0.0132,False
dd60,2012-08-24,2012-09-05,9,0.0328,True
dd60,2012-09-26,2012-09-26,1,0.0785,True
dd60,2012-11-15,2012-11-20,4,-0.0517,False
dd60,2012-11-22,2012-12-13,16,-0.0275,False
dd60,2013-06-21,2013-07-12,16,-0.0157,False
dd60,2013-07-19,2013-07-22,2,0.0812,True
dd60,2013-07-29,2013-07-31,3,0.0759,True
dd60,2014-04-28,2014-04-28,1,0.0349,True
dd60,2015-06-19,2015-11-05,92,-0.2696,False
dd60,2016-01-04,2016-01-05,2,-0.1428,False
dd60,2016-01-07,2016-04-01,57,-0.1966,False
dd60,2016-05-09,2016-05-13,5,-0.001,False
dd60,2016-05-18,2016-05-20,3,0.1112,True
dd60,2016-05-24,2016-05-25,2,0.0641,True
dd60,2016-05-30,2016-05-30,1,0.0888,True
dd60,2017-01-16,2017-01-19,4,0.0892,True
dd60,2017-04-24,2017-04-26,3,0.0002,True
dd60,2017-05-05,2017-06-30,39,-0.0526,False
dd60,2017-11-27,2017-11-27,1,-0.0037,False
dd60,2017-12-04,2017-12-08,5,-0.023,False
dd60,2017-12-12,2017-12-29,14,0.0228,True
dd60,2018-01-15,2018-01-15,1,-0.0744,False
dd60,2018-01-31,2018-02-26,14,-0.0509,False
dd60,2018-03-23,2018-03-23,1,0.0348,True
dd60,2018-06-15,2018-09-20,69,-0.0696,False
dd60,2018-09-25,2018-09-25,1,-0.1099,False
dd60,2018-09-27,2018-11-09,27,-0.1017,False
dd60,2019-01-02,2019-01-03,2,0.0502,True
dd60,2019-01-31,2019-01-31,1,0.2225,True
dd60,2019-04-29,2019-04-29,1,-0.0554,False
dd60,2019-05-06,2019-06-28,39,0.0309,True
dd60,2019-07-03,2019-07-22,14,-0.034,False
dd60,2020-02-03,2020-02-05,3,0.1809,True
dd60,2020-03-18,2020-03-18,1,0.045,True
dd60,2020-03-23,2020-03-24,2,0.049,True
dd60,2020-03-30,2020-04-03,5,0.0472,True
dd60,2020-04-28,2020-04-29,2,0.0267,True
dd60,2021-01-11,2021-01-11,1,-0.0097,False
dd60,2021-01-13,2021-01-14,2,-0.0155,False
dd60,2021-01-28,2021-02-18,11,0.02,True
dd60,2022-01-27,2022-01-28,2,0.0483,True
dd60,2022-03-08,2022-03-10,3,-0.0218,False
dd60,2022-03-14,2022-03-18,5,0.0167,True
dd60,2022-03-22,2022-03-22,1,-0.0564,False
dd60,2022-03-24,2022-06-01,45,-0.0572,False
dd60,2022-09-19,2022-09-19,1,0.0194,True
dd60,2022-09-23,2022-10-14,11,0.0195,True
dd60,2022-10-24,2022-10-25,2,0.0565,True
dd60,2022-10-28,2022-10-31,2,0.0965,True
dd60,2023-10-23,2023-10-23,1,0.1055,True
dd60,2024-01-19,2024-03-14,34,-0.1426,False
dd60,2024-03-25,2024-03-29,5,-0.0602,False
dd60,2024-04-08,2024-04-08,1,0.0065,True
dd60,2024-04-15,2024-04-23,7,0.0773,True
dd60,2024-06-06,2024-06-11,3,-0.0042,False
dd60,2024-06-17,2024-06-17,1,-0.0753,False
dd60,2024-06-20,2024-08-28,50,-0.0255,False
dd60,2024-10-11,2024-10-11,1,0.1051,True
dd60,2024-10-15,2024-10-17,3,0.148,True
dd60,2024-12-31,2025-02-05,20,-0.0129,False
dd60,2025-04-07,2025-04-11,5,0.0898,True
dd60,2025-04-16,2025-04-16,1,0.0815,True
dd60,2026-03-23,2026-03-24,2,0.0853,True
dd60,2026-04-03,2026-04-07,2,0.0797,True
dd60,2026-06-08,2026-06-08,1,-0.0141,False
dd60,2026-06-10,2026-06-12,3,-0.0,False
dd60,2026-06-25,2026-07-02,6,-0.0565,False
dd60,2026-07-06,2026-08-10,26,-0.0979,False
dev15,2006-03-07,2006-03-10,4,0.0666,True
dev15,2006-07-31,2006-08-10,9,-0.0294,False
dev15,2006-08-14,2006-08-14,1,0.0988,True
dev15,2006-11-13,2006-11-14,2,0.1383,True
dev15,2006-11-16,2006-11-16,1,0.1112,True
dev15,2007-06-01,2007-06-11,7,0.0278,True
dev15,2007-06-25,2007-07-11,13,-0.082,False
dev15,2007-07-16,2007-07-16,1,0.2768,True
dev15,2007-10-22,2007-10-30,7,-0.1106,False
dev15,2007-11-01,2007-11-05,3,-0.0554,False
dev15,2007-11-08,2007-11-13,4,0.0108,True
dev15,2008-01-21,2008-02-04,11,-0.0276,False
dev15,2008-03-13,2008-04-23,29,-0.2392,False
dev15,2008-05-20,2008-05-20,1,-0.1491,False
dev15,2008-05-23,2008-05-27,3,-0.2131,False
dev15,2008-05-29,2008-05-30,2,-0.2535,False
dev15,2008-06-04,2008-06-25,15,-0.1884,False
dev15,2008-06-27,2008-07-02,4,0.0761,True
dev15,2008-08-05,2008-08-28,18,-0.2203,False
dev15,2008-09-01,2008-09-03,3,-0.0966,False
dev15,2008-09-05,2008-09-18,9,-0.0552,False
dev15,2008-10-09,2008-11-07,22,-0.185,False
dev15,2008-12-24,2008-12-31,6,0.105,True
dev15,2009-02-26,2009-03-03,4,0.0939,True
dev15,2009-03-09,2009-03-09,1,0.1576,True
dev15,2009-04-27,2009-04-27,1,0.1472,True
dev15,2009-08-12,2009-08-25,10,-0.1274,False
dev15,2009-08-31,2009-09-02,3,0.173,True
dev15,2009-09-25,2009-09-30,4,0.1039,True
dev15,2009-12-18,2009-12-23,4,0.0749,True
dev15,2010-01-25,2010-02-03,8,-0.0107,False
dev15,2010-02-05,2010-02-05,1,0.079,True
dev15,2010-04-19,2010-04-19,1,-0.1264,False
dev15,2010-04-27,2010-05-21,18,-0.1672,False
dev15,2010-06-18,2010-06-18,1,-0.0372,False
dev15,2010-06-29,2010-07-08,8,0.0626,True
dev15,2010-11-17,2010-11-18,2,0.0458,True
dev15,2010-12-27,2010-12-30,4,-0.0558,False
dev15,2011-01-17,2011-01-26,8,0.0747,True
dev15,2011-04-26,2011-05-06,8,-0.0159,False
dev15,2011-05-23,2011-06-02,9,-0.0255,False
dev15,2011-06-20,2011-06-20,1,0.1406,True
dev15,2011-07-25,2011-07-26,2,0.0027,True
dev15,2011-08-08,2011-08-10,3,0.0616,True
dev15,2011-09-05,2011-09-06,2,-0.036,False
dev15,2011-09-13,2011-09-13,1,-0.078,False
dev15,2011-09-19,2011-09-19,1,-0.0216,False
dev15,2011-09-26,2011-09-26,1,-0.0702,False
dev15,2011-09-28,2011-10-11,5,-0.023,False
dev15,2011-10-20,2011-10-24,3,0.0928,True
dev15,2011-11-25,2011-11-25,1,-0.1288,False
dev15,2011-11-30,2011-11-30,1,-0.1254,False
dev15,2011-12-02,2012-01-06,24,-0.1324,False
dev15,2012-01-16,2012-01-16,1,0.137,True
dev15,2012-03-28,2012-04-05,4,0.0492,True
dev15,2012-04-09,2012-04-09,1,0.0503,True
dev15,2012-06-28,2012-06-28,1,-0.0195,False
dev15,2012-07-09,2012-07-10,2,-0.0592,False
dev15,2012-07-16,2012-07-17,2,0.0145,True
dev15,2012-07-30,2012-08-02,4,0.0329,True
dev15,2012-08-30,2012-08-30,1,0.0084,True
dev15,2012-09-20,2012-09-27,6,0.0399,True
dev15,2012-11-13,2012-11-13,1,-0.1004,False
dev15,2012-11-15,2012-11-20,4,-0.0517,False
dev15,2012-11-27,2012-12-04,6,0.0704,True
dev15,2013-03-18,2013-03-18,1,-0.0003,False
dev15,2013-04-15,2013-04-15,1,0.0643,True
dev15,2013-06-07,2013-07-01,14,-0.0784,False
dev15,2013-07-08,2013-07-08,1,0.0717,True
dev15,2013-10-28,2013-11-01,5,0.0232,True
dev15,2013-11-08,2013-11-08,1,0.1097,True
dev15,2013-12-23,2013-12-23,1,0.0034,True
dev15,2014-01-10,2014-01-13,2,0.0912,True
dev15,2014-02-27,2014-02-27,1,0.0028,True
dev15,2014-03-10,2014-03-11,2,-0.0073,False
dev15,2014-04-25,2014-04-30,4,-0.0118,False
dev15,2014-10-23,2014-10-23,1,0.049,True
dev15,2014-12-22,2014-12-24,3,0.0162,True
dev15,2014-12-30,2014-12-31,2,0.0999,True
dev15,2015-06-19,2015-07-13,16,-0.2696,False
dev15,2015-07-15,2015-07-15,1,0.092,True
dev15,2015-08-03,2015-08-03,1,-0.0456,False
dev15,2015-08-21,2015-09-10,13,-0.2776,False
dev15,2015-09-14,2015-09-15,2,0.1793,True
dev15,2015-09-17,2015-09-17,1,0.2342,True
dev15,2016-01-04,2016-01-22,15,-0.1428,False
dev15,2016-01-26,2016-02-02,6,0.12,True
dev15,2016-02-29,2016-03-01,2,0.1815,True
dev15,2016-03-04,2016-03-04,1,0.1329,True
dev15,2016-03-09,2016-03-11,3,0.1357,True
dev15,2016-04-21,2016-04-25,3,-0.0459,False
dev15,2016-05-09,2016-05-13,5,-0.001,False
dev15,2016-05-18,2016-05-19,2,0.1112,True
dev15,2016-07-27,2016-08-02,5,0.0528,True
dev15,2016-12-12,2016-12-15,4,0.0379,True
dev15,2017-01-16,2017-01-19,4,0.0892,True
dev15,2017-04-17,2017-04-27,9,-0.062,False
dev15,2017-05-08,2017-05-08,1,-0.0334,False
dev15,2017-05-10,2017-05-12,3,-0.04,False
dev15,2017-05-23,2017-05-24,2,0.0577,True
dev15,2017-06-01,2017-06-01,1,0.0618,True
dev15,2017-07-17,2017-07-19,3,0.0596,True
dev15,2017-11-17,2017-11-29,9,-0.0346,False
dev15,2017-12-05,2017-12-06,2,0.0165,True
dev15,2018-01-31,2018-02-14,11,-0.0509,False
dev15,2018-03-23,2018-03-26,2,0.0348,True
dev15,2018-04-20,2018-04-23,2,0.0395,True
dev15,2018-05-30,2018-06-04,4,-0.1246,False
dev15,2018-06-11,2018-06-11,1,-0.0879,False
dev15,2018-06-13,2018-06-28,11,-0.1207,False
dev15,2018-07-05,2018-07-05,1,0.0697,True
dev15,2018-08-02,2018-08-08,5,-0.0268,False
dev15,2018-08-17,2018-08-17,1,-0.004,False
dev15,2018-09-10,2018-09-10,1,-0.0134,False
dev15,2018-09-17,2018-09-17,1,-0.1086,False
dev15,2018-10-11,2018-10-19,7,0.0139,True
dev15,2018-11-29,2018-11-29,1,-0.0078,False
dev15,2018-12-19,2018-12-19,1,0.0273,True
dev15,2018-12-27,2018-12-27,1,0.0553,True
dev15,2019-01-03,2019-01-03,1,0.0614,True
dev15,2019-01-30,2019-01-31,2,0.1945,True
dev15,2019-04-25,2019-05-14,11,-0.0752,False
dev15,2019-05-17,2019-05-17,1,-0.0293,False
dev15,2019-06-06,2019-06-06,1,0.0634,True
dev15,2019-07-22,2019-07-22,1,-0.0185,False
dev15,2019-08-06,2019-08-09,4,0.0641,True
dev15,2019-09-26,2019-10-08,4,0.0096,True
dev15,2020-01-23,2020-02-07,6,0.0625,True
dev15,2020-03-16,2020-03-24,7,0.0131,True
dev15,2020-03-30,2020-03-30,1,0.0472,True
dev15,2020-04-28,2020-04-28,1,0.0267,True
dev15,2020-09-10,2020-09-11,2,0.0249,True
dev15,2020-09-28,2020-09-28,1,0.0391,True
dev15,2020-10-30,2020-11-02,2,0.048,True
dev15,2020-12-11,2020-12-11,1,0.0045,True
dev15,2020-12-24,2020-12-24,1,-0.0223,False
dev15,2021-01-11,2021-01-11,1,-0.0097,False
dev15,2021-01-13,2021-01-14,2,-0.0155,False
dev15,2021-02-03,2021-02-08,4,0.0684,True
dev15,2021-07-28,2021-07-28,1,0.0781,True
dev15,2021-09-27,2021-09-30,4,-0.0026,False
dev15,2021-10-28,2021-10-28,1,0.0893,True
dev15,2022-01-21,2022-02-07,7,-0.0186,False
dev15,2022-03-08,2022-03-10,3,-0.0218,False
dev15,2022-03-14,2022-03-17,4,0.0167,True
dev15,2022-04-11,2022-04-11,1,-0.0873,False
dev15,2022-04-13,2022-04-18,4,-0.08,False
dev15,2022-04-21,2022-05-06,9,-0.0017,False
dev15,2022-08-31,2022-09-01,2,-0.0296,False
dev15,2022-09-16,2022-09-20,3,-0.0097,False
dev15,2022-09-23,2022-10-11,8,0.0195,True
dev15,2022-12-19,2022-12-23,5,0.0209,True
dev15,2023-04-21,2023-04-27,5,0.0045,True
dev15,2023-08-23,2023-08-28,4,0.0247,True
dev15,2023-10-20,2023-10-23,2,0.0679,True
dev15,2023-12-26,2023-12-26,1,-0.0286,False
dev15,2024-01-17,2024-01-24,6,-0.2349,False
dev15,2024-01-29,2024-02-19,10,0.0095,True
dev15,2024-03-27,2024-03-27,1,-0.037,False
dev15,2024-04-15,2024-04-23,7,0.0773,True
dev15,2024-06-04,2024-06-11,5,-0.0446,False
dev15,2024-06-24,2024-06-25,2,-0.0051,False
dev15,2024-07-04,2024-07-04,1,-0.0184,False
dev15,2024-07-08,2024-07-08,1,0.0152,True
dev15,2024-08-22,2024-08-23,2,0.0023,True
dev15,2024-08-27,2024-08-27,1,0.013,True
dev15,2024-12-23,2024-12-26,4,-0.039,False
dev15,2024-12-30,2025-01-13,10,-0.0256,False
dev15,2025-03-31,2025-03-31,1,-0.0205,False
dev15,2025-04-07,2025-04-11,5,0.0898,True
dev15,2025-11-21,2025-11-24,2,0.0304,True
dev15,2026-03-19,2026-03-26,6,-0.0055,False
dev15,2026-04-03,2026-04-03,1,0.0797,True
dev15,2026-05-27,2026-06-12,13,-0.0276,False
dev15,2026-06-26,2026-06-29,2,-0.0765,False
dev15,2026-07-07,2026-07-09,3,-0.0803,False
dev15,2026-07-13,2026-07-14,2,-0.0097,False
dev15,2026-07-16,2026-07-24,7,0.0208,True
rsi14,2006-03-07,2006-03-13,5,0.0666,True
rsi14,2006-07-31,2006-08-15,12,-0.0294,False
rsi14,2006-08-18,2006-08-18,1,0.0707,True
rsi14,2006-11-10,2006-11-20,7,0.0791,True
rsi14,2007-06-04,2007-06-06,3,0.0498,True
rsi14,2007-06-25,2007-06-26,2,-0.082,False
rsi14,2007-06-28,2007-07-19,16,-0.0277,False
rsi14,2007-10-22,2007-10-30,7,-0.1106,False
rsi14,2007-11-01,2007-11-16,12,-0.0554,False
rsi14,2007-11-22,2007-11-28,5,0.0848,True
rsi14,2007-11-30,2007-11-30,1,0.1462,True
rsi14,2008-01-22,2008-01-22,1,0.0845,True
rsi14,2008-01-28,2008-02-01,5,0.0238,True
rsi14,2008-03-13,2008-04-23,29,-0.2392,False
rsi14,2008-05-26,2008-05-27,2,-0.2309,False
rsi14,2008-05-29,2008-05-30,2,-0.2535,False
rsi14,2008-06-04,2008-07-04,22,-0.1884,False
rsi14,2008-07-16,2008-07-17,2,0.0027,True
rsi14,2008-08-04,2008-09-19,34,-0.2001,False
rsi14,2008-09-23,2008-09-25,3,-0.126,False
rsi14,2008-10-06,2008-11-07,25,-0.2149,False
rsi14,2009-08-14,2009-08-21,6,-0.0268,False
rsi14,2009-08-25,2009-08-25,1,0.0994,True
rsi14,2009-08-31,2009-09-02,3,0.173,True
rsi14,2009-09-28,2009-09-30,3,0.1061,True
rsi14,2009-12-18,2009-12-23,4,0.0749,True
rsi14,2010-01-26,2010-02-03,7,0.0348,True
rsi14,2010-02-05,2010-02-09,3,0.079,True
rsi14,2010-04-27,2010-05-26,21,-0.1672,False
rsi14,2010-05-31,2010-06-07,6,0.0126,True
rsi14,2010-06-18,2010-06-18,1,-0.0372,False
rsi14,2010-06-25,2010-07-09,11,-0.065,False
rsi14,2010-07-13,2010-07-13,1,0.1107,True
rsi14,2010-07-15,2010-07-16,2,0.143,True
rsi14,2010-11-17,2010-11-17,1,0.0458,True
rsi14,2010-12-24,2010-12-30,5,-0.0861,False
rsi14,2011-01-10,2011-01-28,15,-0.0434,False
rsi14,2011-02-09,2011-02-09,1,0.1032,True
rsi14,2011-03-31,2011-03-31,1,0.0077,True
rsi14,2011-04-25,2011-05-10,11,-0.0384,False
rsi14,2011-05-12,2011-06-23,30,-0.0848,False
rsi14,2011-08-05,2011-08-11,5,0.0127,True
rsi14,2011-08-18,2011-08-22,3,-0.0244,False
rsi14,2011-09-02,2011-09-20,12,-0.0634,False
rsi14,2011-09-22,2011-10-14,12,-0.0897,False
rsi14,2011-10-18,2011-10-26,7,0.0506,True
rsi14,2011-11-24,2011-11-28,3,-0.1597,False
rsi14,2011-11-30,2012-02-01,39,-0.1254,False
rsi14,2012-03-28,2012-04-10,7,0.0492,True
rsi14,2012-05-25,2012-05-25,1,0.0147,True
rsi14,2012-06-04,2012-06-08,5,-0.0203,False
rsi14,2012-06-12,2012-06-12,1,-0.014,False
rsi14,2012-06-25,2012-07-02,6,-0.0639,False
rsi14,2012-07-04,2012-08-03,23,-0.0548,False
rsi14,2012-08-27,2012-08-31,5,0.025,True
rsi14,2012-09-04,2012-09-04,1,-0.0155,False
rsi14,2012-09-20,2012-09-27,6,0.0399,True
rsi14,2012-10-26,2012-10-31,4,-0.0458,False
rsi14,2012-11-08,2012-12-06,21,-0.1119,False
rsi14,2013-03-18,2013-03-18,1,-0.0003,False
rsi14,2013-03-28,2013-03-29,2,0.0116,True
rsi14,2013-04-02,2013-04-17,10,-0.006,False
rsi14,2013-04-23,2013-04-23,1,0.0869,True
rsi14,2013-04-26,2013-05-02,2,0.1221,True
rsi14,2013-06-13,2013-06-14,2,-0.0417,False
rsi14,2013-06-19,2013-07-10,16,-0.0726,False
rsi14,2013-10-29,2013-11-04,5,0.0573,True
rsi14,2013-11-07,2013-11-11,3,0.0832,True
rsi14,2013-11-13,2013-11-13,1,0.0823,True
rsi14,2013-12-20,2013-12-24,3,-0.0215,False
rsi14,2013-12-26,2013-12-26,1,-0.005,False
rsi14,2014-01-06,2014-01-06,1,0.0449,True
rsi14,2014-01-09,2014-01-13,3,0.0528,True
rsi14,2014-01-20,2014-01-20,1,0.16,True
rsi14,2014-03-10,2014-03-12,3,-0.0073,False
rsi14,2014-03-28,2014-03-31,2,0.0311,True
rsi14,2014-04-24,2014-05-09,10,-0.0377,False
rsi14,2014-05-15,2014-05-20,4,0.0327,True
rsi14,2014-06-19,2014-06-19,1,0.0833,True
rsi14,2014-12-22,2014-12-23,2,0.0162,True
rsi14,2014-12-30,2014-12-30,1,0.0999,True
rsi14,2015-06-26,2015-07-16,15,-0.134,False
rsi14,2015-07-28,2015-07-28,1,0.1096,True
rsi14,2015-08-03,2015-08-03,1,-0.0456,False
rsi14,2015-08-21,2015-09-18,19,-0.2776,False
rsi14,2015-09-25,2015-09-25,1,0.243,True
rsi14,2016-01-04,2016-02-15,26,-0.1428,False
rsi14,2016-02-25,2016-03-01,4,0.0287,True
rsi14,2016-03-04,2016-03-04,1,0.1329,True
rsi14,2016-03-09,2016-03-11,3,0.1357,True
rsi14,2016-05-09,2016-05-20,10,-0.001,False
rsi14,2016-05-24,2016-05-25,2,0.0641,True
rsi14,2016-07-29,2016-08-02,3,0.0642,True
rsi14,2016-12-12,2016-12-20,7,0.0379,True
rsi14,2016-12-23,2016-12-23,1,-0.0519,False
rsi14,2016-12-29,2016-12-29,1,-0.0329,False
rsi14,2017-01-12,2017-01-24,9,0.0192,True
rsi14,2017-03-30,2017-03-31,2,-0.0767,False
rsi14,2017-04-14,2017-06-06,35,-0.0891,False
rsi14,2017-06-12,2017-06-12,1,0.0508,True
rsi14,2017-07-17,2017-07-26,8,0.0596,True
rsi14,2017-08-11,2017-08-11,1,0.0841,True
rsi14,2017-10-19,2017-10-19,1,0.0176,True
rsi14,2017-10-30,2017-10-30,1,-0.0299,False
rsi14,2017-11-02,2017-11-03,2,-0.0557,False
rsi14,2017-11-17,2017-12-28,30,-0.0346,False
rsi14,2018-01-15,2018-01-16,2,-0.0744,False
rsi14,2018-01-29,2018-02-23,15,-0.081,False
rsi14,2018-03-23,2018-03-26,2,0.0348,True
rsi14,2018-04-17,2018-04-17,1,0.0347,True
rsi14,2018-04-20,2018-04-23,2,0.0395,True
rsi14,2018-04-26,2018-05-02,3,0.0517,True
rsi14,2018-05-30,2018-06-05,5,-0.1246,False
rsi14,2018-06-07,2018-07-12,25,-0.1059,False
rsi14,2018-07-19,2018-07-19,1,-0.0252,False
rsi14,2018-08-01,2018-08-10,8,-0.06,False
rsi14,2018-08-15,2018-08-24,8,-0.0322,False
rsi14,2018-08-30,2018-09-18,14,-0.0216,False
rsi14,2018-09-20,2018-09-20,1,-0.1327,False
rsi14,2018-09-27,2018-09-27,1,-0.1017,False
rsi14,2018-10-08,2018-10-30,17,-0.0874,False
rsi14,2018-12-18,2019-01-03,11,0.0056,True
rsi14,2019-01-29,2019-02-01,4,0.1787,True
rsi14,2019-04-26,2019-05-15,11,-0.0686,False
rsi14,2019-05-17,2019-05-28,8,-0.0293,False
rsi14,2019-05-30,2019-05-30,1,0.0273,True
rsi14,2019-06-03,2019-06-10,5,0.03,True
rsi14,2019-06-14,2019-06-18,3,0.055,True
rsi14,2019-07-08,2019-07-08,1,0.0039,True
rsi14,2019-07-10,2019-07-11,2,0.0057,True
rsi14,2019-07-18,2019-07-18,1,-0.0458,False
rsi14,2019-07-22,2019-07-23,2,-0.0185,False
rsi14,2019-08-02,2019-08-16,11,0.0122,True
rsi14,2019-09-26,2019-09-26,1,0.0096,True
rsi14,2019-09-30,2019-10-08,2,0.0354,True
rsi14,2019-10-21,2019-10-21,1,-0.0254,False
rsi14,2019-10-31,2019-10-31,1,-0.0055,False
rsi14,2019-11-06,2019-11-06,1,-0.024,False
rsi14,2019-11-11,2019-11-18,6,-0.0034,False
rsi14,2019-11-22,2019-12-02,7,0.0353,True
rsi14,2020-02-03,2020-02-06,4,0.1809,True
rsi14,2020-03-16,2020-03-24,7,0.0131,True
rsi14,2020-03-26,2020-04-03,7,0.0138,True
rsi14,2020-04-28,2020-04-29,2,0.0267,True
rsi14,2020-05-22,2020-05-25,2,0.0616,True
rsi14,2020-09-10,2020-09-11,2,0.0249,True
rsi14,2020-09-24,2020-09-30,5,0.0153,True
rsi14,2020-10-30,2020-11-02,2,0.048,True
rsi14,2020-12-09,2020-12-31,17,-0.0409,False
rsi14,2021-01-07,2021-01-15,7,-0.0262,False
rsi14,2021-01-25,2021-02-10,13,0.0128,True
rsi14,2021-03-10,2021-03-10,1,0.0402,True
rsi14,2021-07-27,2021-07-28,2,0.0436,True
rsi14,2021-09-27,2021-09-30,4,-0.0026,False
rsi14,2021-10-12,2021-10-13,2,-0.0163,False
rsi14,2021-10-15,2021-10-15,1,-0.0019,False
rsi14,2021-10-22,2021-10-22,1,0.0471,True
rsi14,2021-10-26,2021-10-29,4,0.0433,True
rsi14,2021-11-02,2021-11-03,2,0.0984,True
rsi14,2022-01-20,2022-02-08,9,-0.037,False
rsi14,2022-02-11,2022-02-15,3,0.0265,True
rsi14,2022-03-07,2022-03-18,10,-0.0442,False
rsi14,2022-03-25,2022-03-29,3,-0.0487,False
rsi14,2022-04-07,2022-05-10,21,-0.1732,False
rsi14,2022-08-31,2022-09-05,4,-0.0296,False
rsi14,2022-09-15,2022-10-13,16,-0.0541,False
rsi14,2022-10-28,2022-10-28,1,0.0965,True
rsi14,2022-12-19,2022-12-30,10,0.0209,True
rsi14,2023-03-14,2023-03-14,1,0.0152,True
rsi14,2023-03-16,2023-03-20,3,0.0329,True
rsi14,2023-04-21,2023-04-28,6,0.0045,True
rsi14,2023-05-05,2023-05-05,1,0.0111,True
rsi14,2023-05-09,2023-05-10,2,0.0208,True
rsi14,2023-05-12,2023-05-12,1,0.0293,True
rsi14,2023-05-16,2023-05-16,1,0.0103,True
rsi14,2023-06-26,2023-06-26,1,0.0423,True
rsi14,2023-08-09,2023-08-09,1,-0.016,False
rsi14,2023-08-11,2023-08-28,12,-0.0065,False
rsi14,2023-09-14,2023-09-15,2,0.0013,True
rsi14,2023-09-19,2023-09-21,3,-0.0228,False
rsi14,2023-09-26,2023-09-26,1,-0.0239,False
rsi14,2023-10-16,2023-10-26,9,0.0269,True
rsi14,2023-12-18,2023-12-27,8,-0.0258,False
rsi14,2024-01-05,2024-02-21,28,-0.074,False
rsi14,2024-04-15,2024-04-23,7,0.0773,True
rsi14,2024-05-30,2024-05-30,1,-0.0533,False
rsi14,2024-06-03,2024-07-10,27,-0.077,False
rsi14,2024-07-15,2024-07-29,11,-0.0084,False
rsi14,2024-08-05,2024-08-05,1,-0.0244,False
rsi14,2024-08-20,2024-08-29,8,-0.0087,False
rsi14,2024-09-06,2024-09-09,2,0.3769,True
rsi14,2024-09-11,2024-09-18,4,0.2025,True
rsi14,2024-12-23,2024-12-23,1,-0.039,False
rsi14,2024-12-25,2024-12-25,1,-0.0267,False
rsi14,2024-12-30,2025-01-13,10,-0.0256,False
rsi14,2025-03-31,2025-03-31,1,-0.0205,False
rsi14,2025-04-07,2025-04-11,5,0.0898,True
rsi14,2025-04-16,2025-04-18,3,0.0815,True
rsi14,2025-10-17,2025-10-17,1,0.0585,True
rsi14,2025-11-21,2025-11-24,2,0.0304,True
rsi14,2025-11-26,2025-11-26,1,-0.0042,False
rsi14,2025-12-04,2025-12-04,1,0.0353,True
rsi14,2025-12-16,2025-12-18,3,0.09,True
rsi14,2026-03-03,2026-03-04,2,-0.0566,False
rsi14,2026-03-17,2026-03-17,1,-0.018,False
rsi14,2026-03-19,2026-03-31,9,-0.0055,False
rsi14,2026-04-02,2026-04-07,3,0.0489,True
rsi14,2026-05-27,2026-06-15,14,-0.0276,False
rsi14,2026-06-17,2026-06-18,2,-0.0572,False
rsi14,2026-06-24,2026-06-30,5,-0.0634,False
rsi14,2026-07-02,2026-07-02,1,-0.1016,False
rsi14,2026-07-06,2026-07-31,20,-0.0979,False
B1_oversold,2006-08-02,2006-08-10,7,-0.0022,False
B1_oversold,2006-08-14,2006-08-14,1,0.0988,True
B1_oversold,2007-06-04,2007-06-06,3,0.0498,True
B1_oversold,2007-06-25,2007-06-26,2,-0.082,False
B1_oversold,2007-06-28,2007-07-11,10,-0.0277,False
B1_oversold,2007-07-16,2007-07-16,1,0.2768,True
B1_oversold,2007-10-25,2007-10-30,4,0.0064,True
B1_oversold,2007-11-01,2007-11-05,3,-0.0554,False
B1_oversold,2007-11-08,2007-11-13,4,0.0108,True
B1_oversold,2008-01-22,2008-01-22,1,0.0845,True
B1_oversold,2008-01-28,2008-02-01,5,0.0238,True
B1_oversold,2008-03-13,2008-04-23,29,-0.2392,False
B1_oversold,2008-05-26,2008-05-27,2,-0.2309,False
B1_oversold,2008-05-29,2008-05-30,2,-0.2535,False
B1_oversold,2008-06-04,2008-06-25,15,-0.1884,False
B1_oversold,2008-06-27,2008-07-02,4,0.0761,True
B1_oversold,2008-08-05,2008-08-28,18,-0.2203,False
B1_oversold,2008-09-01,2008-09-03,3,-0.0966,False
B1_oversold,2008-09-05,2008-09-18,9,-0.0552,False
B1_oversold,2008-10-09,2008-11-07,22,-0.185,False
B1_oversold,2009-08-14,2009-08-21,6,-0.0268,False
B1_oversold,2009-08-25,2009-08-25,1,0.0994,True
B1_oversold,2009-08-31,2009-09-02,3,0.173,True
B1_oversold,2009-09-28,2009-09-30,3,0.1061,True
B1_oversold,2009-12-22,2009-12-22,1,0.1035,True
B1_oversold,2010-01-26,2010-01-28,3,0.0348,True
B1_oversold,2010-02-01,2010-02-03,3,0.0984,True
B1_oversold,2010-02-05,2010-02-05,1,0.079,True
B1_oversold,2010-04-30,2010-05-04,2,-0.0702,False
B1_oversold,2010-05-06,2010-05-21,12,-0.047,False
B1_oversold,2010-06-18,2010-06-18,1,-0.0372,False
B1_oversold,2010-06-29,2010-07-08,8,0.0626,True
B1_oversold,2010-11-17,2010-11-17,1,0.0458,True
B1_oversold,2010-12-28,2010-12-29,2,-0.0135,False
B1_oversold,2011-01-17,2011-01-26,8,0.0747,True
B1_oversold,2011-05-23,2011-06-02,9,-0.0255,False
B1_oversold,2011-06-20,2011-06-20,1,0.1406,True
B1_oversold,2011-08-08,2011-08-10,3,0.0616,True
B1_oversold,2011-09-05,2011-09-06,2,-0.036,False
B1_oversold,2011-09-13,2011-09-13,1,-0.078,False
B1_oversold,2011-09-19,2011-09-19,1,-0.0216,False
B1_oversold,2011-09-26,2011-09-26,1,-0.0702,False
B1_oversold,2011-09-28,2011-10-11,5,-0.023,False
B1_oversold,2011-10-20,2011-10-24,3,0.0928,True
B1_oversold,2011-11-25,2011-11-25,1,-0.1288,False
B1_oversold,2011-11-30,2011-11-30,1,-0.1254,False
B1_oversold,2011-12-02,2012-01-06,24,-0.1324,False
B1_oversold,2012-01-16,2012-01-16,1,0.137,True
B1_oversold,2012-03-28,2012-04-05,4,0.0492,True
B1_oversold,2012-04-09,2012-04-09,1,0.0503,True
B1_oversold,2012-07-10,2012-07-10,1,-0.0675,False
B1_oversold,2012-07-16,2012-07-17,2,0.0145,True
B1_oversold,2012-07-30,2012-08-02,4,0.0329,True
B1_oversold,2012-08-30,2012-08-30,1,0.0084,True
B1_oversold,2012-09-26,2012-09-26,1,0.0785,True
B1_oversold,2012-11-15,2012-11-20,4,-0.0517,False
B1_oversold,2012-11-27,2012-12-04,6,0.0704,True
B1_oversold,2013-06-21,2013-07-01,7,-0.0157,False
B1_oversold,2013-07-08,2013-07-08,1,0.0717,True
B1_oversold,2014-04-28,2014-04-28,1,0.0349,True
B1_oversold,2015-06-26,2015-07-13,12,-0.134,False
B1_oversold,2015-07-15,2015-07-15,1,0.092,True
B1_oversold,2015-08-03,2015-08-03,1,-0.0456,False
B1_oversold,2015-08-21,2015-09-10,13,-0.2776,False
B1_oversold,2015-09-14,2015-09-15,2,0.1793,True
B1_oversold,2015-09-17,2015-09-17,1,0.2342,True
B1_oversold,2016-01-04,2016-01-05,2,-0.1428,False
B1_oversold,2016-01-07,2016-01-22,12,-0.1966,False
B1_oversold,2016-01-26,2016-02-02,6,0.12,True
B1_oversold,2016-02-29,2016-03-01,2,0.1815,True
B1_oversold,2016-03-04,2016-03-04,1,0.1329,True
B1_oversold,2016-03-09,2016-03-11,3,0.1357,True
B1_oversold,2016-05-09,2016-05-13,5,-0.001,False
B1_oversold,2016-05-18,2016-05-19,2,0.1112,True
B1_oversold,2017-01-16,2017-01-19,4,0.0892,True
B1_oversold,2017-04-24,2017-04-26,3,0.0002,True
B1_oversold,2017-05-08,2017-05-08,1,-0.0334,False
B1_oversold,2017-05-10,2017-05-12,3,-0.04,False
B1_oversold,2017-05-23,2017-05-24,2,0.0577,True
B1_oversold,2017-06-01,2017-06-01,1,0.0618,True
B1_oversold,2017-11-27,2017-11-27,1,-0.0037,False
B1_oversold,2017-12-05,2017-12-06,2,0.0165,True
B1_oversold,2018-01-31,2018-02-14,11,-0.0509,False
B1_oversold,2018-03-23,2018-03-23,1,0.0348,True
B1_oversold,2018-06-15,2018-06-28,9,-0.0696,False
B1_oversold,2018-07-05,2018-07-05,1,0.0697,True
B1_oversold,2018-08-02,2018-08-08,5,-0.0268,False
B1_oversold,2018-08-17,2018-08-17,1,-0.004,False
B1_oversold,2018-09-10,2018-09-10,1,-0.0134,False
B1_oversold,2018-09-17,2018-09-17,1,-0.1086,False
B1_oversold,2018-10-11,2018-10-19,7,0.0139,True
B1_oversold,2019-01-03,2019-01-03,1,0.0614,True
B1_oversold,2019-01-31,2019-01-31,1,0.2225,True
B1_oversold,2019-04-29,2019-04-29,1,-0.0554,False
B1_oversold,2019-05-06,2019-05-14,7,0.0309,True
B1_oversold,2019-05-17,2019-05-17,1,-0.0293,False
B1_oversold,2019-06-06,2019-06-06,1,0.0634,True
B1_oversold,2019-07-22,2019-07-22,1,-0.0185,False
B1_oversold,2020-02-03,2020-02-05,3,0.1809,True
B1_oversold,2020-03-18,2020-03-18,1,0.045,True
B1_oversold,2020-03-23,2020-03-24,2,0.049,True
B1_oversold,2020-03-30,2020-03-30,1,0.0472,True
B1_oversold,2020-04-28,2020-04-28,1,0.0267,True
B1_oversold,2021-01-11,2021-01-11,1,-0.0097,False
B1_oversold,2021-01-13,2021-01-14,2,-0.0155,False
B1_oversold,2021-02-03,2021-02-08,4,0.0684,True
B1_oversold,2022-01-27,2022-01-28,2,0.0483,True
B1_oversold,2022-03-08,2022-03-10,3,-0.0218,False
B1_oversold,2022-03-14,2022-03-17,4,0.0167,True
B1_oversold,2022-04-11,2022-04-11,1,-0.0873,False
B1_oversold,2022-04-13,2022-04-18,4,-0.08,False
B1_oversold,2022-04-21,2022-05-06,9,-0.0017,False
B1_oversold,2022-09-19,2022-09-19,1,0.0194,True
B1_oversold,2022-09-23,2022-10-11,8,0.0195,True
B1_oversold,2023-10-23,2023-10-23,1,0.1055,True
B1_oversold,2024-01-19,2024-01-24,4,-0.1426,False
B1_oversold,2024-01-29,2024-02-19,10,0.0095,True
B1_oversold,2024-04-15,2024-04-23,7,0.0773,True
B1_oversold,2024-06-06,2024-06-11,3,-0.0042,False
B1_oversold,2024-06-24,2024-06-25,2,-0.0051,False
B1_oversold,2024-07-04,2024-07-04,1,-0.0184,False
B1_oversold,2024-07-08,2024-07-08,1,0.0152,True
B1_oversold,2024-08-22,2024-08-23,2,0.0023,True
B1_oversold,2024-08-27,2024-08-27,1,0.013,True
B1_oversold,2024-12-31,2025-01-13,9,-0.0129,False
B1_oversold,2025-04-07,2025-04-11,5,0.0898,True
B1_oversold,2026-03-23,2026-03-24,2,0.0853,True
B1_oversold,2026-04-03,2026-04-03,1,0.0797,True
B1_oversold,2026-06-08,2026-06-08,1,-0.0141,False
B1_oversold,2026-06-10,2026-06-12,3,-0.0,False
B1_oversold,2026-06-26,2026-06-29,2,-0.0765,False
B1_oversold,2026-07-07,2026-07-09,3,-0.0803,False
B1_oversold,2026-07-13,2026-07-14,2,-0.0097,False
B1_oversold,2026-07-16,2026-07-24,7,0.0208,True
C_crisis,2008-06-18,2008-06-18,1,0.0643,True
C_crisis,2008-06-25,2008-06-25,1,-0.0093,False
C_crisis,2008-07-07,2008-07-07,1,0.0616,True
C_crisis,2008-08-20,2008-08-20,1,-0.1689,False
C_crisis,2008-09-19,2008-09-19,1,-0.1732,False
C_crisis,2008-11-10,2008-11-10,1,0.152,True
C_crisis,2008-11-19,2008-11-19,1,0.1486,True
C_crisis,2009-03-04,2009-03-04,1,0.068,True
C_crisis,2015-07-09,2015-07-13,3,0.2748,True
C_crisis,2015-08-28,2015-08-28,1,-0.0599,False
C_crisis,2015-09-08,2015-09-08,1,-0.0058,False
C_crisis,2015-09-16,2015-09-16,1,0.1633,True
C_crisis,2015-10-08,2015-10-08,1,0.1814,True
C_crisis,2015-10-12,2015-10-12,1,0.0763,True
C_crisis,2016-03-02,2016-03-02,1,0.1013,True
C_crisis,2018-10-22,2018-10-22,1,0.0661,True
