date,nav,num_held
2020-01-02,0.999,0
2020-01-03,0.9998995190927634,25
2020-01-06,1.0005469275276837,25
2020-01-07,1.0082024693175575,25
2020-01-08,0.9977975244296157,25
2020-01-09,1.0125856417959733,25
2020-01-10,1.0175920085555659,25
2020-01-13,1.0231025148720962,25
2020-01-14,1.022498515238757,25
2020-01-15,1.0204184261534543,25
2020-01-16,1.0217756533847162,25
2020-01-17,1.0197384168660366,25
2020-01-20,1.0249882188565727,25
2020-01-21,1.0158322314117743,25
2020-01-22,1.0120554047851402,25
2020-01-23,0.987362869157829,25
2020-02-03,0.9119804405817395,25
2020-02-04,0.91575744545968,25
2020-02-05,0.9397031424922747,25
2020-02-06,0.9611144261286142,25
2020-02-07,0.9657004195766538,25
2020-02-10,0.9786582889001749,25
2020-02-11,0.9711046271506014,25
2020-02-12,0.9805104759236423,25
2020-02-13,0.9732132497171991,25
2020-02-14,0.9678540361034199,25
2020-02-17,0.9943613895185769,25
2020-02-18,1.0032588466265229,25
2020-02-19,1.0021602146989572,25
2020-02-20,1.0122830987313953,25
2020-02-21,1.0135159919962262,25
2020-02-24,1.022270970361888,25
2020-02-25,1.0191343155012524,25
2020-02-26,1.0110289555264054,25
2020-02-27,1.0132950741639275,25
2020-02-28,0.963549715409108,25
2020-03-02,0.9937668079880332,25
2020-03-03,1.001412781808588,24
2020-03-04,1.00995086494968,24
2020-03-05,1.0230025163837748,24
2020-03-06,1.02044148829292,24
2020-03-09,0.9994286513078271,24
2020-03-10,1.0107075536512458,24
2020-03-11,1.009902227687056,24
2020-03-12,0.9898499337582903,24
2020-03-13,0.9787266645527457,24
2020-03-16,0.9528206834985116,24
2020-03-17,0.9448539205677337,24
2020-03-18,0.9354262000754201,24
2020-03-19,0.9440410759615601,24
2020-03-20,0.9543799982559708,24
2020-03-23,0.9332301500626465,24
2020-03-24,0.9431437035914304,24
2020-03-25,0.9566486211361637,24
2020-03-26,0.9522851533718373,24
2020-03-27,0.9508906470077639,24
2020-03-30,0.9329602598366821,24
2020-03-31,0.9384568935550429,24
2020-04-01,0.9344530360531347,24
2020-04-02,0.946582167933383,25
2020-04-03,0.946706950957261,25
2020-04-07,0.962471797892248,25
2020-04-08,0.967805186021544,25
2020-04-09,0.9746619081540497,25
2020-04-10,0.9662813474244532,25
2020-04-13,0.9658577661524715,25
2020-04-14,0.9745068740577202,25
2020-04-15,0.9706811971268714,25
2020-04-16,0.9721377408976951,25
2020-04-17,0.9750875792607395,25
2020-04-20,0.9840642771067682,25
2020-04-21,0.983840784350177,25
2020-04-22,0.990731756414439,25
2020-04-23,0.9920002314177503,25
2020-04-24,0.9846209850293283,25
2020-04-27,0.9829726724721557,25
2020-04-28,0.9706556803239379,25
2020-04-29,0.9747328930330579,25
2020-04-30,0.9862600619607723,25
2020-05-06,0.9935851990181317,25
2020-05-07,0.9926210256343623,24
2020-05-08,1.0010357094390954,24
2020-05-11,0.9998799404923019,24
2020-05-12,1.0003808252197184,24
2020-05-13,1.0055396076039769,24
2020-05-14,1.0008856386502267,24
2020-05-15,1.0031645888360243,24
2020-05-18,1.0025074547291135,24
2020-05-19,1.0106693658933945,24
2020-05-20,1.0036571200615496,24
2020-05-21,1.0015798695218114,24
2020-05-22,0.9884449876531033,24
2020-05-25,0.9873001303211058,24
2020-05-26,0.9993836948201352,24
2020-05-27,0.9986175753008103,24
2020-05-28,0.9967543280269132,24
2020-05-29,0.9989947070749707,24
2020-06-01,1.0192335696797556,24
2020-06-02,1.027040774033179,25
2020-06-03,1.0254645081420124,25
2020-06-04,1.029301892046784,25
2020-06-05,1.0285644271843304,25
2020-06-08,1.031280331707293,25
2020-06-09,1.0345146596860075,25
2020-06-10,1.035844548612708,25
2020-06-11,1.0359407640001084,25
2020-06-12,1.0343508903288172,25
2020-06-15,1.0271719524597172,25
2020-06-16,1.0402627846294996,25
2020-06-17,1.0403339495281236,25
2020-06-18,1.0370946029711037,25
2020-06-19,1.0428710736898081,25
2020-06-22,1.0419225764739486,25
2020-06-23,1.0443865565252937,25
2020-06-24,1.044242954748283,25
2020-06-29,1.0377219639715272,25
2020-06-30,1.046418452761307,25
2020-07-01,1.0493635691240988,25
2020-07-02,1.0611530726379605,25
2020-07-03,1.0672949463296155,25
2020-07-06,1.0981286166690363,25
2020-07-07,1.0987332532384129,25
2020-07-08,1.1099256165780422,25
2020-07-09,1.1323688135351526,25
2020-07-10,1.120486262472485,25
2020-07-13,1.1501574724241925,25
2020-07-14,1.148146320337424,25
2020-07-15,1.1339320730239641,25
2020-07-16,1.098376618081437,25
2020-07-17,1.1035121975992888,25
2020-07-20,1.1411373105460463,25
2020-07-21,1.146346813111098,25
2020-07-22,1.143283629954659,25
2020-07-23,1.1464788687636431,25
2020-07-24,1.1151423880849256,25
2020-07-27,1.1190387386754908,25
2020-07-28,1.125068005864675,25
2020-07-29,1.1413115655140382,25
2020-07-30,1.1465351722627697,25
2020-07-31,1.1551242678435754,25
2020-08-03,1.183687973695884,25
2020-08-04,1.1840814280714733,22
2020-08-05,1.1844770861829625,22
2020-08-06,1.183318958473864,22
2020-08-07,1.167873275085004,22
2020-08-10,1.1764643011737386,22
2020-08-11,1.1604182216973384,22
2020-08-12,1.1500291138513832,22
2020-08-13,1.155361845355537,22
2020-08-14,1.1619432976276431,22
2020-08-17,1.1779242261291238,22
2020-08-18,1.184535035288763,22
2020-08-19,1.1856653035884916,22
2020-08-20,1.1714736340086405,22
2020-08-21,1.1756102881082442,22
2020-08-24,1.1765821990626881,22
2020-08-25,1.1683764797139153,22
2020-08-26,1.1501841201627003,22
2020-08-27,1.1632198670794105,22
2020-08-28,1.172172749686217,22
2020-08-31,1.1707948634410836,22
2020-09-01,1.1772792303589434,22
2020-09-02,1.1772980452764021,18
2020-09-03,1.1705234561710955,18
2020-09-04,1.1630541328592354,18
2020-09-07,1.1476841078379618,18
2020-09-08,1.1542995798652593,18
2020-09-09,1.1383146572486165,18
2020-09-10,1.1293532585373212,18
2020-09-11,1.1393060634490622,18
2020-09-14,1.1382826174601843,18
2020-09-15,1.1357811540448508,18
2020-09-16,1.1345112726646258,18
2020-09-17,1.131480306872221,18
2020-09-18,1.150771137265513,18
2020-09-21,1.1483625402389064,18
2020-09-22,1.1318172502426682,18
2020-09-23,1.1276266870691263,18
2020-09-24,1.1062863261119902,18
2020-09-25,1.1047577331730147,18
2020-09-28,1.1034091153593493,18
2020-09-29,1.1071547129815087,18
2020-09-30,1.1062184343242327,18
2020-10-09,1.128842268551745,18
2020-10-12,1.15242688205514,23
2020-10-13,1.152156827225118,23
2020-10-14,1.1416753703705194,23
2020-10-15,1.134252724677531,23
2020-10-16,1.1342044536994484,23
2020-10-19,1.1319503206713437,23
2020-10-20,1.1399222242655993,23
2020-10-21,1.134399926814863,23
2020-10-22,1.1261345194187504,23
2020-10-23,1.11013806210336,23
2020-10-26,1.1051494484502176,23
2020-10-27,1.1000606673491837,23
2020-10-28,1.1017154501052735,23
2020-10-29,1.1107352448049077,23
2020-10-30,1.0905899801189411,23
2020-11-02,1.0880870844129176,23
2020-11-03,1.0971541434045848,25
2020-11-04,1.0979512448889197,25
2020-11-05,1.1150057119823895,25
2020-11-06,1.1115409691197504,25
2020-11-09,1.1279470636682853,25
2020-11-10,1.1305627166232264,25
2020-11-11,1.1298120300368226,25
2020-11-12,1.1385459672076415,25
2020-11-13,1.1346101025642596,25
2020-11-16,1.1530907662053844,25
2020-11-17,1.1512873938100343,25
2020-11-18,1.154754522957778,25
2020-11-19,1.152959316234273,25
2020-11-20,1.1572069368329025,25
2020-11-23,1.1611066704760855,25
2020-11-24,1.164515365984336,25
2020-11-25,1.1497917055195936,25
2020-11-26,1.1506889015139374,25
2020-11-27,1.1482814383184368,25
2020-11-30,1.1426794975508778,25
2020-12-01,1.1497210082929217,25
2020-12-02,1.1482365145575109,25
2020-12-03,1.147685015965784,25
2020-12-04,1.1513315156458146,25
2020-12-07,1.1514362010668604,25
2020-12-08,1.1481276751269371,25
2020-12-09,1.1372297587545888,25
2020-12-10,1.1343836793234272,25
2020-12-11,1.1232548578051862,25
2020-12-14,1.1244848534777783,25
2020-12-15,1.1246013568843571,25
2020-12-16,1.1203221130686132,25
2020-12-17,1.1220863572436723,25
2020-12-18,1.1161451253772918,25
2020-12-21,1.121281307455083,25
2020-12-22,1.0999439415363608,25
2020-12-23,1.1008534690120269,25
2020-12-24,1.0855063453978397,25
2020-12-25,1.0932399488379267,25
2020-12-28,1.077396513503943,25
2020-12-29,1.0739894605701987,25
2020-12-30,1.0744745650378122,25
2020-12-31,1.0845189722342456,25
2021-01-04,1.093541317419284,25
2021-01-05,1.0918620907277594,25
2021-01-06,1.0794470737207416,25
2021-01-07,1.0570385292053963,25
2021-01-08,1.056913278968611,25
2021-01-11,1.042916592566536,25
2021-01-12,1.0472925583715953,25
2021-01-13,1.0410549283698718,25
2021-01-14,1.0568758904318085,25
2021-01-15,1.0681584750214437,25
2021-01-18,1.0770737873831389,25
2021-01-19,1.079112645868761,25
2021-01-20,1.0778822679543754,25
2021-01-21,1.0814668054790222,25
2021-01-22,1.0746861634363656,25
2021-01-25,1.0651772757973552,25
2021-01-26,1.060674468717319,25
2021-01-27,1.064003393376972,25
2021-01-28,1.0550788418460308,25
2021-01-29,1.0501307482068434,25
2021-02-01,1.0566357057048212,25
2021-02-02,1.0646178086461797,25
2021-02-03,1.060011938371256,25
2021-02-04,1.0449912576724283,25
2021-02-05,1.0408138293017442,25
2021-02-08,1.0404477449891811,25
2021-02-09,1.0575251733808937,25
2021-02-10,1.0636234830947437,25
2021-02-18,1.0800116660418546,25
2021-02-19,1.0969026514666884,25
2021-02-22,1.1059101812819943,25
2021-02-23,1.1000765483736754,25
2021-02-24,1.0979895629175387,25
2021-02-25,1.0974073664457702,25
2021-02-26,1.0947698110689439,25
2021-03-01,1.1100469749433253,25
2021-03-02,1.1086772124215516,25
2021-03-03,1.113958566507341,25
2021-03-04,1.106975826518784,25
2021-03-05,1.1109584956407468,25
2021-03-08,1.106099855116149,25
2021-03-09,1.097432197764725,25
2021-03-10,1.0913404318711204,25
2021-03-11,1.100243541722444,25
2021-03-12,1.1035681928282002,25
2021-03-15,1.1040434979468885,25
2021-03-16,1.1115716170182373,25
2021-03-17,1.1110550352998543,25
2021-03-18,1.114241576265831,25
2021-03-19,1.1123083333379338,25
2021-03-22,1.121760368659102,25
2021-03-23,1.1187831451678771,25
2021-03-24,1.1124843263806974,25
2021-03-25,1.1116091927246552,25
2021-03-26,1.1167130430841807,25
2021-03-29,1.1161749478404315,25
2021-03-30,1.112244664942342,25
2021-03-31,1.117036036794318,25
2021-04-01,1.1151386185818006,25
2021-04-02,1.1138758553407164,25
2021-04-06,1.1170923895311509,25
2021-04-07,1.1218770636833497,25
2021-04-08,1.1195266717992247,25
2021-04-09,1.1186425453615,25
2021-04-12,1.1101047704281173,25
2021-04-13,1.1067244770956346,25
2021-04-14,1.107771385974323,25
2021-04-15,1.106242126450346,25
2021-04-16,1.110705654443694,25
2021-04-19,1.115807599834346,25
2021-04-20,1.1155617562728932,25
2021-04-21,1.1114481412585036,25
2021-04-22,1.115288310374166,25
2021-04-23,1.112147420535103,25
2021-04-26,1.1088277238586717,25
2021-04-27,1.1053116277429487,25
2021-04-28,1.103946905356587,25
2021-04-29,1.1023284009620615,25
2021-04-30,1.096468457118116,25
2021-05-06,1.0967228899049615,25
2021-05-07,1.0941586954042726,25
2021-05-10,1.0975183830304946,25
2021-05-11,1.0979765975205549,25
2021-05-12,1.1029638019010939,25
2021-05-13,1.1043740255609995,25
2021-05-14,1.1119678055729694,25
2021-05-17,1.1054761983181807,25
2021-05-18,1.1048985878369397,25
2021-05-19,1.1034627282813965,25
2021-05-20,1.1039356598966963,25
2021-05-21,1.10402123687451,25
2021-05-24,1.109041177148196,25
2021-05-25,1.1140293839580937,25
2021-05-26,1.1164347345787087,25
2021-05-27,1.1176143917752244,25
2021-05-28,1.1161316964920651,25
2021-05-31,1.120688481911542,25
2021-06-01,1.1232124414049838,25
2021-06-02,1.1191743322688317,25
2021-06-03,1.1163833277959152,25
2021-06-04,1.1126718421598625,25
2021-06-07,1.1171466024000558,25
2021-06-08,1.1198007252900135,25
2021-06-09,1.1193654333124379,25
2021-06-10,1.121213845152771,25
2021-06-11,1.1179002773032165,25
2021-06-15,1.106020920973105,25
2021-06-16,1.096169974625145,25
2021-06-17,1.1004378663876997,25
2021-06-18,1.103226437676761,25
2021-06-21,1.1116802916384374,25
2021-06-22,1.1180683608499271,25
2021-06-23,1.117542639290686,25
2021-06-24,1.110995491356055,25
2021-06-25,1.1095492877946362,25
2021-06-28,1.112560546351308,25
2021-06-29,1.1039162267048712,25
2021-06-30,1.10160471771994,25
2021-07-01,1.0967944043048956,25
2021-07-02,1.0934841309174739,25
2021-07-05,1.1072473204194426,25
2021-07-06,1.110077136033872,25
2021-07-07,1.1162038117743438,25
2021-07-08,1.1017949826691873,25
2021-07-09,1.1088789745096304,25
2021-07-12,1.1210153356962045,25
2021-07-13,1.1227161925572842,25
2021-07-14,1.1216180025634546,25
2021-07-15,1.1149172764835287,25
2021-07-16,1.1180321207395143,25
2021-07-19,1.115556799190441,25
2021-07-20,1.1140202960254348,25
2021-07-21,1.1201055533156459,25
2021-07-22,1.125295438641858,25
2021-07-23,1.1140273274183434,25
2021-07-26,1.108200319431501,25
2021-07-27,1.1052614155023581,25
2021-07-28,1.097114456278355,25
2021-07-29,1.1160813312628526,25
2021-07-30,1.12191760851551,25
2021-08-02,1.1327810816827646,25
2021-08-03,1.1335976027906425,25
2021-08-04,1.1389299397634562,25
2021-08-05,1.134433086849263,25
2021-08-06,1.1331986128015112,25
2021-08-09,1.1471103539352905,25
2021-08-10,1.151696110551054,25
2021-08-11,1.1529398928586547,25
2021-08-12,1.159075832293581,25
2021-08-13,1.1640954510952821,25
2021-08-16,1.171062372498649,25
2021-08-17,1.1521998535656932,25
2021-08-18,1.1591812361318212,25
2021-08-19,1.1573403588708855,25
2021-08-20,1.1480498826058791,25
2021-08-23,1.1715685558984672,25
2021-08-24,1.1797147347773198,25
2021-08-25,1.1859241458530785,25
2021-08-26,1.1876070996966663,25
2021-08-27,1.1922766979719481,25
2021-08-30,1.1857778843217996,25
2021-08-31,1.187797781131179,25
2021-09-01,1.1804035643229502,25
2021-09-02,1.1860125840665856,25
2021-09-03,1.1909237988815304,25
2021-09-06,1.1985963842251721,25
2021-09-07,1.205643474054661,25
2021-09-08,1.2121547468115241,25
2021-09-09,1.220904196743144,25
2021-09-10,1.2105063634900388,25
2021-09-13,1.2172909863495451,25
2021-09-14,1.2106810882243633,25
2021-09-15,1.2137803324659808,25
2021-09-16,1.2129360172059105,25
2021-09-17,1.2136905074648132,25
2021-09-22,1.2186565434165222,25
2021-09-23,1.2267627463575408,25
2021-09-24,1.2104502400017207,25
2021-09-27,1.1913079647621043,25
2021-09-28,1.18884805098437,25
2021-09-29,1.167128874913861,25
2021-09-30,1.183113140783606,25
2021-10-08,1.1939481782140358,25
2021-10-11,1.1921434793974595,25
2021-10-12,1.1779804859979777,25
2021-10-13,1.1859882274454618,25
2021-10-14,1.1899937701522338,25
2021-10-15,1.1817810957278885,25
2021-10-18,1.1819088448655939,25
2021-10-19,1.192385754649049,25
2021-10-20,1.1958126203348678,25
2021-10-21,1.1907560584563188,25
2021-10-22,1.1797874941887312,25
2021-10-25,1.1945976428777636,25
2021-10-26,1.1925270438831472,25
2021-10-27,1.1741259397867903,25
2021-10-28,1.1643220942755461,25
2021-10-29,1.1650221933996445,25
2021-11-01,1.1804670407374807,25
2021-11-02,1.1700978794924561,25
2021-11-03,1.1795838423178193,25
2021-11-04,1.1900449760097913,25
2021-11-05,1.1958755626258264,25
2021-11-08,1.200201077410933,25
2021-11-09,1.2109286167815823,25
2021-11-10,1.221890580895796,25
2021-11-11,1.2229588041014536,25
2021-11-12,1.2387717584627145,25
2021-11-15,1.2581219688846246,25
2021-11-16,1.255587013671061,25
2021-11-17,1.2677363454039847,25
2021-11-18,1.2552455172743202,25
2021-11-19,1.2651174460911552,25
2021-11-22,1.2687397368737046,25
2021-11-23,1.278742749432073,25
2021-11-24,1.2826885809229247,25
2021-11-25,1.288110947994618,25
2021-11-26,1.2881625609430154,25
2021-11-29,1.2902517474305217,25
2021-11-30,1.296154595802794,25
2021-12-01,1.3060253383731084,25
2021-12-02,1.3012359422740178,25
2021-12-03,1.3032059509702516,25
2021-12-06,1.2931923285470255,25
2021-12-07,1.2859332155318595,25
2021-12-08,1.2947290277917187,25
2021-12-09,1.3037063788808116,25
2021-12-10,1.3068346709215488,25
2021-12-13,1.3055557714166763,25
2021-12-14,1.3028268727602015,25
2021-12-15,1.306784943630325,25
2021-12-16,1.315339717080173,25
2021-12-17,1.3098760762972395,25
2021-12-20,1.3068532111270528,25
2021-12-21,1.322115384471363,25
2021-12-22,1.3234665390305151,25
2021-12-23,1.3133390084374919,25
2021-12-24,1.2989324263767714,25
2021-12-27,1.3094090001411465,25
2021-12-28,1.3168530039913444,25
2021-12-29,1.3192966441079286,25
2021-12-30,1.3265247031522729,25
2021-12-31,1.3391124677224515,25
2022-01-04,1.3726917685287043,25
2022-01-05,1.3691478910093902,25
2022-01-06,1.3790130523924855,25
2022-01-07,1.3711614678705855,25
2022-01-10,1.3928476358971815,25
2022-01-11,1.3901342296789836,25
2022-01-12,1.3972174049914143,25
2022-01-13,1.3937955300563654,25
2022-01-14,1.3793736321399657,25
2022-01-17,1.3895378126530256,25
2022-01-18,1.3788379279520222,25
2022-01-19,1.3870812606977445,25
2022-01-20,1.3605038251334938,25
2022-01-21,1.343505725874268,25
2022-01-24,1.3397599338159418,25
2022-01-25,1.292896327359857,25
2022-01-26,1.3028740954296063,25
2022-01-27,1.2779374311311034,25
2022-01-28,1.2905015339797934,25
2022-02-07,1.3062172056654053,25
2022-02-08,1.3193024617139997,25
2022-02-09,1.3258744283500106,25
2022-02-10,1.3248402451965218,25
2022-02-11,1.3060465844076328,25
2022-02-14,1.3060170723879443,25
2022-02-15,1.3031640483737479,25
2022-02-16,1.3167644085366412,25
2022-02-17,1.3140350056416823,25
2022-02-18,1.3197030903359193,25
2022-02-21,1.329060105100014,25
2022-02-22,1.3147323052694955,25
2022-02-23,1.3245354747114917,25
2022-02-24,1.3057686483001272,25
2022-02-25,1.3168320203711184,25
2022-02-28,1.3153016555517283,25
2022-03-01,1.3165857828276457,25
2022-03-02,1.3178260380063793,25
2022-03-03,1.321379142815486,25
2022-03-04,1.3112901212635633,25
2022-03-07,1.3016270706542716,25
2022-03-08,1.2784742850741977,25
2022-03-09,1.2664960480709164,25
2022-03-10,1.2808025563472651,25
2022-03-11,1.290214862102692,25
2022-03-14,1.2718130915463695,25
2022-03-15,1.240697003218949,25
2022-03-16,1.2528527837429002,25
2022-03-17,1.2612848908843175,25
2022-03-18,1.2704934934086036,25
2022-03-21,1.2810528656354443,25
2022-03-22,1.2799067775223962,25
2022-03-23,1.279059671684883,25
2022-03-24,1.2727321468621053,25
2022-03-25,1.280348185426179,25
2022-03-28,1.2814393114753926,25
2022-03-29,1.2783470302046573,25
2022-03-30,1.290621479723477,25
2022-03-31,1.3027654885562603,25
2022-04-01,1.3000882984386202,25
2022-04-06,1.3090224972896891,25
2022-04-07,1.2988846810826291,25
2022-04-08,1.2925450670740486,25
2022-04-11,1.277878387188537,25
2022-04-12,1.2850060467420288,25
2022-04-13,1.2765759239972578,25
2022-04-14,1.2811960668104931,25
2022-04-15,1.2721795128409947,25
2022-04-18,1.2839946694152757,25
2022-04-19,1.2882800910785026,25
2022-04-20,1.2911118010004117,25
2022-04-21,1.2803893529423398,25
2022-04-22,1.2858672610474402,25
2022-04-25,1.2439175926618493,25
2022-04-26,1.218252432932166,25
2022-04-27,1.2302593346123514,25
2022-04-28,1.2167072719792889,25
2022-04-29,1.2396834591213484,25
2022-05-05,1.2486426090912865,25
2022-05-06,1.2464322027966326,24
2022-05-09,1.2535666412125115,24
2022-05-10,1.2578894946647345,24
2022-05-11,1.2559713787263393,24
2022-05-12,1.2613653021435087,24
2022-05-13,1.2622200810678046,24
2022-05-16,1.2609829887933675,24
2022-05-17,1.25731837138533,24
2022-05-18,1.2597257193298488,24
2022-05-19,1.2608424458117462,24
2022-05-20,1.268103525928679,24
2022-05-23,1.2797918294576118,24
2022-05-24,1.2644864374567182,24
2022-05-25,1.2735716399907218,24
2022-05-26,1.2786702468224709,24
2022-05-27,1.2772393531215585,24
2022-05-30,1.2810957412487112,24
2022-05-31,1.285562600322843,24
2022-06-01,1.2873710778238951,24
2022-06-02,1.2902648801398384,25
2022-06-06,1.2951702975072528,25
2022-06-07,1.2917469222065399,25
2022-06-08,1.2903564599004955,25
2022-06-09,1.2833331803563428,25
2022-06-10,1.2880709042456728,25
2022-06-13,1.290974198244455,25
2022-06-14,1.291987915371137,25
2022-06-15,1.292102547827796,25
2022-06-16,1.2952173049225741,25
2022-06-17,1.3026991504580725,25
2022-06-20,1.3087695258701306,25
2022-06-21,1.303477758380393,25
2022-06-22,1.2985728527167828,25
2022-06-23,1.3070879266948798,25
2022-06-24,1.3101209334906732,25
2022-06-27,1.313967489082884,25
2022-06-28,1.321568436302316,25
2022-06-29,1.3135186151117566,25
2022-06-30,1.3197864394936174,25
2022-07-01,1.3249856853071877,25
2022-07-04,1.3299022101878633,25
2022-07-05,1.3237993828409287,25
2022-07-06,1.3146875286458,25
2022-07-07,1.319517228074907,25
2022-07-08,1.3204663707509772,25
2022-07-11,1.3171913628373104,25
2022-07-12,1.3051120160410254,25
2022-07-13,1.3138860083058335,25
2022-07-14,1.3169561799662453,25
2022-07-15,1.3061103061576418,25
2022-07-18,1.3279237391187715,25
2022-07-19,1.332289550645103,25
2022-07-20,1.3405003532314959,25
2022-07-21,1.3389729971142181,25
2022-07-22,1.3347293497485333,25
2022-07-25,1.3315097215702605,25
2022-07-26,1.3352277198795777,25
2022-07-27,1.3455957339779252,25
2022-07-28,1.3511696013269618,25
2022-07-29,1.3554800998733654,25
2022-08-01,1.3607436753209652,25
2022-08-02,1.3289864975527632,25
2022-08-03,1.3275026442550724,25
2022-08-04,1.3381312280839495,25
2022-08-05,1.3447406183588821,25
2022-08-08,1.351427854995722,25
2022-08-09,1.351061084869855,25
2022-08-10,1.3616714518403932,25
2022-08-11,1.3782037183397091,25
2022-08-12,1.3799812251275227,25
2022-08-15,1.3801933786325362,25
2022-08-16,1.381705789786556,25
2022-08-17,1.3837659302445893,25
2022-08-18,1.38722775274329,25
2022-08-19,1.3820071181553468,25
2022-08-22,1.3857608669377668,25
2022-08-23,1.3929196968370299,25
2022-08-24,1.3709263086234944,25
2022-08-25,1.3713604735471465,25
2022-08-26,1.370406223653518,25
2022-08-29,1.38048968201797,25
2022-08-30,1.3725473187843433,25
2022-08-31,1.355895816370499,25
2022-09-01,1.3509096290523035,25
2022-09-02,1.3608955972672894,25
2022-09-05,1.3634846688019608,25
2022-09-06,1.3720853769014751,25
2022-09-07,1.3747511275797804,25
2022-09-08,1.3677907598184151,25
2022-09-09,1.364368287639078,25
2022-09-13,1.369744239961889,25
2022-09-14,1.3637856844340377,25
2022-09-15,1.3505572912473502,25
2022-09-16,1.3360417590767042,25
2022-09-19,1.3264852478000635,25
2022-09-20,1.3350372039293323,25
2022-09-21,1.3377354904699152,25
2022-09-22,1.3385288021673443,25
2022-09-23,1.3264899098155785,25
2022-09-26,1.3136566800982912,25
2022-09-27,1.3286031233555347,25
2022-09-28,1.3164281292353797,25
2022-09-29,1.3169206098073616,25
2022-09-30,1.3078072879552174,25
2022-10-10,1.2969433179434087,25
2022-10-11,1.3012194107052582,25
2022-10-12,1.3149804711474662,25
2022-10-13,1.326262550408942,25
2022-10-14,1.3379841914301156,25
2022-10-17,1.3567519639436563,25
2022-10-18,1.360138175491685,25
2022-10-19,1.3586660633160432,25
2022-10-20,1.353484525781765,25
2022-10-21,1.3568252274804495,25
2022-10-24,1.3555542972724486,25
2022-10-25,1.3497320799829813,25
2022-10-26,1.363313132504235,25
2022-10-27,1.3566277132761313,25
2022-10-28,1.3350096181640747,25
2022-10-31,1.3431552588527553,25
2022-11-01,1.3532119530973863,25
2022-11-02,1.3630337489172788,25
2022-11-03,1.3640605007962658,25
2022-11-04,1.3734040493529702,25
2022-11-07,1.3759461748017667,25
2022-11-08,1.3749422071482376,25
2022-11-09,1.3814959812971466,25
2022-11-10,1.3771365297402016,25
2022-11-11,1.380412098591148,25
2022-11-14,1.3829581214451214,25
2022-11-15,1.3945880544943616,25
2022-11-16,1.3916574059787865,25
2022-11-17,1.3936219701917651,25
2022-11-18,1.391701668483121,25
2022-11-21,1.4008705645163322,25
2022-11-22,1.398037413330525,25
2022-11-23,1.3930471077408293,25
2022-11-24,1.3999379159725516,25
2022-11-25,1.3975106406328026,25
2022-11-28,1.3963579149107925,25
2022-11-29,1.4061204976439199,25
2022-11-30,1.4093600721009438,25
2022-12-01,1.4076023187610538,25
2022-12-02,1.4102333770875175,24
2022-12-05,1.4125825832465535,24
2022-12-06,1.409497999102161,24
2022-12-07,1.4111601142078352,24
2022-12-08,1.4094266006512304,24
2022-12-09,1.408652953425516,24
2022-12-12,1.406289904836174,24
2022-12-13,1.4062122532911792,24
2022-12-14,1.4021798610230098,24
2022-12-15,1.407481563780912,24
2022-12-16,1.4030299440607035,24
2022-12-19,1.390030169666911,24
2022-12-20,1.3927854310209333,24
2022-12-21,1.3897011964112054,24
2022-12-22,1.3820309428937452,24
2022-12-23,1.3774244488811977,24
2022-12-26,1.3800566380909782,24
2022-12-27,1.3827518731889765,24
2022-12-28,1.378875905915547,24
2022-12-29,1.3805287863806657,24
2022-12-30,1.385994803487602,24
2023-01-03,1.3962511306574745,24
2023-01-04,1.4015552207808257,25
2023-01-05,1.4040150687995405,25
2023-01-06,1.4008297248636215,25
2023-01-09,1.4017296943471242,25
2023-01-10,1.4000094795740785,25
2023-01-11,1.3971221388552948,25
2023-01-12,1.4020295204466757,25
2023-01-13,1.4027369626399395,25
2023-01-16,1.4084590027592452,25
2023-01-17,1.4077385842639312,25
2023-01-18,1.4090348475570942,25
2023-01-19,1.4110705765258733,25
2023-01-20,1.413195620596003,25
2023-01-30,1.4197149476280337,25
2023-01-31,1.427578395494812,25
2023-02-01,1.4340043792250263,25
2023-02-02,1.4328898692068917,25
2023-02-03,1.4294722226179848,25
2023-02-06,1.4285816794714252,25
2023-02-07,1.432674002751216,25
2023-02-08,1.432385552435695,25
2023-02-09,1.4411707597289714,25
2023-02-10,1.4446267438735256,25
2023-02-13,1.458754148844119,25
2023-02-14,1.4707709415097574,25
2023-02-15,1.4707098647040122,25
2023-02-16,1.4529352766300405,25
2023-02-17,1.454542745241185,25
2023-02-20,1.4650643019316318,25
2023-02-21,1.471821185545594,25
2023-02-22,1.47228910661715,25
2023-02-23,1.4720782290259078,25
2023-02-24,1.470135545540906,25
2023-02-27,1.4627901422517253,25
2023-02-28,1.4744063878956903,25
2023-03-01,1.4849161989281798,25
2023-03-02,1.482762555789291,25
2023-03-03,1.4838943025937954,25
2023-03-06,1.4872630580120567,25
2023-03-07,1.4774693483791792,25
2023-03-08,1.478198899946684,25
2023-03-09,1.479551310148744,25
2023-03-10,1.4634309394171776,25
2023-03-13,1.4655239124253554,25
2023-03-14,1.4532860502500613,25
2023-03-15,1.471007842208901,25
2023-03-16,1.4585670517605913,25
2023-03-17,1.455517458488896,25
2023-03-20,1.4500480337449304,25
2023-03-21,1.4640790090073037,25
2023-03-22,1.4706884693203943,25
2023-03-23,1.4708330989581417,25
2023-03-24,1.466537915455058,25
2023-03-27,1.4625030041345024,25
2023-03-28,1.460510176919263,25
2023-03-29,1.4549538685654781,25
2023-03-30,1.4529714843339558,25
2023-03-31,1.4633108767973062,25
2023-04-03,1.4628335075250585,25
2023-04-04,1.447930271855649,25
2023-04-06,1.4488716081370876,25
2023-04-07,1.4568875108647752,25
2023-04-10,1.449628051503372,25
2023-04-11,1.448187992593791,25
2023-04-12,1.4552449817131943,25
2023-04-13,1.453803697245882,25
2023-04-14,1.4571697357167617,25
2023-04-17,1.4644811256875636,25
2023-04-18,1.4612701281544416,25
2023-04-19,1.4561666595198908,25
2023-04-20,1.4448300914386463,25
2023-04-21,1.421028672500682,25
2023-04-24,1.4140208322793357,25
2023-04-25,1.4019074629241102,25
2023-04-26,1.423112737849987,25
2023-04-27,1.4277384750385658,25
2023-04-28,1.4494724643459573,25
2023-05-04,1.461252991266006,25
2023-05-05,1.4506616147569111,25
2023-05-08,1.4558531825287568,25
2023-05-09,1.4398538176241173,25
2023-05-10,1.4369237277365865,25
2023-05-11,1.4434353986801518,25
2023-05-12,1.4346712976148348,25
2023-05-15,1.4472226630636982,25
2023-05-16,1.4409512162620082,25
2023-05-17,1.4406590718284034,25
2023-05-18,1.4385643579776128,25
2023-05-19,1.4431349372869215,25
2023-05-22,1.4544009537517562,25
2023-05-23,1.4458929817382897,25
2023-05-24,1.4358432068339284,25
2023-05-25,1.4297856296336047,25
2023-05-26,1.429548834640506,25
2023-05-29,1.4291508049116217,25
2023-05-30,1.430004303704229,25
2023-05-31,1.4183203414325598,25
2023-06-01,1.4188459513128577,25
2023-06-02,1.4372527443418277,25
2023-06-05,1.438250576282948,25
2023-06-06,1.4224924818376123,25
2023-06-07,1.4194572186703387,25
2023-06-08,1.4243120729439427,25
2023-06-09,1.4247664313336867,25
2023-06-12,1.4326787904925735,25
2023-06-13,1.4277065306972876,25
2023-06-14,1.4257409873341462,25
2023-06-15,1.431229501054401,25
2023-06-16,1.4395909543533107,25
2023-06-19,1.42783373629419,25
2023-06-20,1.4194407130241327,25
2023-06-21,1.4194509500759904,25
2023-06-26,1.4048204684317098,25
2023-06-27,1.4309742187791348,25
2023-06-28,1.4401591048210485,25
2023-06-29,1.4458076732611709,25
2023-06-30,1.4533292960947806,25
2023-07-03,1.4571801395311461,25
2023-07-04,1.4589873572751775,25
2023-07-05,1.4574082963737092,25
2023-07-06,1.4560031751083238,25
2023-07-07,1.4564090596602148,25
2023-07-10,1.4612331575524409,25
2023-07-11,1.4668909067018476,25
2023-07-12,1.4638514429091989,25
2023-07-13,1.4719832628538312,25
2023-07-14,1.477352680309512,25
2023-07-17,1.4783070568519172,25
2023-07-18,1.4860347760445738,25
2023-07-19,1.4891390671984928,25
2023-07-20,1.4841613938043696,25
2023-07-21,1.4813592873897552,25
2023-07-24,1.478077384788351,25
2023-07-25,1.490886005341601,25
2023-07-26,1.4938751174621485,25
2023-07-27,1.487793269772117,25
2023-07-28,1.4958724087930684,25
2023-07-31,1.4967780934276533,25
2023-08-01,1.4956699369813617,25
2023-08-02,1.4936797143889466,25
2023-08-03,1.4949614681295038,25
2023-08-04,1.4898453082309773,25
2023-08-07,1.477080628677684,25
2023-08-08,1.4811008458142814,25
2023-08-09,1.476934706146983,25
2023-08-10,1.4843861466823636,25
2023-08-11,1.4810474509546045,25
2023-08-14,1.4843392605234413,25
2023-08-15,1.4761020491427832,25
2023-08-16,1.4717874653951324,25
2023-08-17,1.4798725577691307,25
2023-08-18,1.4704163291791512,25
2023-08-21,1.4715340880826755,25
2023-08-22,1.4657992115560852,25
2023-08-23,1.4504424607418838,25
2023-08-24,1.4498644615902914,25
2023-08-25,1.4351762143783708,25
2023-08-28,1.4437137080816373,25
2023-08-29,1.4680129765798997,25
2023-08-30,1.4759608893154925,25
2023-08-31,1.4728106175260536,25
2023-09-01,1.4748098521843243,25
2023-09-04,1.4890465804746773,25
2023-09-05,1.489525660761099,25
2023-09-06,1.4854085230032887,25
2023-09-07,1.473590187591884,25
2023-09-08,1.469524631992264,25
2023-09-11,1.4772761195149287,25
2023-09-12,1.4768316905598102,25
2023-09-13,1.4718452672579077,25
2023-09-14,1.469782049568099,25
2023-09-15,1.473308846427319,25
2023-09-18,1.4790438124519076,25
2023-09-19,1.4775866824142445,25
2023-09-20,1.4745447129996068,25
2023-09-21,1.4688528584719676,25
2023-09-22,1.4769027585470924,25
2023-09-25,1.4775621645348562,25
2023-09-26,1.4732227487025518,25
2023-09-27,1.4799320522787789,25
2023-09-28,1.4856579785764772,25
2023-10-09,1.4795059061655467,25
2023-10-10,1.4719429420107593,25
2023-10-11,1.4720244152471185,25
2023-10-12,1.479333687938864,25
2023-10-13,1.472109095285042,25
2023-10-16,1.4689094715562423,25
2023-10-17,1.4684055008865928,25
2023-10-18,1.456637619859747,25
2023-10-19,1.4547886126697804,25
2023-10-20,1.4513154073706027,25
2023-10-23,1.437241567002748,25
2023-10-24,1.4532807270604677,25
2023-10-25,1.4548657719897995,25
2023-10-26,1.451880983562973,25
2023-10-27,1.4638090959529015,25
2023-10-30,1.46846956009538,25
2023-10-31,1.4678735578855382,25
2023-11-01,1.4675427739422104,25
2023-11-02,1.4620772698643125,25
2023-11-03,1.466490751467482,25
2023-11-06,1.4751125427922152,25
2023-11-07,1.4747950411661637,25
2023-11-08,1.4722503912212164,25
2023-11-09,1.4737958725342903,25
2023-11-10,1.4759818762567678,25
2023-11-13,1.4798150412661142,25
2023-11-14,1.478446785540062,25
2023-11-15,1.483461278201577,25
2023-11-16,1.4774248094833156,25
2023-11-17,1.481489958009812,25
2023-11-20,1.4842838794593363,25
2023-11-21,1.4834402591446945,25
2023-11-22,1.4776913837895786,25
2023-11-23,1.4846673977919191,25
2023-11-24,1.4813236267514562,25
2023-11-27,1.4811814010032105,25
2023-11-28,1.4857363245954542,25
2023-11-29,1.4840990024595826,25
2023-11-30,1.4827860086408764,25
2023-12-01,1.4816954460280052,25
2023-12-04,1.4800617740010595,25
2023-12-05,1.4709849529611858,25
2023-12-06,1.473007941150662,25
2023-12-07,1.4720621471402695,25
2023-12-08,1.4668301527985754,25
2023-12-11,1.4735886804873715,25
2023-12-12,1.4758146638497542,25
2023-12-13,1.4736206507764866,25
2023-12-14,1.4728469875645167,25
2023-12-15,1.4696987673915622,25
2023-12-18,1.4676871217007301,25
2023-12-19,1.4668526704684632,25
2023-12-20,1.4627732394756894,25
2023-12-21,1.4669225537027382,25
2023-12-22,1.4654690973072078,25
2023-12-25,1.4660327222306266,25
2023-12-26,1.460194690023219,25
2023-12-27,1.4627448262087284,25
2023-12-28,1.4669703442333284,25
2023-12-29,1.4738574826546345,25
2024-01-02,1.4801283602080728,25
2024-01-03,1.4803003305270621,25
2024-01-04,1.4831649619126723,25
2024-01-05,1.4779430842009886,25
2024-01-08,1.4680986608819238,25
2024-01-09,1.4705593892080218,25
2024-01-10,1.4686556210350514,25
2024-01-11,1.4732696196728383,25
2024-01-12,1.4729364850159077,25
2024-01-15,1.4762746452262616,25
2024-01-16,1.47645185222386,25
2024-01-17,1.4655678158229388,25
2024-01-18,1.4627458014562558,25
2024-01-19,1.45759963909618,25
2024-01-22,1.4286911733888303,25
2024-01-23,1.4332781386404936,25
2024-01-24,1.4412308082002985,25
2024-01-25,1.4565526717647947,25
2024-01-26,1.457220667504735,25
2024-01-29,1.4515447822152352,25
2024-01-30,1.4374701997384238,25
2024-01-31,1.4268946668688827,25
2024-02-01,1.4210076768169577,25
2024-02-02,1.3983865153457358,25
2024-02-05,1.3653233766463098,25
2024-02-06,1.378953579700895,25
2024-02-07,1.3728564909138827,25
2024-02-08,1.4122311794281213,25
2024-02-19,1.4247901718206726,25
2024-02-20,1.4278183719320794,25
2024-02-21,1.4354787156632145,25
2024-02-22,1.443823031366896,25
2024-02-23,1.453170042516025,25
2024-02-26,1.460386167546278,25
2024-02-27,1.4706121508118812,25
2024-02-28,1.4423081003937108,25
2024-02-29,1.4622829282682968,25
2024-03-01,1.469437306416778,25
2024-03-04,1.4746194054497288,25
2024-03-05,1.4673927878969055,25
2024-03-06,1.4728911598926864,25
2024-03-07,1.4687282969122326,25
2024-03-08,1.477154255869032,25
2024-03-11,1.4858069166636625,25
2024-03-12,1.497706253927001,25
2024-03-13,1.498852673606123,25
2024-03-14,1.4997649885572928,25
2024-03-15,1.509450831616327,25
2024-03-18,1.5219181440960086,25
2024-03-19,1.521500576160145,25
2024-03-20,1.5300463616887188,25
2024-03-21,1.5311262653473512,25
2024-03-22,1.5196604013354864,25
2024-03-25,1.5085920677585083,25
2024-03-26,1.514294137509578,25
2024-03-27,1.5022254949579628,25
2024-03-28,1.5124631231993262,25
2024-03-29,1.517861516273351,25
2024-04-01,1.5334399798837879,25
2024-04-02,1.5383178812611802,25
2024-04-03,1.5351315833686827,25
2024-04-08,1.52311560922024,25
2024-04-09,1.5303142986712248,25
2024-04-10,1.5175718451326226,25
2024-04-11,1.5201011504138382,25
2024-04-12,1.5197802343525733,25
2024-04-15,1.5076602917218338,25
2024-04-16,1.4820337977950395,25
2024-04-17,1.517413188280131,25
2024-04-18,1.5251714754764711,25
2024-04-19,1.5289886541312974,25
2024-04-22,1.5270787359719449,25
2024-04-23,1.5235430726921064,25
2024-04-24,1.5327809903094938,25
2024-04-25,1.5411937029576754,25
2024-04-26,1.5373800430220204,25
2024-04-29,1.5457008531193905,25
2024-04-30,1.5545635026123887,25
2024-05-06,1.5781569701836387,25
2024-05-07,1.5775142894171632,25
2024-05-08,1.5708799340777349,25
2024-05-09,1.582643609696926,25
2024-05-10,1.5783045908447124,25
2024-05-13,1.5795919647254593,25
2024-05-14,1.5932579559564588,25
2024-05-15,1.5882260902399754,25
2024-05-16,1.5856471942848718,25
2024-05-17,1.5880639900572888,25
2024-05-20,1.5951169064861155,25
2024-05-21,1.592122234743522,25
2024-05-22,1.5869845143585994,25
2024-05-23,1.5735153283182666,25
2024-05-24,1.5689124618486192,25
2024-05-27,1.5769966174126202,25
2024-05-28,1.5676753658412759,25
2024-05-29,1.5701274669366225,25
2024-05-30,1.566777391219152,25
2024-05-31,1.564936076346793,25
2024-06-03,1.5560990765538405,25
2024-06-04,1.577880497918048,21
2024-06-05,1.5580235557091002,21
2024-06-06,1.5395232882129095,21
2024-06-07,1.5527534422429563,21
2024-06-11,1.549379383665566,21
2024-06-12,1.561393612325685,21
2024-06-13,1.5495878159618528,21
2024-06-14,1.5502175133342733,21
2024-06-17,1.5456774570882925,21
2024-06-18,1.5484331857758429,21
2024-06-19,1.5369008117568463,21
2024-06-20,1.5225080071458543,21
2024-06-21,1.5252641582038946,21
2024-06-24,1.4978712554142701,21
2024-06-25,1.5008714770517935,21
2024-06-26,1.5183603989064696,21
2024-06-27,1.4989290066153722,21
2024-06-28,1.5035849984209781,21
2024-07-01,1.516392283564695,21
2024-07-02,1.5109570051154728,25
2024-07-03,1.5033409205253774,25
2024-07-04,1.4892024774663588,25
2024-07-05,1.493431461107969,25
2024-07-08,1.470819253572441,25
2024-07-09,1.4797487296835357,25
2024-07-10,1.4717482723612132,25
2024-07-11,1.4845184298412688,25
2024-07-12,1.4807295922447348,25
2024-07-15,1.4718926026890726,25
2024-07-16,1.464538884426472,25
2024-07-17,1.4615144665969333,25
2024-07-18,1.467964787579765,25
2024-07-19,1.469938617447115,25
2024-07-22,1.467560042565595,25
2024-07-23,1.4465664054775786,25
2024-07-24,1.4351671868733906,25
2024-07-25,1.4398045437499707,25
2024-07-26,1.4539739002472991,25
2024-07-29,1.4529061783688388,25
2024-07-30,1.4573407866694843,25
2024-07-31,1.485800691260872,25
2024-08-01,1.481131835655463,25
2024-08-02,1.47572993053269,25
2024-08-05,1.4647102770404132,25
2024-08-06,1.48390916559561,25
2024-08-07,1.48451780652534,25
2024-08-08,1.4875485075939585,25
2024-08-09,1.4830482034732098,25
2024-08-12,1.4837639270907839,25
2024-08-13,1.4886498473072518,25
2024-08-14,1.4882570855073274,25
2024-08-15,1.4962282881822035,25
2024-08-16,1.495490176698364,25
2024-08-19,1.4887347229866128,25
2024-08-20,1.471841712565653,25
2024-08-21,1.4684506289718593,25
2024-08-22,1.456528420977108,25
2024-08-23,1.4484207212241662,25
2024-08-26,1.4507582465874207,25
2024-08-27,1.440491358382194,25
2024-08-28,1.4418681029422946,25
2024-08-29,1.453008130985161,25
2024-08-30,1.4615493191816777,25
2024-09-02,1.447595655826897,25
2024-09-03,1.4562036800901699,25
2024-09-04,1.453883718208864,25
2024-09-05,1.4580291258361469,25
2024-09-06,1.443862521819694,25
2024-09-09,1.4395057227519643,25
2024-09-10,1.439344485965379,25
2024-09-11,1.437922706223524,25
2024-09-12,1.4351786635218748,25
2024-09-13,1.4251734878501008,25
2024-09-18,1.423482091409066,25
2024-09-19,1.4368325830269757,25
2024-09-20,1.4312463904992805,25
2024-09-23,1.4321035747783788,25
2024-09-24,1.4573837642256289,25
2024-09-25,1.4641108291006448,25
2024-09-26,1.4922650454948534,25
2024-09-27,1.5189851319899004,25
2024-09-30,1.5912107722547577,25
2024-10-08,1.6341909012734483,25
2024-10-09,1.5664412495085795,20
2024-10-10,1.5758295059829777,20
2024-10-11,1.550567819636213,20
2024-10-14,1.5695414446397022,20
2024-10-15,1.5515203968657925,20
2024-10-16,1.5542313641512693,20
2024-10-17,1.5452250834714452,20
2024-10-18,1.5583041498623835,20
2024-10-21,1.559270805648741,20
2024-10-22,1.5738854114544503,20
2024-10-23,1.5713387657708155,20
2024-10-24,1.5739122463838868,20
2024-10-25,1.5852390321648302,20
2024-10-28,1.5948681716516158,20
2024-10-29,1.5849535745120302,20
2024-10-30,1.578191332740086,20
2024-10-31,1.5763518774991372,20
2024-11-01,1.5630816616787437,20
2024-11-04,1.5719024343749608,16
2024-11-05,1.58481703718251,16
2024-11-06,1.5906915440307174,16
2024-11-07,1.6154038933497463,16
2024-11-08,1.6083897096279989,16
2024-11-11,1.616696758936282,16
2024-11-12,1.6171217463341536,16
2024-11-13,1.6203453986018745,16
2024-11-14,1.6007987811473927,16
2024-11-15,1.598891202962062,16
2024-11-18,1.5935436313959408,16
2024-11-19,1.6104414625842516,16
2024-11-20,1.6207344151776695,16
2024-11-21,1.619482579487797,16
2024-11-22,1.5890570381680145,16
2024-11-25,1.6037934226002108,16
2024-11-26,1.5949346825449404,16
2024-11-27,1.6059481695484068,16
2024-11-28,1.5998935829565069,16
2024-11-29,1.6147901232591406,16
2024-12-02,1.6258248984854065,16
2024-12-03,1.6338861877111186,13
2024-12-04,1.6289930135629134,13
2024-12-05,1.6380626769875926,13
2024-12-06,1.6398969713483713,13
2024-12-09,1.6417937391514832,13
2024-12-10,1.6577521091732867,13
2024-12-11,1.6752517067183994,13
2024-12-12,1.682541417086029,13
2024-12-13,1.6616129687400403,13
2024-12-16,1.664041509026774,13
2024-12-17,1.6439949235219256,13
2024-12-18,1.6421774601228267,13
2024-12-19,1.6359033163067584,13
2024-12-20,1.6423375353731713,13
2024-12-23,1.632380517263906,13
2024-12-24,1.6418380817256566,13
2024-12-25,1.6286291818519496,13
2024-12-26,1.6262875807158876,13
2024-12-27,1.6291077318418339,13
2024-12-30,1.6217533199631682,13
2024-12-31,1.6111357844741143,13
2025-01-02,1.594642176793036,13
2025-01-03,1.576452455002115,14
2025-01-06,1.5792177609672815,14
2025-01-07,1.5841808340864791,14
2025-01-08,1.578551734075958,14
2025-01-09,1.5726141094606427,14
2025-01-10,1.5501286992280037,14
2025-01-13,1.5539277910526088,14
2025-01-14,1.5848084505392326,14
2025-01-15,1.5788430223706535,14
2025-01-16,1.5876373058041513,14
2025-01-17,1.594709016563297,14
2025-01-20,1.604041241335104,14
2025-01-21,1.602910460014303,14
2025-01-22,1.5928753543561054,14
2025-01-23,1.5889341620582402,14
2025-01-24,1.5946283925752753,14
2025-01-27,1.6026345792796153,14
2025-02-05,1.5973027695526358,14
2025-02-06,1.6048222255638434,15
2025-02-07,1.6107245413142692,15
2025-02-10,1.6175788043614334,15
2025-02-11,1.6278961055548116,15
2025-02-12,1.6227770780745439,15
2025-02-13,1.6215928359076774,15
2025-02-14,1.6274546690441711,15
2025-02-17,1.6325856935774772,15
2025-02-18,1.6073379978236417,15
2025-02-19,1.61083789064901,15
2025-02-20,1.614206373298416,15
2025-02-21,1.6086706979816516,15
2025-02-24,1.6079796480182362,15
2025-02-25,1.5975882813407305,15
2025-02-26,1.6138892377589478,15
2025-02-27,1.6261765397285493,15
2025-02-28,1.5962397004025604,15
2025-03-03,1.6037797001681615,15
2025-03-04,1.6115388528403658,14
2025-03-05,1.6097276306083526,14
2025-03-06,1.6325372457552016,14
2025-03-07,1.6323027600329427,14
2025-03-10,1.6398840803384458,14
2025-03-11,1.6495058075873583,14
2025-03-12,1.6468795858919363,14
2025-03-13,1.6452480584104028,14
2025-03-14,1.6681359371679323,14
2025-03-17,1.674156043838559,14
2025-03-18,1.6874162554662184,14
2025-03-19,1.6933928315772508,14
2025-03-20,1.6854233278343964,14
2025-03-21,1.6730787239381302,14
2025-03-24,1.6685494816453368,14
2025-03-25,1.6722530610110093,14
2025-03-26,1.6806537798681973,14
2025-03-27,1.6850045715889028,14
2025-03-28,1.6779940001075053,14
2025-03-31,1.6621273373254046,14
2025-04-01,1.6802264119406511,14
2025-04-02,1.6837318290055305,11
2025-04-03,1.6856977008343867,11
2025-04-07,1.579422607174565,11
2025-04-08,1.6159539236514493,11
2025-04-09,1.6276405506095613,11
2025-04-10,1.6508936508917187,11
2025-04-11,1.6433595721909438,11
2025-04-14,1.6596736512859265,11
2025-04-15,1.666341806548307,11
2025-04-16,1.6688574027110303,11
2025-04-17,1.678731970978773,11
2025-04-18,1.6726083601556327,11
2025-04-21,1.6849730896018642,11
2025-04-22,1.7075860902548148,11
2025-04-23,1.7038470346744683,11
2025-04-24,1.713611391051098,11
2025-04-25,1.71030798569752,11
2025-04-28,1.6766143561200475,11
2025-04-29,1.6869609576163618,11
2025-04-30,1.6893122597965122,11
2025-05-06,1.7037896435622895,11
2025-05-07,1.7038455403708272,13
2025-05-08,1.7102396823924981,13
2025-05-09,1.7100514924985113,13
2025-05-12,1.7103891680527905,13
2025-05-13,1.7137594950455741,13
2025-05-14,1.7195249129255104,13
2025-05-15,1.719962972806056,13
2025-05-16,1.726050158435463,13
2025-05-19,1.730304195947986,13
2025-05-20,1.738132115513844,13
2025-05-21,1.7416376449085555,13
2025-05-22,1.730637021583575,13
2025-05-23,1.7269698564859004,13
2025-05-26,1.727876458482669,13
2025-05-27,1.7281183219148084,13
2025-05-28,1.7275959190979964,13
2025-05-29,1.7394893440938926,13
2025-05-30,1.7299412227967386,13
2025-06-03,1.737450998687961,13
2025-06-04,1.7455415101611977,11
2025-06-05,1.740622270793739,11
2025-06-06,1.740631106421917,11
2025-06-09,1.7481343106607437,11
2025-06-10,1.7464693504145052,11
2025-06-11,1.750227304214368,11
2025-06-12,1.7529237251613599,11
2025-06-13,1.7370366654825524,11
2025-06-16,1.7366586983460057,11
2025-06-17,1.7357292049390238,11
2025-06-18,1.7298014940594661,11
2025-06-19,1.711050552960433,11
2025-06-20,1.7100570408802134,11
2025-06-23,1.7152961864381329,11
2025-06-24,1.7342233400510858,11
2025-06-25,1.738838906887232,11
2025-06-26,1.7329197142968868,11
2025-06-27,1.7480185843296592,11
2025-06-30,1.7615357362900619,11
2025-07-01,1.7641197632021115,11
2025-07-02,1.7753284549931747,10
2025-07-03,1.788953079073459,10
2025-07-04,1.7685395380751905,10
2025-07-07,1.7677587025993113,10
2025-07-08,1.7736659766025449,10
2025-07-09,1.7657918648793258,10
2025-07-10,1.7677695998410925,10
2025-07-11,1.7657427972626738,10
2025-07-14,1.7832422276295683,10
2025-07-15,1.7842502732101417,10
2025-07-16,1.7957726525858335,10
2025-07-17,1.7941843385909102,10
2025-07-18,1.7892916002369461,10
2025-07-21,1.80666100242896,10
2025-07-22,1.8198024559732673,10
2025-07-23,1.8111577411936806,10
2025-07-24,1.8224262941390033,10
2025-07-25,1.8272825623658908,10
2025-07-28,1.8215421658566227,10
2025-07-29,1.8164107768289313,10
2025-07-30,1.8227880559248044,10
2025-07-31,1.8090732712723512,10
2025-08-01,1.8060817279115469,10
2025-08-04,1.8282713895994265,10
2025-08-05,1.8474626623677144,10
2025-08-06,1.8579026773348926,10
2025-08-07,1.8509963360709887,10
2025-08-08,1.8721730396007181,10
2025-08-11,1.8812864607689725,10
2025-08-12,1.9003307055067638,10
2025-08-13,1.904616338855677,10
2025-08-14,1.886918016861321,10
2025-08-15,1.9089383356548735,10
2025-08-18,1.9247758925329743,10
2025-08-19,1.9547837162662645,10
2025-08-20,1.9593668911025566,10
2025-08-21,1.9473827125417844,10
2025-08-22,1.9457790769577847,10
2025-08-25,1.9690463360146964,10
2025-08-26,1.9676891090141413,10
2025-08-27,1.926891172901967,10
2025-08-28,1.9220634774102254,10
2025-08-29,1.9282434797579222,10
2025-09-01,1.9463029427762077,10
2025-09-02,1.9478475408200155,7
2025-09-03,1.910238751270046,7
2025-09-04,1.907852580661067,7
2025-09-05,1.93208620453586,7
2025-09-08,1.944730273490164,7
2025-09-09,1.9351459540949643,7
2025-09-10,1.9269158772165236,7
2025-09-11,1.9494731162308951,7
2025-09-12,1.9473825284995592,7
2025-09-15,1.9528315582566989,7
2025-09-16,1.9670247837232795,7
2025-09-17,1.9749308813545006,7
2025-09-18,1.9403989079988126,7
2025-09-19,1.9365334599823678,7
2025-09-22,1.9424104233738917,7
2025-09-23,1.919450945808022,7
2025-09-24,1.945125337257206,7
2025-09-25,1.9373155772192217,7
2025-09-26,1.9244693150854846,7
2025-09-29,1.9492514407875552,7
2025-09-30,1.9501251372570594,7
2025-10-09,1.962418789559947,7
2025-10-10,1.9648786867134407,8
2025-10-13,1.9550250117359558,8
2025-10-14,1.9643228413419493,8
2025-10-15,1.9940158587661725,8
2025-10-16,1.9755567628327346,8
2025-10-17,1.9589158304432737,8
2025-10-20,1.9582576074707598,8
2025-10-21,1.9752157929104526,8
2025-10-22,1.9771093162952802,8
2025-10-23,1.995151289168902,8
2025-10-24,2.001283845474551,8
2025-10-27,2.0150720384564336,8
2025-10-28,1.996197411691361,8
2025-10-29,1.9993680523387038,8
2025-10-30,2.0263920730165887,8
2025-10-31,2.04542832905035,8
2025-11-03,2.0587870475158967,8
2025-11-04,2.039408234115338,5
2025-11-05,2.034174826523732,5
2025-11-06,2.024874519819901,5
2025-11-07,2.034849642210098,5
2025-11-10,2.0461020389154805,5
2025-11-11,2.0504355509451337,5
2025-11-12,2.0642706004870637,5
2025-11-13,2.0827946088948184,5
2025-11-14,2.0556542932915,5
2025-11-17,2.034060512990031,5
2025-11-18,2.012981674945335,5
2025-11-19,1.998368572547102,5
2025-11-20,1.9948558181790534,5
2025-11-21,1.9541369912885125,5
2025-11-24,1.9630416792626924,5
2025-11-25,1.9679116477321652,5
2025-11-26,1.9621556444577588,5
2025-11-27,1.9605137687413072,5
2025-11-28,1.964344915653987,5
2025-12-01,1.974268717592888,5
2025-12-02,1.9642206796398434,6
2025-12-03,1.9613151912987894,6
2025-12-04,1.9524993467243283,6
2025-12-05,1.9583606471034858,6
2025-12-08,1.953345375806018,6
2025-12-09,1.9393490998913323,6
2025-12-10,1.9435383986438755,6
2025-12-11,1.9233873694808257,6
2025-12-12,1.9336201838608145,6
2025-12-15,1.933934652324623,6
2025-12-16,1.9223484142523106,6
2025-12-17,1.9366956458313913,6
2025-12-18,1.9486066937581852,6
2025-12-19,1.962478135084388,6
2025-12-22,1.9567387892717714,6
2025-12-23,1.9489038971442478,6
2025-12-24,1.9542958977740743,6
2025-12-25,1.9548350549112545,6
2025-12-26,1.9514171978785149,6
2025-12-29,1.9397138766790407,6
2025-12-30,1.9392737341689439,6
2025-12-31,1.9395866554597463,6
